timestamp,quality,angle_deg,distance_mm
1785155415.044554949,9,181.328125,10257.250
1785155415.044554949,15,212.609375,3983.750
1785155415.044554949,15,217.546875,3580.500
1785155415.044554949,12,222.484375,3221.250
1785155415.044554949,15,225.812500,3032.750
1785155415.044554949,15,230.718750,2756.500
1785155415.044554949,14,232.343750,2703.500
1785155415.044554949,15,233.984375,2659.000
1785155415.044554949,15,235.640625,2598.750
1785155415.044554949,15,237.250000,2553.000
1785155415.044554949,15,238.906250,2513.750
1785155415.044554949,13,240.562500,2471.000
1785155415.044554949,15,242.203125,2438.000
1785155415.044554949,15,243.812500,2405.500
1785155415.044554949,15,245.500000,2359.500
1785155415.044554949,15,247.109375,2327.750
1785155415.044554949,14,248.750000,2308.750
1785155415.044554949,15,250.390625,2284.250
1785155415.044554949,15,255.703125,1408.250
1785155415.044554949,15,262.265625,1344.000
1785155415.044554949,15,263.968750,1329.750
1785155415.044554949,15,265.578125,1320.750
1785155415.044554949,15,267.187500,1310.500
1785155415.044554949,15,268.875000,1298.750
1785155415.044554949,15,270.515625,1291.500
1785155415.044554949,15,272.187500,1285.000
1785155415.044554949,15,277.046875,1273.750
1785155415.044554949,15,278.640625,1271.500
1785155415.044554949,15,280.312500,1270.000
1785155415.044554949,15,281.921875,1268.000
1785155415.044554949,15,289.625000,2269.000
1785155415.044554949,15,291.203125,2289.000
1785155415.044554949,12,292.843750,2311.250
1785155415.044554949,12,294.468750,2333.250
1785155415.044554949,9,296.078125,2362.500
1785155415.044554949,15,297.734375,2402.750
1785155415.044554949,15,299.406250,2431.250
1785155415.044554949,12,301.078125,2453.750
1785155415.044554949,15,302.671875,2490.250
1785155415.044554949,15,304.312500,2527.500
1785155415.044554949,15,305.937500,2568.500
1785155415.044554949,15,307.578125,2618.500
1785155415.044554949,12,309.203125,2659.000
1785155415.044554949,15,310.828125,2712.000
1785155415.044554949,9,312.453125,2773.750
1785155415.044554949,12,314.062500,2840.750
1785155415.044554949,15,315.718750,2913.750
1785155415.044554949,15,317.312500,2984.750
1785155415.044554949,15,318.937500,3052.500
1785155415.044554949,15,322.218750,3228.000
1785155415.044554949,8,323.812500,3324.750
1785155415.044554949,9,327.062500,3551.250
1785155415.156356096,15,354.687500,7352.750
1785155415.156356096,15,357.968750,7006.250
1785155415.156356096,15,359.593750,6964.250
1785155415.156356096,15,1.250000,6982.750
1785155415.156356096,15,2.875000,6974.750
1785155415.156356096,15,4.515625,6914.500
1785155415.156356096,15,6.156250,6794.500
1785155415.156356096,15,7.796875,6711.500
1785155415.156356096,15,9.437500,6718.750
1785155415.156356096,15,11.062500,6718.250
1785155415.156356096,15,12.671875,6734.000
1785155415.156356096,15,47.421875,105.750
1785155415.156356096,8,175.875000,10262.250
1785155415.156356096,15,212.046875,4020.250
1785155415.156356096,15,220.265625,3374.750
1785155415.156356096,15,225.234375,3039.500
1785155415.156356096,15,230.156250,2789.000
1785155415.156356096,15,231.796875,2735.250
1785155415.156356096,15,235.093750,2605.250
1785155415.156356096,15,236.703125,2565.500
1785155415.156356096,15,238.375000,2524.000
1785155415.156356096,14,240.000000,2486.000
1785155415.156356096,15,241.625000,2452.000
1785155415.156356096,15,243.281250,2417.500
1785155415.156356096,15,244.937500,2375.250
1785155415.156356096,15,246.546875,2340.000
1785155415.156356096,15,248.234375,2315.250
1785155415.156356096,15,249.828125,2292.000
1785155415.156356096,15,251.500000,2270.500
1785155415.156356096,15,255.171875,1425.250
1785155415.156356096,15,263.375000,1335.250
1785155415.156356096,15,265.000000,1323.750
1785155415.156356096,15,266.687500,1313.000
1785155415.156356096,15,268.312500,1302.250
1785155415.156356096,15,269.968750,1294.250
1785155415.156356096,15,271.562500,1289.000
1785155415.156356096,15,276.515625,1272.750
1785155415.156356096,15,278.109375,1277.000
1785155415.156356096,15,279.765625,1271.500
1785155415.156356096,15,281.406250,1266.000
1785155415.156356096,15,290.718750,2286.000
1785155415.156356096,14,292.312500,2305.750
1785155415.156356096,10,293.984375,2324.500
1785155415.156356096,11,295.593750,2352.000
1785155415.156356096,15,297.203125,2382.750
1785155415.156356096,15,298.906250,2416.250
1785155415.156356096,13,300.531250,2445.500
1785155415.156356096,15,302.171875,2477.000
1785155415.156356096,15,303.796875,2516.750
1785155415.156356096,12,305.406250,2552.500
1785155415.156356096,15,307.062500,2598.250
1785155415.156356096,13,308.687500,2642.750
1785155415.156356096,15,310.312500,2675.500
1785155415.156356096,13,311.937500,2733.500
1785155415.156356096,15,313.562500,2814.750
1785155415.156356096,11,315.171875,2883.500
1785155415.156356096,15,316.796875,2957.000
1785155415.156356096,13,318.453125,3026.250
1785155415.156356096,11,321.671875,3205.500
1785155415.156356096,5,324.953125,3396.000
1785155415.156356096,15,328.218750,3625.250
1785155415.156356096,9,331.468750,3903.000
1785155415.270967007,15,354.218750,7387.250
1785155415.270967007,15,359.140625,6994.250
1785155415.270967007,15,0.781250,7021.750
1785155415.270967007,15,2.421875,6973.750
1785155415.270967007,15,4.062500,6970.500
1785155415.270967007,15,7.343750,6704.000
1785155415.270967007,15,8.968750,6711.250
1785155415.270967007,15,10.546875,6701.500
1785155415.270967007,15,12.187500,6723.250
1785155415.270967007,15,13.812500,6780.000
1785155415.270967007,15,47.828125,106.250
1785155415.270967007,15,49.828125,104.250
1785155415.270967007,11,180.359375,10231.000
1785155415.270967007,7,182.000000,10198.000
1785155415.270967007,15,223.125000,3155.000
1785155415.270967007,14,224.781250,3074.000
1785155415.270967007,9,226.421875,2998.250
1785155415.270967007,15,229.718750,2823.750
1785155415.270967007,15,231.359375,2755.500
1785155415.270967007,13,233.000000,2690.500
1785155415.270967007,15,234.625000,2639.250
1785155415.270967007,15,236.281250,2585.500
1785155415.270967007,15,237.906250,2536.250
1785155415.270967007,12,239.578125,2490.500
1785155415.270967007,15,241.203125,2451.750
1785155415.270967007,15,242.843750,2423.750
1785155415.270967007,15,244.500000,2384.750
1785155415.270967007,15,246.109375,2346.500
1785155415.270967007,12,247.765625,2322.750
1785155415.270967007,15,249.390625,2301.000
1785155415.270967007,15,251.078125,2278.000
1785155415.270967007,15,254.687500,1426.000
1785155415.270967007,10,258.046875,1394.000
1785155415.270967007,15,261.296875,1360.250
1785155415.270967007,15,262.937500,1339.250
1785155415.270967007,15,264.593750,1327.000
1785155415.270967007,15,266.250000,1317.500
1785155415.270967007,15,267.921875,1305.250
1785155415.270967007,15,269.531250,1295.250
1785155415.270967007,15,271.156250,1290.250
1785155415.270967007,15,272.812500,1284.000
1785155415.270967007,15,275.968750,1279.000
1785155415.270967007,15,277.656250,1270.000
1785155415.270967007,15,279.312500,1261.250
1785155415.270967007,15,280.953125,1269.000
1785155415.270967007,15,288.578125,2258.000
1785155415.270967007,15,290.218750,2278.500
1785155415.270967007,12,291.828125,2300.000
1785155415.270967007,15,293.453125,2321.000
1785155415.270967007,13,295.046875,2343.500
1785155415.270967007,13,296.703125,2368.250
1785155415.270967007,13,298.312500,2402.000
1785155415.270967007,15,300.046875,2436.250
1785155415.270967007,11,301.671875,2471.000
1785155415.270967007,11,303.312500,2507.500
1785155415.270967007,12,304.921875,2540.000
1785155415.270967007,15,306.562500,2585.500
1785155415.270967007,15,308.171875,2629.250
1785155415.270967007,15,309.796875,2669.250
1785155415.270967007,9,311.406250,2726.500
1785155415.270967007,15,313.062500,2799.250
1785155415.270967007,10,314.703125,2866.500
1785155415.270967007,9,316.312500,2934.000
1785155415.270967007,10,317.937500,3007.500
1785155415.270967007,13,321.187500,3175.500
1785155415.270967007,15,324.484375,3370.250
1785155415.270967007,8,335.859375,4398.250
1785155415.381299019,7,355.421875,7407.750
1785155415.381299019,15,358.718750,6980.250
1785155415.381299019,15,0.359375,6963.750
1785155415.381299019,15,2.000000,6956.250
1785155415.381299019,15,3.640625,6967.000
1785155415.381299019,15,6.921875,6730.250
1785155415.381299019,15,8.578125,6706.500
1785155415.381299019,15,10.203125,6728.250
1785155415.381299019,15,11.750000,6741.250
1785155415.381299019,15,13.375000,6762.750
1785155415.381299019,8,16.609375,8884.750
1785155415.381299019,15,47.171875,106.500
1785155415.381299019,15,49.031250,104.750
1785155415.381299019,15,186.421875,10477.500
1785155415.381299019,15,212.750000,3975.750
1785155415.381299019,15,217.687500,3570.750
1785155415.381299019,15,222.625000,3215.500
1785155415.381299019,15,225.906250,3030.250
1785155415.381299019,15,232.500000,2691.500
1785155415.381299019,15,234.140625,2649.750
1785155415.381299019,11,235.812500,2595.000
1785155415.381299019,15,237.421875,2548.500
1785155415.381299019,10,239.093750,2506.500
1785155415.381299019,14,240.703125,2466.000
1785155415.381299019,14,242.359375,2434.750
1785155415.381299019,11,244.000000,2400.250
1785155415.381299019,15,245.656250,2358.250
1785155415.381299019,14,247.312500,2328.500
1785155415.381299019,15,248.921875,2308.750
1785155415.381299019,15,250.546875,2284.750
1785155415.381299019,15,255.937500,1410.750
1785155415.381299019,15,262.484375,1343.750
1785155415.381299019,15,264.125000,1328.750
1785155415.381299019,15,265.765625,1318.500
1785155415.381299019,15,267.390625,1307.750
1785155415.381299019,15,269.046875,1297.000
1785155415.381299019,15,270.687500,1289.750
1785155415.381299019,15,272.390625,1284.000
1785155415.381299019,15,277.203125,1268.500
1785155415.381299019,15,278.781250,1269.250
1785155415.381299019,15,280.375000,1275.750
1785155415.381299019,15,282.031250,1268.250
1785155415.381299019,15,289.687500,2274.000
1785155415.381299019,15,291.328125,2293.500
1785155415.381299019,13,292.953125,2313.750
1785155415.381299019,15,294.546875,2334.000
1785155415.381299019,9,296.171875,2363.250
1785155415.381299019,15,297.796875,2402.750
1785155415.381299019,12,299.546875,2432.250
1785155415.381299019,15,301.187500,2459.250
1785155415.381299019,15,302.812500,2494.750
1785155415.381299019,13,304.437500,2530.000
1785155415.381299019,15,306.062500,2570.750
1785155415.381299019,15,307.671875,2618.250
1785155415.381299019,13,309.296875,2659.500
1785155415.381299019,15,310.921875,2713.000
1785155415.381299019,15,312.562500,2782.250
1785155415.381299019,15,314.187500,2850.000
1785155415.381299019,15,315.796875,2920.250
1785155415.381299019,9,317.421875,2991.750
1785155415.381299019,8,319.062500,3059.250
1785155415.381299019,15,322.312500,3235.500
1785155415.381299019,15,327.250000,3568.750
1785155415.381299019,12,328.859375,3678.250
1785155415.496867180,15,354.921875,7358.500
1785155415.496867180,15,358.203125,7013.750
1785155415.496867180,15,359.859375,6969.750
1785155415.496867180,15,1.500000,7017.000
1785155415.496867180,15,3.125000,7012.500
1785155415.496867180,15,4.765625,6900.500
1785155415.496867180,15,6.421875,6771.250
1785155415.496867180,15,8.046875,6698.250
1785155415.496867180,15,9.703125,6704.500
1785155415.496867180,15,11.234375,6715.250
1785155415.496867180,15,12.875000,6752.750
1785155415.496867180,15,46.640625,107.750
1785155415.496867180,15,47.718750,105.250
1785155415.496867180,7,174.531250,10206.500
1785155415.496867180,13,204.062500,5103.500
1785155415.496867180,15,212.281250,4004.000
1785155415.496867180,14,222.203125,3227.250
1785155415.496867180,14,225.468750,3037.750
1785155415.496867180,11,230.437500,2775.000
1785155415.496867180,15,232.093750,2722.750
1785155415.496867180,15,233.734375,2659.000
1785155415.496867180,12,235.359375,2602.750
1785155415.496867180,15,236.984375,2561.000
1785155415.496867180,15,238.640625,2516.750
1785155415.496867180,15,240.312500,2479.250
1785155415.496867180,15,241.921875,2446.750
1785155415.496867180,15,243.562500,2407.750
1785155415.496867180,13,245.203125,2365.000
1785155415.496867180,14,246.828125,2336.000
1785155415.496867180,15,248.484375,2312.250
1785155415.496867180,15,250.156250,2288.250
1785155415.496867180,15,251.781250,2268.500
1785155415.496867180,15,255.421875,1422.750
1785155415.496867180,13,258.750000,1384.000
1785155415.496867180,15,262.015625,1351.250
1785155415.496867180,15,263.640625,1331.250
1785155415.496867180,15,265.328125,1322.000
1785155415.496867180,15,266.953125,1310.250
1785155415.496867180,15,268.562500,1300.250
1785155415.496867180,15,270.203125,1292.250
1785155415.496867180,15,271.812500,1283.250
1785155415.496867180,15,276.718750,1268.000
1785155415.496867180,15,278.343750,1272.750
1785155415.496867180,15,279.937500,1269.750
1785155415.496867180,15,281.562500,1261.750
1785155415.496867180,15,290.843750,2285.750
1785155415.496867180,11,292.484375,2305.500
1785155415.496867180,12,294.109375,2324.250
1785155415.496867180,13,295.703125,2351.750
1785155415.496867180,15,297.328125,2392.250
1785155415.496867180,15,299.078125,2428.000
1785155415.496867180,11,300.718750,2449.000
1785155415.496867180,15,302.328125,2481.000
1785155415.496867180,13,303.968750,2522.500
1785155415.496867180,9,305.593750,2563.500
1785155415.496867180,13,307.218750,2607.750
1785155415.496867180,15,308.859375,2648.500
1785155415.496867180,15,310.453125,2690.750
1785155415.496867180,10,312.109375,2747.500
1785155415.496867180,15,313.703125,2825.250
1785155415.496867180,8,315.359375,2892.250
1785155415.496867180,15,318.609375,3036.500
1785155415.496867180,15,321.843750,3218.500
1785155415.496867180,14,323.484375,3311.000
1785155415.496867180,10,326.750000,3530.250
1785155415.607976913,15,354.343750,7389.000
1785155415.607976913,15,357.640625,6996.000
1785155415.607976913,15,359.265625,6986.500
1785155415.607976913,15,0.906250,6985.000
1785155415.607976913,15,2.531250,6986.000
1785155415.607976913,15,4.171875,6980.500
1785155415.607976913,15,7.453125,6722.750
1785155415.607976913,15,9.093750,6710.250
1785155415.607976913,15,10.671875,6708.750
1785155415.607976913,15,12.312500,6746.000
1785155415.607976913,15,13.953125,6793.250
1785155415.607976913,15,48.125000,106.250
1785155415.607976913,15,185.296875,10475.750
1785155415.607976913,15,224.812500,3072.250
1785155415.607976913,15,229.750000,2815.250
1785155415.607976913,15,231.421875,2747.750
1785155415.607976913,15,233.078125,2681.250
1785155415.607976913,15,234.734375,2622.000
1785155415.607976913,15,236.359375,2575.250
1785155415.607976913,15,238.000000,2536.250
1785155415.607976913,12,239.640625,2490.250
1785155415.607976913,15,241.265625,2451.000
1785155415.607976913,15,242.937500,2423.250
1785155415.607976913,15,244.546875,2384.250
1785155415.607976913,15,246.203125,2345.500
1785155415.607976913,15,247.875000,2321.250
1785155415.607976913,15,249.500000,2296.000
1785155415.607976913,15,251.125000,2273.250
1785155415.607976913,15,254.765625,1425.250
1785155415.607976913,15,258.015625,1393.500
1785155415.607976913,15,261.312500,1360.000
1785155415.607976913,15,263.031250,1339.250
1785155415.607976913,15,264.609375,1327.250
1785155415.607976913,15,266.296875,1317.500
1785155415.607976913,15,267.906250,1305.000
1785155415.607976913,15,269.546875,1295.250
1785155415.607976913,15,271.203125,1290.500
1785155415.607976913,15,272.828125,1284.250
1785155415.607976913,15,276.046875,1279.250
1785155415.607976913,15,277.687500,1270.000
1785155415.607976913,15,279.296875,1260.750
1785155415.607976913,15,280.953125,1269.500
1785155415.607976913,15,288.578125,2258.000
1785155415.607976913,15,290.234375,2278.500
1785155415.607976913,14,291.843750,2300.000
1785155415.607976913,15,293.468750,2320.750
1785155415.607976913,13,295.078125,2343.500
1785155415.607976913,14,296.718750,2368.000
1785155415.607976913,15,298.328125,2402.500
1785155415.607976913,13,300.093750,2438.000
1785155415.607976913,15,301.718750,2472.500
1785155415.607976913,15,303.359375,2508.000
1785155415.607976913,13,304.984375,2539.000
1785155415.607976913,15,306.609375,2585.250
1785155415.607976913,14,308.234375,2630.000
1785155415.607976913,14,309.859375,2668.000
1785155415.607976913,11,311.515625,2727.750
1785155415.607976913,15,313.140625,2807.000
1785155415.607976913,9,314.781250,2872.500
1785155415.607976913,15,316.406250,2935.750
1785155415.607976913,12,318.015625,3009.000
1785155415.607976913,10,321.265625,3176.250
1785155415.607976913,15,324.515625,3376.000
1785155415.607976913,15,327.781250,3605.000
1785155415.607976913,8,335.906250,4399.000
1785155415.722710133,11,355.390625,7411.000
1785155415.722710133,15,358.671875,6979.250
1785155415.722710133,15,0.328125,6935.500
1785155415.722710133,15,1.953125,6928.750
1785155415.722710133,15,3.593750,6970.250
1785155415.722710133,15,6.859375,6734.000
1785155415.722710133,15,8.515625,6709.000
1785155415.722710133,15,10.140625,6727.500
1785155415.722710133,15,11.734375,6742.500
1785155415.722710133,15,47.390625,106.500
1785155415.722710133,15,49.203125,104.750
1785155415.722710133,15,186.421875,10479.500
1785155415.722710133,15,217.750000,3566.750
1785155415.722710133,15,222.718750,3196.000
1785155415.722710133,15,224.375000,3105.250
1785155415.722710133,15,226.000000,3021.000
1785155415.722710133,13,232.562500,2691.000
1785155415.722710133,15,234.218750,2649.250
1785155415.722710133,11,235.875000,2594.500
1785155415.722710133,14,237.500000,2548.750
1785155415.722710133,12,239.156250,2506.250
1785155415.722710133,15,240.781250,2466.250
1785155415.722710133,14,242.406250,2436.500
1785155415.722710133,12,244.078125,2397.000
1785155415.722710133,13,245.718750,2355.000
1785155415.722710133,15,247.375000,2328.500
1785155415.722710133,15,248.968750,2304.000
1785155415.722710133,15,250.609375,2280.500
1785155415.722710133,15,255.953125,1410.500
1785155415.722710133,15,262.531250,1343.500
1785155415.722710133,15,264.109375,1328.750
1785155415.722710133,15,265.796875,1318.250
1785155415.722710133,15,267.421875,1308.000
1785155415.722710133,15,269.062500,1297.000
1785155415.722710133,15,270.687500,1289.750
1785155415.722710133,15,272.312500,1284.000
1785155415.722710133,15,277.265625,1265.750
1785155415.722710133,15,278.906250,1268.750
1785155415.722710133,15,280.500000,1275.500
1785155415.722710133,15,282.203125,1268.000
1785155415.722710133,15,289.796875,2274.500
1785155415.722710133,15,291.437500,2291.250
1785155415.722710133,11,293.062500,2311.750
1785155415.722710133,12,294.656250,2337.750
1785155415.722710133,11,296.281250,2366.750
1785155415.722710133,14,297.921875,2406.500
1785155415.722710133,10,299.656250,2436.000
1785155415.722710133,10,301.296875,2461.500
1785155415.722710133,15,302.921875,2496.750
1785155415.722710133,12,304.578125,2528.750
1785155415.722710133,15,306.187500,2574.750
1785155415.722710133,15,307.796875,2624.250
1785155415.722710133,15,309.453125,2666.500
1785155415.722710133,15,311.062500,2719.500
1785155415.722710133,9,312.718750,2781.000
1785155415.722710133,12,314.328125,2850.750
1785155415.722710133,9,315.968750,2922.500
1785155415.722710133,15,317.578125,2993.250
1785155415.722710133,15,319.234375,3073.750
1785155415.722710133,11,320.843750,3154.250
1785155415.722710133,8,324.093750,3344.000
1785155415.722710133,15,327.328125,3569.250
1785155415.722710133,12,328.984375,3679.000
1785155415.834769011,15,355.000000,7356.750
1785155415.834769011,15,358.281250,7011.000
1785155415.834769011,15,359.921875,6964.000
1785155415.834769011,15,1.546875,6985.000
1785155415.834769011,15,3.203125,6986.000
1785155415.834769011,14,4.843750,6899.500
1785155415.834769011,15,6.484375,6766.500
1785155415.834769011,15,8.125000,6699.000
1785155415.834769011,15,9.750000,6707.250
1785155415.834769011,15,11.359375,6722.250
1785155415.834769011,15,18.015625,4484.500
1785155415.834769011,15,45.843750,107.500
1785155415.834769011,15,47.453125,105.250
1785155415.834769011,9,181.281250,10258.750
1785155415.834769011,15,212.546875,3983.250
1785155415.834769011,14,222.437500,3223.000
1785155415.834769011,15,225.718750,3034.500
1785155415.834769011,15,230.656250,2763.250
1785155415.834769011,15,232.281250,2713.500
1785155415.834769011,15,233.921875,2658.250
1785155415.834769011,14,235.562500,2596.000
1785155415.834769011,12,237.171875,2553.000
1785155415.834769011,15,238.812500,2514.250
1785155415.834769011,14,240.453125,2471.500
1785155415.834769011,14,242.093750,2438.250
1785155415.834769011,15,243.765625,2405.500
1785155415.834769011,14,245.406250,2359.250
1785155415.834769011,12,247.031250,2328.000
1785155415.834769011,14,248.687500,2310.500
1785155415.834769011,15,250.328125,2287.250
1785155415.834769011,14,251.968750,2268.250
1785155415.834769011,15,255.625000,1414.250
1785155415.834769011,15,262.265625,1343.500
1785155415.834769011,15,263.890625,1329.500
1785155415.834769011,15,265.546875,1320.750
1785155415.834769011,15,267.171875,1310.750
1785155415.834769011,15,268.765625,1299.000
1785155415.834769011,15,270.453125,1291.500
1785155415.834769011,15,272.078125,1284.500
1785155415.834769011,15,277.031250,1273.000
1785155415.834769011,15,278.656250,1271.750
1785155415.834769011,15,280.281250,1270.000
1785155415.834769011,15,281.906250,1268.000
1785155415.834769011,15,289.578125,2270.250
1785155415.834769011,15,291.203125,2289.250
1785155415.834769011,12,292.828125,2308.250
1785155415.834769011,12,294.468750,2331.000
1785155415.834769011,9,296.109375,2363.250
1785155415.834769011,15,297.687500,2402.500
1785155415.834769011,15,299.421875,2430.500
1785155415.834769011,11,301.015625,2454.250
1785155415.834769011,15,302.671875,2491.000
1785155415.834769011,15,304.281250,2527.250
1785155415.834769011,15,305.906250,2567.250
1785155415.834769011,15,307.562500,2617.250
1785155415.834769011,12,309.203125,2658.250
1785155415.834769011,12,310.828125,2711.750
1785155415.834769011,11,312.453125,2774.000
1785155415.834769011,13,314.078125,2840.500
1785155415.834769011,15,315.687500,2912.000
1785155415.834769011,15,317.328125,2983.000
1785155415.834769011,15,318.937500,3052.750
1785155415.834769011,15,322.203125,3230.500
1785155415.834769011,9,323.843750,3327.500
1785155415.834769011,15,327.109375,3551.500
1785155415.945379019,15,354.765625,7381.750
1785155415.945379019,15,358.062500,7004.000
1785155415.945379019,15,359.703125,6965.000
1785155415.945379019,15,1.328125,6986.250
1785155415.945379019,15,2.968750,6975.750
1785155415.945379019,15,4.625000,6910.250
1785155415.945379019,15,6.265625,6790.250
1785155415.945379019,15,7.890625,6699.500
1785155415.945379019,15,9.546875,6704.500
1785155415.945379019,15,11.156250,6718.500
1785155415.945379019,15,46.890625,105.500
1785155415.945379019,7,174.484375,10218.250
1785155415.945379019,11,204.093750,5099.750
1785155415.945379019,15,212.343750,3995.000
1785155415.945379019,15,222.265625,3227.000
1785155415.945379019,15,225.546875,3039.000
1785155415.945379019,15,230.421875,2775.000
1785155415.945379019,14,232.078125,2722.250
1785155415.945379019,15,233.718750,2659.500
1785155415.945379019,11,235.343750,2602.750
1785155415.945379019,15,237.015625,2560.750
1785155415.945379019,15,238.640625,2517.000
1785155415.945379019,15,240.281250,2480.000
1785155415.945379019,15,241.921875,2447.750
1785155415.945379019,15,243.562500,2408.250
1785155415.945379019,13,245.203125,2365.000
1785155415.945379019,14,246.859375,2335.750
1785155415.945379019,15,248.468750,2312.500
1785155415.945379019,15,250.093750,2288.500
1785155415.945379019,15,251.765625,2268.500
1785155415.945379019,15,255.406250,1422.750
1785155415.945379019,15,258.687500,1383.500
1785155415.945379019,15,262.062500,1350.750
1785155415.945379019,15,263.640625,1331.250
1785155415.945379019,15,265.265625,1322.000
1785155415.945379019,15,266.968750,1310.250
1785155415.945379019,15,268.593750,1300.000
1785155415.945379019,15,270.171875,1292.500
1785155415.945379019,15,271.890625,1284.000
1785155415.945379019,15,276.765625,1268.500
1785155415.945379019,15,278.421875,1272.750
1785155415.945379019,15,280.046875,1270.000
1785155415.945379019,15,281.625000,1262.250
1785155415.945379019,15,290.953125,2288.250
1785155415.945379019,12,292.562500,2308.500
1785155415.945379019,11,294.187500,2328.500
1785155415.945379019,12,295.828125,2356.750
1785155415.945379019,15,297.437500,2394.500
1785155415.945379019,15,299.125000,2428.000
1785155415.945379019,11,300.765625,2453.000
1785155415.945379019,15,302.406250,2488.250
1785155415.945379019,15,304.031250,2525.500
1785155415.945379019,9,305.640625,2563.000
1785155415.945379019,14,307.281250,2607.500
1785155415.945379019,15,308.921875,2649.000
1785155415.945379019,15,310.546875,2692.500
1785155415.945379019,11,312.140625,2749.750
1785155415.945379019,15,313.781250,2826.500
1785155415.945379019,8,315.406250,2894.250
1785155415.945379019,14,318.656250,3044.000
1785155415.945379019,15,321.890625,3221.500
1785155415.945379019,8,323.531250,3311.500
1785155415.945379019,11,326.796875,3531.250
1785155415.945379019,9,331.687500,3935.000
1785155416.060083866,15,354.500000,7371.500
1785155416.060083866,15,357.781250,6966.500
1785155416.060083866,15,359.437500,6961.500
1785155416.060083866,15,1.062500,6992.500
1785155416.060083866,15,2.703125,6975.500
1785155416.060083866,15,4.343750,6988.250
1785155416.060083866,15,7.640625,6718.750
1785155416.060083866,15,9.281250,6711.000
1785155416.060083866,15,10.843750,6703.750
1785155416.060083866,15,48.109375,106.000
1785155416.060083866,15,212.062500,4020.500
1785155416.060083866,15,220.296875,3376.750
1785155416.060083866,15,225.250000,3040.750
1785155416.060083866,15,230.156250,2789.250
1785155416.060083866,15,231.812500,2735.750
1785155416.060083866,14,235.125000,2603.250
1785155416.060083866,15,236.765625,2565.250
1785155416.060083866,15,238.406250,2524.500
1785155416.060083866,14,240.031250,2486.000
1785155416.060083866,15,241.656250,2451.500
1785155416.060083866,15,243.312500,2416.750
1785155416.060083866,15,244.937500,2374.250
1785155416.060083866,15,246.593750,2340.000
1785155416.060083866,15,248.250000,2311.750
1785155416.060083866,15,249.843750,2290.250
1785155416.060083866,15,251.562500,2273.000
1785155416.060083866,15,255.171875,1425.250
1785155416.060083866,15,263.421875,1335.250
1785155416.060083866,15,265.078125,1324.000
1785155416.060083866,15,266.687500,1312.500
1785155416.060083866,15,268.359375,1300.500
1785155416.060083866,15,270.015625,1293.500
1785155416.060083866,15,271.656250,1289.000
1785155416.060083866,15,276.453125,1273.000
1785155416.060083866,15,278.140625,1277.250
1785155416.060083866,15,279.734375,1271.250
1785155416.060083866,15,281.343750,1265.500
1785155416.060083866,15,290.625000,2279.250
1785155416.060083866,13,292.296875,2297.750
1785155416.060083866,9,293.890625,2324.250
1785155416.060083866,11,295.546875,2351.250
1785155416.060083866,15,297.156250,2379.500
1785155416.060083866,15,298.859375,2414.250
1785155416.060083866,14,300.468750,2445.750
1785155416.060083866,15,302.109375,2477.000
1785155416.060083866,15,303.734375,2514.000
1785155416.060083866,11,305.359375,2544.750
1785155416.060083866,15,306.984375,2590.000
1785155416.060083866,13,308.609375,2640.500
1785155416.060083866,15,310.265625,2676.000
1785155416.060083866,11,311.859375,2734.000
1785155416.060083866,15,313.500000,2814.500
1785155416.060083866,11,315.109375,2882.250
1785155416.060083866,15,316.718750,2956.000
1785155416.060083866,10,318.359375,3026.000
1785155416.060083866,10,321.593750,3196.750
1785155416.060083866,5,324.921875,3394.750
1785155416.060083866,15,328.187500,3625.250
1785155416.060083866,8,331.437500,3900.500
1785155416.171669006,15,354.234375,7387.750
1785155416.171669006,15,359.156250,6966.750
1785155416.171669006,15,0.796875,6992.000
1785155416.171669006,15,2.437500,6974.250
1785155416.171669006,15,4.062500,6970.250
1785155416.171669006,15,7.359375,6721.500
1785155416.171669006,15,9.015625,6712.500
1785155416.171669006,15,10.562500,6704.250
1785155416.171669006,15,46.296875,106.250
1785155416.171669006,8,175.531250,10231.000
1785155416.171669006,8,182.031250,10197.500
1785155416.171669006,15,224.812500,3070.500
1785155416.171669006,15,229.781250,2815.000
1785155416.171669006,15,231.437500,2747.500
1785155416.171669006,15,233.093750,2681.000
1785155416.171669006,15,234.718750,2621.750
1785155416.171669006,15,236.375000,2575.000
1785155416.171669006,15,238.031250,2536.000
1785155416.171669006,13,239.671875,2490.500
1785155416.171669006,15,241.312500,2451.750
1785155416.171669006,15,242.953125,2424.000
1785155416.171669006,15,244.593750,2384.000
1785155416.171669006,15,246.234375,2343.500
1785155416.171669006,11,247.875000,2320.000
1785155416.171669006,15,249.531250,2295.750
1785155416.171669006,15,251.171875,2272.500
1785155416.171669006,15,254.796875,1425.000
1785155416.171669006,12,258.156250,1393.500
1785155416.171669006,15,261.421875,1360.000
1785155416.171669006,15,263.078125,1338.250
1785155416.171669006,15,264.718750,1325.000
1785155416.171669006,15,266.359375,1314.500
1785155416.171669006,15,268.015625,1303.000
1785155416.171669006,15,269.625000,1294.250
1785155416.171669006,15,271.328125,1289.750
1785155416.171669006,15,272.953125,1283.750
1785155416.171669006,15,276.140625,1278.250
1785155416.171669006,15,277.828125,1268.000
1785155416.171669006,15,279.406250,1260.250
1785155416.171669006,15,281.031250,1270.500
1785155416.171669006,15,288.703125,2259.000
1785155416.171669006,15,290.312500,2278.750
1785155416.171669006,15,291.968750,2299.250
1785155416.171669006,14,293.593750,2322.500
1785155416.171669006,13,295.171875,2347.000
1785155416.171669006,13,296.828125,2370.500
1785155416.171669006,15,298.421875,2401.500
1785155416.171669006,14,300.125000,2436.000
1785155416.171669006,15,301.781250,2474.500
1785155416.171669006,15,303.406250,2510.000
1785155416.171669006,13,305.062500,2542.500
1785155416.171669006,15,306.687500,2588.000
1785155416.171669006,15,308.296875,2631.750
1785155416.171669006,15,309.921875,2672.000
1785155416.171669006,13,311.531250,2729.250
1785155416.171669006,15,313.171875,2806.500
1785155416.171669006,10,314.781250,2872.250
1785155416.171669006,15,316.437500,2935.250
1785155416.171669006,13,318.046875,3009.250
1785155416.171669006,11,321.296875,3175.000
1785155416.171669006,6,324.593750,3381.000
1785155416.171669006,9,335.984375,4417.750
1785155416.281996965,15,358.765625,6981.000
1785155416.281996965,15,0.406250,6967.750
1785155416.281996965,15,2.046875,6962.250
1785155416.281996965,15,3.671875,6970.000
1785155416.281996965,15,6.953125,6729.750
1785155416.281996965,15,8.593750,6712.250
1785155416.281996965,15,10.250000,6727.000
1785155416.281996965,11,16.671875,8851.750
1785155416.281996965,15,45.734375,106.500
1785155416.281996965,15,50.718750,101.500
1785155416.281996965,9,175.234375,10220.250
1785155416.281996965,10,181.750000,10295.000
1785155416.281996965,12,211.359375,4083.250
1785155416.281996965,15,222.906250,3184.500
1785155416.281996965,15,226.203125,3008.000
1785155416.281996965,15,229.531250,2835.500
1785155416.281996965,15,231.187500,2752.750
1785155416.281996965,15,232.796875,2688.000
1785155416.281996965,15,234.453125,2640.000
1785155416.281996965,12,236.093750,2587.750
1785155416.281996965,15,237.750000,2537.750
1785155416.281996965,11,239.421875,2496.250
1785155416.281996965,13,241.031250,2459.750
1785155416.281996965,15,242.687500,2428.500
1785155416.281996965,14,244.328125,2389.250
1785155416.281996965,15,245.953125,2350.750
1785155416.281996965,15,247.609375,2328.250
1785155416.281996965,15,249.265625,2307.250
1785155416.281996965,15,250.890625,2281.750
1785155416.281996965,15,254.593750,1428.000
1785155416.281996965,15,262.796875,1339.000
1785155416.281996965,15,264.453125,1327.500
1785155416.281996965,15,266.062500,1319.500
1785155416.281996965,15,267.656250,1307.500
1785155416.281996965,15,269.343750,1297.000
1785155416.281996965,15,270.937500,1290.000
1785155416.281996965,15,272.609375,1284.250
1785155416.281996965,15,277.500000,1269.750
1785155416.281996965,15,279.093750,1265.250
1785155416.281996965,15,280.750000,1272.250
1785155416.281996965,9,282.406250,1276.500
1785155416.281996965,15,284.000000,1285.750
1785155416.281996965,15,290.015625,2278.250
1785155416.281996965,15,291.687500,2294.250
1785155416.281996965,13,293.281250,2315.250
1785155416.281996965,15,294.921875,2341.250
1785155416.281996965,11,296.515625,2368.500
1785155416.281996965,15,298.140625,2405.250
1785155416.281996965,15,299.906250,2437.500
1785155416.281996965,15,301.562500,2468.500
1785155416.281996965,11,303.156250,2505.250
1785155416.281996965,15,304.796875,2539.500
1785155416.281996965,15,306.453125,2581.250
1785155416.281996965,15,308.046875,2624.000
1785155416.281996965,13,309.687500,2668.000
1785155416.281996965,11,311.296875,2726.250
1785155416.281996965,15,312.968750,2798.500
1785155416.281996965,12,314.562500,2865.250
1785155416.281996965,15,316.218750,2931.750
1785155416.281996965,10,317.828125,3004.500
1785155416.281996965,10,321.109375,3166.250
1785155416.281996965,5,324.359375,3369.000
1785155416.281996965,15,327.609375,3599.500
1785155416.281996965,12,329.250000,3708.250
1785155416.281996965,11,335.750000,4392.750
1785155416.281996965,10,340.640625,5104.250
1785155416.397401094,15,355.250000,7365.250
1785155416.397401094,15,358.531250,6985.250
1785155416.397401094,15,0.171875,6933.250
1785155416.397401094,15,1.812500,6936.000
1785155416.397401094,15,3.437500,6983.000
1785155416.397401094,15,5.093750,6892.750
1785155416.397401094,15,6.734375,6739.250
1785155416.397401094,15,8.390625,6696.000
1785155416.397401094,8,16.437500,8852.250
1785155416.397401094,15,45.531250,107.000
1785155416.397401094,15,49.265625,104.750
1785155416.397401094,15,186.421875,10483.750
1785155416.397401094,15,217.765625,3565.250
1785155416.397401094,15,222.703125,3199.000
1785155416.397401094,15,224.375000,3107.000
1785155416.397401094,15,226.015625,3022.000
1785155416.397401094,14,232.609375,2692.000
1785155416.397401094,15,234.234375,2649.000
1785155416.397401094,13,235.890625,2593.750
1785155416.397401094,13,237.546875,2547.500
1785155416.397401094,13,239.187500,2504.750
1785155416.397401094,15,240.828125,2465.750
1785155416.397401094,15,242.468750,2436.500
1785155416.397401094,11,244.125000,2398.000
1785155416.397401094,12,245.734375,2356.000
1785155416.397401094,15,247.390625,2329.250
1785155416.397401094,15,249.062500,2304.500
1785155416.397401094,15,250.671875,2281.250
1785155416.397401094,8,255.953125,1410.250
1785155416.397401094,15,262.500000,1344.500
1785155416.397401094,15,264.203125,1328.500
1785155416.397401094,15,265.875000,1318.000
1785155416.397401094,15,267.468750,1307.000
1785155416.397401094,15,269.093750,1297.000
1785155416.397401094,15,270.734375,1290.000
1785155416.397401094,15,272.390625,1284.250
1785155416.397401094,15,277.281250,1265.750
1785155416.397401094,15,278.890625,1268.750
1785155416.397401094,15,280.562500,1275.500
1785155416.397401094,15,282.156250,1268.000
1785155416.397401094,15,289.843750,2274.500
1785155416.397401094,15,291.484375,2290.250
1785155416.397401094,13,293.093750,2310.250
1785155416.397401094,9,294.718750,2337.000
1785155416.397401094,15,296.343750,2367.000
1785155416.397401094,15,297.968750,2407.000
1785155416.397401094,12,299.750000,2435.500
1785155416.397401094,9,301.359375,2460.750
1785155416.397401094,15,303.015625,2495.500
1785155416.397401094,15,304.625000,2528.750
1785155416.397401094,15,306.281250,2574.250
1785155416.397401094,15,307.906250,2623.250
1785155416.397401094,15,309.531250,2668.250
1785155416.397401094,13,311.171875,2723.500
1785155416.397401094,15,312.765625,2787.250
1785155416.397401094,12,314.390625,2854.750
1785155416.397401094,9,316.031250,2922.000
1785155416.397401094,11,317.687500,2993.000
1785155416.397401094,15,319.296875,3074.250
1785155416.397401094,14,320.953125,3154.000
1785155416.397401094,7,324.203125,3359.250
1785155416.397401094,9,329.078125,3690.000
1785155416.397401094,12,340.453125,5080.750
1785155416.507966042,15,355.109375,7352.250
1785155416.507966042,15,358.390625,7014.000
1785155416.507966042,15,0.046875,6994.000
1785155416.507966042,15,1.671875,6962.250
1785155416.507966042,15,3.312500,6954.500
1785155416.507966042,15,4.953125,6898.500
1785155416.507966042,15,6.593750,6763.000
1785155416.507966042,15,47.171875,107.250
1785155416.507966042,15,48.812500,105.000
1785155416.507966042,15,217.671875,3568.000
1785155416.507966042,15,222.640625,3215.500
1785155416.507966042,15,225.937500,3025.250
1785155416.507966042,15,227.562500,2942.500
1785155416.507966042,15,232.500000,2692.250
1785155416.507966042,15,234.140625,2650.250
1785155416.507966042,11,235.796875,2595.000
1785155416.507966042,15,237.421875,2550.000
1785155416.507966042,9,239.046875,2506.500
1785155416.507966042,14,240.687500,2466.000
1785155416.507966042,15,242.343750,2437.500
1785155416.507966042,10,243.968750,2402.000
1785155416.507966042,15,245.625000,2358.500
1785155416.507966042,13,247.281250,2329.500
1785155416.507966042,15,248.921875,2310.000
1785155416.507966042,15,250.562500,2286.000
1785155416.507966042,15,255.843750,1410.000
1785155416.507966042,15,262.437500,1344.000
1785155416.507966042,15,264.109375,1329.000
1785155416.507966042,15,265.703125,1318.000
1785155416.507966042,15,267.390625,1307.250
1785155416.507966042,15,269.000000,1297.000
1785155416.507966042,15,270.640625,1290.250
1785155416.507966042,15,272.296875,1284.750
1785155416.507966042,15,277.156250,1272.500
1785155416.507966042,15,278.828125,1273.000
1785155416.507966042,15,280.406250,1275.500
1785155416.507966042,15,282.046875,1268.000
1785155416.507966042,15,289.687500,2274.500
1785155416.507966042,15,291.328125,2294.000
1785155416.507966042,13,292.953125,2314.250
1785155416.507966042,14,294.578125,2334.250
1785155416.507966042,9,296.187500,2363.000
1785155416.507966042,15,297.843750,2401.750
1785155416.507966042,13,299.578125,2431.000
1785155416.507966042,14,301.171875,2458.750
1785155416.507966042,15,302.828125,2493.750
1785155416.507966042,13,304.421875,2528.750
1785155416.507966042,8,306.062500,2569.000
1785155416.507966042,14,307.718750,2616.750
1785155416.507966042,15,309.343750,2664.500
1785155416.507966042,15,310.968750,2718.500
1785155416.507966042,8,312.593750,2781.000
1785155416.507966042,11,314.187500,2849.000
1785155416.507966042,15,315.859375,2919.750
1785155416.507966042,15,317.453125,2990.250
1785155416.507966042,9,319.109375,3057.750
1785155416.507966042,15,322.359375,3234.750
1785155416.507966042,8,327.234375,3566.000
1785155416.507966042,15,328.875000,3674.750
1785155416.623062134,15,354.875000,7380.750
1785155416.623062134,15,358.156250,7006.250
1785155416.623062134,15,359.812500,6965.000
1785155416.623062134,15,1.421875,7014.000
1785155416.623062134,15,3.078125,7013.500
1785155416.623062134,15,4.718750,6901.250
1785155416.623062134,15,6.359375,6770.500
1785155416.623062134,15,46.734375,107.750
1785155416.623062134,15,48.046875,105.250
1785155416.623062134,10,181.093750,10245.500
1785155416.623062134,10,204.140625,5097.000
1785155416.623062134,15,212.390625,3995.500
1785155416.623062134,15,222.281250,3226.500
1785155416.623062134,13,225.578125,3034.500
1785155416.623062134,15,230.515625,2765.000
1785155416.623062134,15,232.125000,2714.750
1785155416.623062134,15,233.750000,2657.500
1785155416.623062134,10,235.453125,2600.750
1785155416.623062134,15,237.078125,2559.250
1785155416.623062134,15,238.687500,2517.250
1785155416.623062134,15,240.359375,2480.500
1785155416.623062134,15,242.000000,2447.750
1785155416.623062134,15,243.609375,2406.250
1785155416.623062134,13,245.281250,2363.250
1785155416.623062134,15,246.890625,2335.500
1785155416.623062134,14,248.531250,2312.500
1785155416.623062134,15,250.171875,2288.500
1785155416.623062134,15,251.843750,2270.000
1785155416.623062134,15,255.484375,1419.500
1785155416.623062134,15,262.093750,1334.500
1785155416.623062134,15,263.703125,1331.500
1785155416.623062134,15,265.359375,1322.500
1785155416.623062134,15,267.000000,1310.500
1785155416.623062134,15,268.671875,1300.000
1785155416.623062134,15,270.328125,1292.500
1785155416.623062134,15,271.937500,1284.000
1785155416.623062134,15,276.859375,1269.500
1785155416.623062134,15,278.468750,1273.250
1785155416.623062134,15,280.125000,1272.250
1785155416.623062134,15,281.734375,1264.250
1785155416.623062134,15,289.390625,2267.500
1785155416.623062134,15,291.015625,2288.500
1785155416.623062134,15,292.656250,2308.250
1785155416.623062134,12,294.281250,2328.750
1785155416.623062134,12,295.906250,2359.500
1785155416.623062134,15,297.546875,2398.000
1785155416.623062134,15,299.218750,2429.000
1785155416.623062134,13,300.875000,2452.250
1785155416.623062134,15,302.500000,2487.750
1785155416.623062134,15,304.109375,2525.250
1785155416.623062134,7,305.765625,2563.000
1785155416.623062134,15,307.375000,2611.000
1785155416.623062134,15,309.000000,2654.500
1785155416.623062134,15,310.609375,2707.750
1785155416.623062134,10,312.265625,2768.500
1785155416.623062134,15,313.875000,2835.500
1785155416.623062134,8,315.500000,2903.500
1785155416.623062134,15,317.125000,2975.500
1785155416.623062134,12,318.765625,3043.250
1785155416.623062134,9,322.000000,3219.000
1785155416.623062134,11,326.921875,3536.000
1785155416.623062134,15,328.546875,3642.000
1785155416.623062134,8,331.765625,3939.000
1785155416.735088825,15,354.578125,7354.000
1785155416.735088825,15,357.859375,6989.250
1785155416.735088825,15,359.484375,6961.250
1785155416.735088825,15,1.140625,6990.500
1785155416.735088825,15,2.781250,6973.250
1785155416.735088825,15,4.421875,6984.250
1785155416.735088825,15,12.593750,6729.750
1785155416.735088825,15,48.078125,105.750
1785155416.735088825,15,212.031250,4020.250
1785155416.735088825,15,220.265625,3376.000
1785155416.735088825,13,225.203125,3045.250
1785155416.735088825,15,230.125000,2791.000
1785155416.735088825,15,231.796875,2736.250
1785155416.735088825,15,235.093750,2604.000
1785155416.735088825,15,236.734375,2566.000
1785155416.735088825,15,238.390625,2524.750
1785155416.735088825,12,239.984375,2485.750
1785155416.735088825,15,241.609375,2451.000
1785155416.735088825,15,243.250000,2416.750
1785155416.735088825,15,244.906250,2373.750
1785155416.735088825,15,246.562500,2339.000
1785155416.735088825,15,248.187500,2315.000
1785155416.735088825,15,249.828125,2291.500
1785155416.735088825,15,251.531250,2270.000
1785155416.735088825,15,255.156250,1425.500
1785155416.735088825,15,263.359375,1335.250
1785155416.735088825,15,265.000000,1323.500
1785155416.735088825,15,266.718750,1313.000
1785155416.735088825,15,268.296875,1302.000
1785155416.735088825,15,270.015625,1294.000
1785155416.735088825,15,271.562500,1289.000
1785155416.735088825,15,273.218750,1305.000
1785155416.735088825,15,276.515625,1273.000
1785155416.735088825,15,278.078125,1277.750
1785155416.735088825,15,279.734375,1271.000
1785155416.735088825,15,281.390625,1265.000
1785155416.735088825,15,290.656250,2279.000
1785155416.735088825,12,292.296875,2297.750
1785155416.735088825,9,293.921875,2323.500
1785155416.735088825,11,295.515625,2350.000
1785155416.735088825,15,297.187500,2377.750
1785155416.735088825,15,298.875000,2412.750
1785155416.735088825,15,300.500000,2445.500
1785155416.735088825,15,302.109375,2476.500
1785155416.735088825,15,303.765625,2514.000
1785155416.735088825,11,305.359375,2545.750
1785155416.735088825,15,307.000000,2591.500
1785155416.735088825,11,308.640625,2640.750
1785155416.735088825,15,310.250000,2674.750
1785155416.735088825,10,311.890625,2733.250
1785155416.735088825,15,313.500000,2814.750
1785155416.735088825,7,315.125000,2883.250
1785155416.735088825,15,316.750000,2956.750
1785155416.735088825,10,318.406250,3026.250
1785155416.735088825,11,321.640625,3197.250
1785155416.735088825,15,324.906250,3394.250
1785155416.735088825,15,328.187500,3625.000
1785155416.849797010,15,354.203125,7384.250
1785155416.849797010,15,359.125000,6967.000
1785155416.849797010,15,0.765625,6990.250
1785155416.849797010,15,2.406250,6970.000
1785155416.849797010,15,4.062500,6965.250
1785155416.849797010,15,10.531250,6694.750
1785155416.849797010,15,12.171875,6728.750
1785155416.849797010,15,13.796875,6789.500
1785155416.849797010,15,46.484375,106.250
1785155416.849797010,7,178.703125,10257.000
1785155416.849797010,8,180.343750,10174.250
1785155416.849797010,9,211.562500,4077.250
1785155416.849797010,15,224.734375,3070.750
1785155416.849797010,10,226.390625,2997.750
1785155416.849797010,15,229.703125,2822.000
1785155416.849797010,15,231.343750,2754.250
1785155416.849797010,14,232.968750,2689.750
1785155416.849797010,15,234.625000,2638.000
1785155416.849797010,15,236.265625,2585.000
1785155416.849797010,14,237.906250,2536.000
1785155416.849797010,11,239.578125,2490.500
1785155416.849797010,14,241.203125,2451.750
1785155416.849797010,15,242.859375,2424.250
1785155416.849797010,15,244.515625,2384.500
1785155416.849797010,15,246.125000,2345.000
1785155416.849797010,12,247.796875,2321.250
1785155416.849797010,15,249.406250,2300.000
1785155416.849797010,15,251.109375,2277.500
1785155416.849797010,15,254.750000,1425.000
1785155416.849797010,15,258.031250,1393.250
1785155416.849797010,15,261.359375,1359.750
1785155416.849797010,15,263.000000,1339.000
1785155416.849797010,15,264.671875,1327.250
1785155416.849797010,15,266.296875,1317.500
1785155416.849797010,15,267.890625,1304.750
1785155416.849797010,15,269.578125,1295.000
1785155416.849797010,15,271.203125,1290.500
1785155416.849797010,15,272.890625,1283.750
1785155416.849797010,15,276.093750,1278.000
1785155416.849797010,15,277.703125,1268.250
1785155416.849797010,15,279.343750,1260.500
1785155416.849797010,15,281.000000,1270.250
1785155416.849797010,15,288.625000,2259.750
1785155416.849797010,15,290.281250,2278.500
1785155416.849797010,15,291.906250,2298.500
1785155416.849797010,14,293.500000,2320.250
1785155416.849797010,12,295.171875,2344.250
1785155416.849797010,15,296.781250,2368.000
1785155416.849797010,15,298.390625,2402.250
1785155416.849797010,14,300.093750,2438.000
1785155416.849797010,15,301.750000,2473.500
1785155416.849797010,12,303.359375,2509.250
1785155416.849797010,14,304.984375,2538.750
1785155416.849797010,13,306.625000,2585.750
1785155416.849797010,15,308.265625,2631.250
1785155416.849797010,12,309.890625,2669.500
1785155416.849797010,10,311.484375,2727.750
1785155416.849797010,15,313.125000,2804.500
1785155416.849797010,9,314.765625,2870.000
1785155416.849797010,15,316.390625,2935.750
1785155416.849797010,12,318.015625,3010.750
1785155416.849797010,10,321.265625,3174.000
1785155416.849797010,6,324.562500,3380.250
1785155416.960122824,15,358.812500,6979.750
1785155416.960122824,15,0.468750,6962.500
1785155416.960122824,15,2.093750,6958.000
1785155416.960122824,15,3.750000,6963.000
1785155416.960122824,15,10.218750,6733.500
1785155416.960122824,15,11.828125,6750.000
1785155416.960122824,15,13.484375,6774.250
1785155416.960122824,11,16.687500,8846.000
1785155416.960122824,15,46.187500,106.500
1785155416.960122824,15,50.828125,101.500
1785155416.960122824,7,173.578125,10257.250
1785155416.960122824,7,181.718750,10333.500
1785155416.960122824,15,222.812500,3182.500
1785155416.960122824,15,224.453125,3104.500
1785155416.960122824,15,226.109375,3020.500
1785155416.960122824,15,229.453125,2834.750
1785155416.960122824,15,231.093750,2752.250
1785155416.960122824,15,232.734375,2687.750
1785155416.960122824,15,234.359375,2639.750
1785155416.960122824,13,236.015625,2590.250
1785155416.960122824,15,237.687500,2544.500
1785155416.960122824,15,239.328125,2504.000
1785155416.960122824,14,240.968750,2465.750
1785155416.960122824,15,242.578125,2435.250
1785155416.960122824,15,244.250000,2394.250
1785155416.960122824,15,245.890625,2352.500
1785155416.960122824,15,247.500000,2328.750
1785155416.960122824,15,249.125000,2306.000
1785155416.960122824,15,250.796875,2281.250
1785155416.960122824,13,254.484375,1428.500
1785155416.960122824,15,262.734375,1345.000
1785155416.960122824,15,264.406250,1328.250
1785155416.960122824,15,266.000000,1319.000
1785155416.960122824,15,267.593750,1307.000
1785155416.960122824,15,269.281250,1296.750
1785155416.960122824,15,270.906250,1290.000
1785155416.960122824,15,272.531250,1284.250
1785155416.960122824,15,277.453125,1269.500
1785155416.960122824,15,279.031250,1269.000
1785155416.960122824,15,280.687500,1275.750
1785155416.960122824,15,282.265625,1271.500
1785155416.960122824,15,283.875000,1284.500
1785155416.960122824,15,289.968750,2274.750
1785155416.960122824,15,291.562500,2288.500
1785155416.960122824,12,293.187500,2309.000
1785155416.960122824,10,294.812500,2336.250
1785155416.960122824,11,296.437500,2365.250
1785155416.960122824,15,298.078125,2404.250
1785155416.960122824,14,299.812500,2434.500
1785155416.960122824,9,301.421875,2461.250
1785155416.960122824,15,303.046875,2495.500
1785155416.960122824,15,304.703125,2532.000
1785155416.960122824,15,306.328125,2578.500
1785155416.960122824,15,307.953125,2623.250
1785155416.960122824,13,309.578125,2666.500
1785155416.960122824,14,311.203125,2723.000
1785155416.960122824,15,312.828125,2788.500
1785155416.960122824,15,314.437500,2855.750
1785155416.960122824,15,316.062500,2923.500
1785155416.960122824,10,317.703125,2995.000
1785155416.960122824,15,319.343750,3076.500
1785155416.960122824,11,320.953125,3158.250
1785155416.960122824,6,324.296875,3357.000
1785155416.960122824,9,329.156250,3718.500
1785155416.960122824,12,335.687500,4387.000
1785155416.960122824,9,340.578125,5082.500
1785155417.071385145,15,355.203125,7357.250
1785155417.071385145,15,358.500000,7016.750
1785155417.071385145,15,0.125000,6996.750
1785155417.071385145,15,5.046875,6887.500
1785155417.071385145,15,9.953125,6771.750
1785155417.071385145,15,11.546875,6734.500
1785155417.071385145,15,13.171875,6751.250
1785155417.071385145,9,16.406250,8850.500
1785155417.071385145,15,46.828125,107.250
1785155417.071385145,15,49.125000,105.000
1785155417.071385145,15,186.421875,10485.250
1785155417.071385145,15,217.703125,3566.750
1785155417.071385145,15,222.640625,3215.500
1785155417.071385145,15,225.937500,3022.000
1785155417.071385145,14,232.546875,2691.500
1785155417.071385145,15,234.187500,2649.500
1785155417.071385145,11,235.859375,2594.250
1785155417.071385145,15,237.484375,2549.250
1785155417.071385145,11,239.125000,2506.250
1785155417.071385145,15,240.765625,2465.750
1785155417.071385145,14,242.406250,2437.000
1785155417.071385145,11,244.062500,2401.250
1785155417.071385145,15,245.687500,2358.000
1785155417.071385145,13,247.343750,2328.250
1785155417.071385145,15,248.968750,2304.750
1785155417.071385145,15,250.593750,2282.000
1785155417.071385145,15,255.875000,1409.750
1785155417.071385145,15,262.421875,1343.750
1785155417.071385145,15,264.140625,1329.000
1785155417.071385145,15,265.718750,1318.000
1785155417.071385145,15,267.406250,1307.250
1785155417.071385145,15,268.984375,1296.750
1785155417.071385145,15,270.640625,1289.750
1785155417.071385145,15,272.281250,1284.500
1785155417.071385145,15,277.171875,1266.000
1785155417.071385145,15,278.781250,1268.750
1785155417.071385145,15,280.468750,1275.500
1785155417.071385145,15,282.125000,1267.750
1785155417.071385145,15,289.703125,2275.000
1785155417.071385145,15,291.359375,2294.250
1785155417.071385145,13,292.984375,2314.250
1785155417.071385145,15,294.609375,2334.750
1785155417.071385145,9,296.234375,2363.500
1785155417.071385145,15,297.828125,2402.500
1785155417.071385145,14,299.625000,2432.250
1785155417.071385145,12,301.234375,2459.750
1785155417.071385145,15,302.859375,2495.000
1785155417.071385145,11,304.515625,2528.500
1785155417.071385145,15,306.109375,2573.750
1785155417.071385145,14,307.734375,2622.750
1785155417.071385145,13,309.390625,2666.000
1785155417.071385145,12,311.015625,2719.250
1785155417.071385145,9,312.656250,2781.000
1785155417.071385145,8,314.265625,2848.750
1785155417.071385145,15,315.890625,2921.500
1785155417.071385145,15,317.515625,2992.500
1785155417.071385145,8,319.156250,3058.500
1785155417.071385145,7,324.078125,3342.500
1785155417.071385145,15,327.328125,3565.750
1785155417.071385145,13,328.953125,3676.250
1785155417.186382055,15,354.953125,7356.750
1785155417.186382055,15,358.250000,7012.750
1785155417.186382055,15,3.156250,6965.000
1785155417.186382055,13,4.796875,6902.250
1785155417.186382055,15,9.718750,6781.000
1785155417.186382055,15,11.312500,6725.750
1785155417.186382055,15,12.953125,6759.000
1785155417.186382055,11,26.359375,2597.250
1785155417.186382055,15,46.015625,107.750
1785155417.186382055,15,48.750000,105.250
1785155417.186382055,8,181.187500,10201.500
1785155417.186382055,15,212.515625,3988.750
1785155417.186382055,13,222.421875,3223.250
1785155417.186382055,15,225.687500,3034.500
1785155417.186382055,15,230.625000,2762.250
1785155417.186382055,15,232.265625,2712.250
1785155417.186382055,15,233.937500,2657.500
1785155417.186382055,15,235.578125,2596.500
1785155417.186382055,12,237.187500,2553.500
1785155417.186382055,15,238.828125,2513.750
1785155417.186382055,14,240.500000,2471.000
1785155417.186382055,14,242.125000,2439.000
1785155417.186382055,15,243.796875,2406.250
1785155417.186382055,11,245.421875,2359.750
1785155417.186382055,15,247.046875,2328.500
1785155417.186382055,15,248.703125,2310.250
1785155417.186382055,15,250.343750,2287.500
1785155417.186382055,15,251.953125,2268.750
1785155417.186382055,15,255.578125,1419.000
1785155417.186382055,15,262.218750,1341.250
1785155417.186382055,15,263.781250,1329.750
1785155417.186382055,15,265.484375,1321.250
1785155417.186382055,15,267.078125,1310.750
1785155417.186382055,15,268.750000,1299.000
1785155417.186382055,15,270.328125,1291.750
1785155417.186382055,15,272.015625,1284.250
1785155417.186382055,15,276.875000,1269.000
1785155417.186382055,15,278.500000,1273.250
1785155417.186382055,15,280.125000,1272.500
1785155417.186382055,15,281.812500,1264.250
1785155417.186382055,15,289.421875,2267.750
1785155417.186382055,15,291.015625,2288.500
1785155417.186382055,15,292.656250,2308.500
1785155417.186382055,12,294.250000,2328.750
1785155417.186382055,14,295.875000,2359.250
1785155417.186382055,12,297.531250,2399.000
1785155417.186382055,15,299.281250,2430.500
1785155417.186382055,13,300.921875,2453.750
1785155417.186382055,15,302.546875,2489.000
1785155417.186382055,12,304.187500,2526.750
1785155417.186382055,15,305.796875,2568.500
1785155417.186382055,14,307.421875,2615.500
1785155417.186382055,15,309.046875,2654.000
1785155417.186382055,15,310.656250,2707.500
1785155417.186382055,10,312.312500,2770.000
1785155417.186382055,9,313.937500,2837.500
1785155417.186382055,7,315.546875,2904.250
1785155417.186382055,15,317.187500,2976.000
1785155417.186382055,10,318.796875,3049.750
1785155417.186382055,15,322.046875,3226.250
1785155417.186382055,5,323.687500,3318.750
1785155417.186382055,7,326.953125,3535.000
1785155417.186382055,15,328.562500,3642.500
1785155417.297305107,15,354.531250,7363.000
1785155417.297305107,15,357.828125,6991.250
1785155417.297305107,15,2.718750,6945.000
1785155417.297305107,15,4.359375,6986.000
1785155417.297305107,15,10.906250,6705.250
1785155417.297305107,15,12.531250,6723.500
1785155417.297305107,15,19.390625,2772.250
1785155417.297305107,15,25.968750,2587.250
1785155417.297305107,15,47.140625,105.750
1785155417.297305107,15,212.031250,4018.500
1785155417.297305107,15,220.296875,3376.000
1785155417.297305107,15,225.218750,3041.000
1785155417.297305107,15,230.140625,2791.250
1785155417.297305107,15,231.796875,2737.250
1785155417.297305107,14,235.125000,2603.250
1785155417.297305107,15,236.750000,2565.750
1785155417.297305107,15,238.375000,2524.750
1785155417.297305107,12,240.015625,2485.000
1785155417.297305107,15,241.687500,2450.750
1785155417.297305107,15,243.296875,2417.000
1785155417.297305107,15,244.953125,2373.250
1785155417.297305107,15,246.578125,2338.500
1785155417.297305107,15,248.250000,2311.750
1785155417.297305107,15,249.875000,2290.250
1785155417.297305107,15,251.515625,2272.500
1785155417.297305107,15,255.203125,1426.000
1785155417.297305107,15,263.359375,1335.250
1785155417.297305107,15,265.031250,1323.500
1785155417.297305107,15,266.640625,1312.750
1785155417.297305107,15,268.312500,1301.750
1785155417.297305107,15,269.937500,1294.000
1785155417.297305107,15,271.593750,1288.750
1785155417.297305107,15,273.187500,1304.250
1785155417.297305107,15,276.515625,1273.500
1785155417.297305107,15,278.125000,1278.000
1785155417.297305107,15,279.765625,1270.750
1785155417.297305107,15,281.406250,1264.500
1785155417.297305107,15,290.671875,2279.750
1785155417.297305107,11,292.296875,2298.000
1785155417.297305107,10,293.906250,2323.000
1785155417.297305107,10,295.515625,2350.500
1785155417.297305107,15,297.156250,2376.250
1785155417.297305107,15,298.859375,2410.500
1785155417.297305107,15,300.500000,2446.500
1785155417.297305107,15,302.109375,2477.250
1785155417.297305107,15,303.750000,2514.000
1785155417.297305107,11,305.390625,2546.750
1785155417.297305107,15,307.000000,2592.750
1785155417.297305107,11,308.640625,2641.000
1785155417.297305107,15,310.250000,2674.000
1785155417.297305107,12,311.890625,2732.000
1785155417.297305107,15,313.500000,2813.500
1785155417.297305107,10,315.109375,2883.000
1785155417.297305107,15,316.750000,2956.500
1785155417.297305107,10,318.359375,3026.250
1785155417.297305107,10,321.625000,3196.000
1785155417.297305107,15,324.859375,3391.250
1785155417.297305107,15,328.125000,3624.500
1785155417.412096024,15,354.125000,7436.000
1785155417.412096024,15,2.328125,6954.250
1785155417.412096024,15,3.968750,6964.000
1785155417.412096024,15,10.500000,6709.000
1785155417.412096024,15,12.140625,6730.250
1785155417.412096024,15,13.765625,6791.750
1785155417.412096024,15,25.593750,2583.500
1785155417.412096024,15,47.125000,106.250
1785155417.412096024,15,49.687500,104.250
1785155417.412096024,7,181.906250,10242.750
1785155417.412096024,8,211.500000,4077.250
1785155417.412096024,15,223.031250,3174.750
1785155417.412096024,15,224.671875,3083.750
1785155417.412096024,8,226.343750,2996.750
1785155417.412096024,15,229.625000,2824.500
1785155417.412096024,15,231.281250,2753.500
1785155417.412096024,15,232.937500,2688.500
1785155417.412096024,15,234.531250,2637.750
1785155417.412096024,15,236.218750,2586.000
1785155417.412096024,15,237.828125,2537.750
1785155417.412096024,11,239.484375,2496.500
1785155417.412096024,14,241.125000,2459.250
1785155417.412096024,15,242.765625,2427.750
1785155417.412096024,14,244.421875,2388.750
1785155417.412096024,13,246.031250,2347.500
1785155417.412096024,11,247.687500,2322.000
1785155417.412096024,15,249.343750,2300.500
1785155417.412096024,15,250.984375,2277.250
1785155417.412096024,15,254.640625,1425.750
1785155417.412096024,15,262.875000,1339.000
1785155417.412096024,15,264.515625,1327.250
1785155417.412096024,15,266.125000,1318.750
1785155417.412096024,15,267.765625,1306.250
1785155417.412096024,15,269.453125,1295.500
1785155417.412096024,15,271.109375,1290.500
1785155417.412096024,15,272.734375,1283.750
1785155417.412096024,15,275.984375,1278.750
1785155417.412096024,15,277.687500,1269.500
1785155417.412096024,15,279.281250,1260.250
1785155417.412096024,15,280.937500,1268.500
1785155417.412096024,15,288.546875,2259.250
1785155417.412096024,15,290.171875,2278.500
1785155417.412096024,12,291.812500,2298.500
1785155417.412096024,13,293.421875,2319.500
1785155417.412096024,11,295.078125,2343.500
1785155417.412096024,11,296.718750,2368.000
1785155417.412096024,15,298.312500,2402.000
1785155417.412096024,14,300.015625,2435.750
1785155417.412096024,15,301.671875,2471.500
1785155417.412096024,14,303.265625,2508.500
1785155417.412096024,14,304.906250,2538.750
1785155417.412096024,15,306.515625,2585.250
1785155417.412096024,15,308.171875,2630.500
1785155417.412096024,14,309.796875,2669.250
1785155417.412096024,10,311.390625,2726.000
1785155417.412096024,15,313.031250,2798.250
1785155417.412096024,9,314.656250,2864.250
1785155417.412096024,8,316.281250,2929.000
1785155417.412096024,15,317.937500,3004.250
1785155417.412096024,11,321.187500,3173.750
1785155417.412096024,5,324.421875,3369.750
1785155417.412096024,15,327.687500,3597.250
1785155417.412096024,8,329.296875,3710.000
1785155417.412096024,10,335.796875,4395.750
1785155417.412096024,12,340.656250,5107.000
1785155417.523755074,15,355.328125,7353.000
1785155417.523755074,15,1.890625,6982.750
1785155417.523755074,15,3.515625,6984.000
1785155417.523755074,15,5.171875,6895.000
1785155417.523755074,15,6.812500,6745.250
1785155417.523755074,15,8.437500,6707.250
1785155417.523755074,15,10.078125,6727.000
1785155417.523755074,15,11.671875,6742.250
1785155417.523755074,15,13.312500,6766.000
1785155417.523755074,15,16.890625,2719.250
1785155417.523755074,15,25.125000,2587.750
1785155417.523755074,15,45.906250,107.000
1785155417.523755074,15,48.453125,104.750
1785155417.523755074,15,186.500000,10476.250
1785155417.523755074,15,217.765625,3567.000
1785155417.523755074,15,224.343750,3108.000
1785155417.523755074,15,226.015625,3023.000
1785155417.523755074,13,232.578125,2691.750
1785155417.523755074,15,234.218750,2649.000
1785155417.523755074,12,235.843750,2593.750
1785155417.523755074,14,237.500000,2548.500
1785155417.523755074,13,239.140625,2505.000
1785155417.523755074,15,240.765625,2465.000
1785155417.523755074,14,242.437500,2437.250
1785155417.523755074,11,244.093750,2399.000
1785155417.523755074,13,245.703125,2355.250
1785155417.523755074,15,247.359375,2328.000
1785155417.523755074,15,248.984375,2305.000
1785155417.523755074,15,250.671875,2282.250
1785155417.523755074,8,255.953125,1409.500
1785155417.523755074,15,262.515625,1343.000
1785155417.523755074,15,264.203125,1328.750
1785155417.523755074,15,265.828125,1318.000
1785155417.523755074,15,267.437500,1307.000
1785155417.523755074,15,269.078125,1297.500
1785155417.523755074,15,270.765625,1290.250
1785155417.523755074,15,272.359375,1284.500
1785155417.523755074,15,277.281250,1266.000
1785155417.523755074,15,278.890625,1268.250
1785155417.523755074,15,280.578125,1275.500
1785155417.523755074,15,282.171875,1267.750
1785155417.523755074,15,289.812500,2275.000
1785155417.523755074,15,291.453125,2289.750
1785155417.523755074,12,293.078125,2310.000
1785155417.523755074,13,294.687500,2336.250
1785155417.523755074,15,296.328125,2366.750
1785155417.523755074,15,297.937500,2408.000
1785155417.523755074,11,299.625000,2436.000
1785155417.523755074,13,301.265625,2460.000
1785155417.523755074,15,302.921875,2494.500
1785155417.523755074,14,304.515625,2527.500
1785155417.523755074,15,306.156250,2572.250
1785155417.523755074,14,307.796875,2621.000
1785155417.523755074,14,309.421875,2665.500
1785155417.523755074,14,311.031250,2719.750
1785155417.523755074,9,312.671875,2780.750
1785155417.523755074,11,314.296875,2848.250
1785155417.523755074,15,315.921875,2922.750
1785155417.523755074,11,317.531250,2995.000
1785155417.523755074,8,319.171875,3060.750
1785155417.523755074,6,324.078125,3342.500
1785155417.523755074,15,327.296875,3566.250
1785155417.523755074,11,328.937500,3676.500
1785155417.635577202,15,354.968750,7361.000
1785155417.635577202,15,3.187500,7015.500
1785155417.635577202,13,4.828125,6899.250
1785155417.635577202,15,6.468750,6764.500
1785155417.635577202,15,8.125000,6698.750
1785155417.635577202,15,9.734375,6710.750
1785155417.635577202,15,11.281250,6728.000
1785155417.635577202,15,12.906250,6762.000
1785155417.635577202,15,16.468750,2723.000
1785155417.635577202,15,24.656250,2607.750
1785155417.635577202,15,46.625000,108.000
1785155417.635577202,15,47.906250,105.250
1785155417.635577202,10,181.046875,10245.750
1785155417.635577202,13,204.031250,5101.500
1785155417.635577202,15,212.281250,4003.250
1785155417.635577202,14,222.156250,3227.750
1785155417.635577202,15,225.421875,3037.500
1785155417.635577202,13,230.421875,2776.000
1785155417.635577202,15,232.015625,2722.500
1785155417.635577202,15,233.671875,2658.750
1785155417.635577202,11,235.343750,2603.000
1785155417.635577202,15,236.968750,2561.750
1785155417.635577202,15,238.609375,2520.000
1785155417.635577202,15,240.250000,2483.500
1785155417.635577202,15,241.875000,2448.250
1785155417.635577202,15,243.531250,2406.750
1785155417.635577202,14,245.171875,2364.250
1785155417.635577202,15,246.828125,2335.750
1785155417.635577202,15,248.468750,2313.000
1785155417.635577202,15,250.093750,2289.000
1785155417.635577202,15,251.765625,2268.750
1785155417.635577202,15,255.437500,1422.750
1785155417.635577202,15,258.734375,1383.500
1785155417.635577202,15,262.015625,1350.500
1785155417.635577202,15,263.703125,1331.250
1785155417.635577202,15,265.312500,1322.250
1785155417.635577202,15,266.906250,1310.250
1785155417.635577202,15,268.578125,1299.500
1785155417.635577202,15,270.265625,1292.250
1785155417.635577202,15,271.890625,1284.250
1785155417.635577202,15,276.671875,1268.500
1785155417.635577202,15,278.359375,1272.250
1785155417.635577202,15,280.000000,1269.750
1785155417.635577202,15,281.578125,1262.500
1785155417.635577202,15,290.859375,2286.500
1785155417.635577202,13,292.515625,2305.750
1785155417.635577202,12,294.109375,2328.500
1785155417.635577202,13,295.718750,2357.250
1785155417.635577202,15,297.328125,2393.750
1785155417.635577202,15,299.078125,2427.750
1785155417.635577202,11,300.718750,2448.750
1785155417.635577202,15,302.328125,2481.250
1785155417.635577202,13,303.968750,2523.000
1785155417.635577202,9,305.593750,2562.250
1785155417.635577202,14,307.203125,2606.250
1785155417.635577202,15,308.859375,2649.250
1785155417.635577202,15,310.484375,2694.000
1785155417.635577202,9,312.093750,2750.000
1785155417.635577202,15,313.718750,2826.500
1785155417.635577202,8,315.359375,2893.750
1785155417.635577202,15,318.609375,3037.750
1785155417.635577202,15,321.843750,3217.000
1785155417.635577202,8,323.531250,3309.750
1785155417.635577202,11,326.796875,3528.500
1785155417.749681950,15,354.453125,7371.250
1785155417.749681950,15,4.296875,6983.000
1785155417.749681950,15,7.578125,6715.750
1785155417.749681950,15,9.234375,6710.750
1785155417.749681950,15,10.765625,6738.000
1785155417.749681950,15,12.390625,6761.250
1785155417.749681950,15,14.031250,6787.500
1785155417.749681950,15,22.531250,2581.000
1785155417.749681950,15,47.250000,106.000
1785155417.749681950,9,180.468750,10234.500
1785155417.749681950,15,224.828125,3068.500
1785155417.749681950,15,229.812500,2815.750
1785155417.749681950,15,231.453125,2748.250
1785155417.749681950,15,233.078125,2680.500
1785155417.749681950,15,234.750000,2621.500
1785155417.749681950,15,236.359375,2575.250
1785155417.749681950,15,238.015625,2535.250
1785155417.749681950,11,239.671875,2489.250
1785155417.749681950,15,241.328125,2451.250
1785155417.749681950,15,242.937500,2424.250
1785155417.749681950,15,244.593750,2384.250
1785155417.749681950,15,246.203125,2345.000
1785155417.749681950,10,247.843750,2321.750
1785155417.749681950,15,249.500000,2296.250
1785155417.749681950,15,251.156250,2272.750
1785155417.749681950,15,254.796875,1425.250
1785155417.749681950,15,258.109375,1393.000
1785155417.749681950,15,261.375000,1359.500
1785155417.749681950,15,263.015625,1339.000
1785155417.749681950,15,264.656250,1327.250
1785155417.749681950,15,266.296875,1317.750
1785155417.749681950,15,267.984375,1305.000
1785155417.749681950,15,269.578125,1295.000
1785155417.749681950,15,271.187500,1290.750
1785155417.749681950,15,272.843750,1283.750
1785155417.749681950,15,276.046875,1278.250
1785155417.749681950,15,277.703125,1269.500
1785155417.749681950,15,279.359375,1261.000
1785155417.749681950,15,280.984375,1270.000
1785155417.749681950,15,288.609375,2258.750
1785155417.749681950,15,290.234375,2278.750
1785155417.749681950,14,291.859375,2298.500
1785155417.749681950,15,293.468750,2319.500
1785155417.749681950,14,295.078125,2343.500
1785155417.749681950,14,296.671875,2368.250
1785155417.749681950,15,298.296875,2403.000
1785155417.749681950,15,300.062500,2438.000
1785155417.749681950,15,301.671875,2471.750
1785155417.749681950,13,303.343750,2507.250
1785155417.749681950,14,304.921875,2539.000
1785155417.749681950,15,306.562500,2585.500
1785155417.749681950,15,308.187500,2630.750
1785155417.749681950,14,309.828125,2669.000
1785155417.749681950,9,311.453125,2726.000
1785155417.749681950,15,313.062500,2798.500
1785155417.749681950,9,314.671875,2864.750
1785155417.749681950,15,316.312500,2934.750
1785155417.749681950,11,317.937500,3009.250
1785155417.749681950,10,321.203125,3174.000
1785155417.749681950,6,324.484375,3367.750
1785155417.749681950,10,329.375000,3722.250
1785155417.749681950,10,335.843750,4397.500
