elapsed_s,lidar_timestamp,state,reason,speed,steering,pair_valid,car_count,gap_width_mm,car1_x_mm,car1_y_back_mm,car2_x_mm,car2_y_back_mm,entrance_x_mm,entrance_y_back_mm,depth_x,depth_y_back,decision_angle_deg,heading_error_deg,lateral_error_mm,depth_progress_mm,depth_remaining_mm,target_x_mm,target_y_back_mm,curvature_per_mm,geometric_steering,physical_steering,clusters
0.003531,1785156939.816606045,idle,waiting_for_start,0,0,0,4,,,,,,,,,,,,,,,,,,,,18:-805.0:-587.0:-141.4:238.9|11:-2033.0:-1177.4:1860.8:1940.2|9:-289.5:165.6:1977.5:1992.9|11:1134.0:2336.1:2014.3:2036.1
0.187555,1785156939.926660061,idle,waiting_for_start,0,0,0,4,,,,,,,,,,,,,,,,,,,,35:-811.3:-587.0:-141.9:238.9|23:-2165.6:-1177.4:1852.7:1940.2|17:-298.7:165.6:1974.0:1994.6|20:1121.2:2336.1:2014.3:2044.1
0.235629,1785156940.041670799,idle,waiting_for_start,0,0,0,4,,,,,,,,,,,,,,,,,,,,36:-811.3:-586.0:-146.0:252.6|24:-2193.2:-1184.0:1852.7:1934.4|17:-312.5:156.4:1974.0:1994.6|19:1100.3:2082.4:2009.5:2044.1
0.332152,1785156940.152610064,idle,waiting_for_start,0,0,0,4,,,,,,,,,,,,,,,,,,,,38:-798.3:-586.0:-151.0:252.6|23:-2193.2:-1203.6:1854.6:1934.4|19:-322.2:248.3:1978.4:1994.9|20:1089.8:2260.0:2007.9:2031.6
0.465629,1785156940.266711950,idle,waiting_for_start,0,0,0,4,,,,,,,,,,,,,,,,,,,,37:-797.8:-587.7:-151.0:248.9|23:-2110.8:-1161.0:1852.2:1946.6|19:-322.2:248.3:1972.2:2006.7|19:1081.4:2260.0:2007.9:2031.9
0.558961,1785156940.379200935,search_cars,ultrasonic_search_first_car SR=None,100,0,0,4,,,,,,,,,,,,,,,,,,,,36:-801.1:-587.2:-139.2:243.0|23:-2110.8:-1161.0:1852.2:1946.6|20:-341.2:228.1:1972.2:2006.7|18:1066.4:2001.2:2008.7:2031.9
0.658954,1785156940.490900040,search_cars,ultrasonic_search_first_car SR=None,100,0,0,4,,,,,,,,,,,,,,,,,,,,37:-805.3:-587.2:-142.3:264.8|16:-2167.4:-1169.2:1760.0:1939.9|13:-677.1:228.1:1866.7:1993.0|10:1066.4:1858.2:1896.0:2026.2
0.798040,1785156940.604993105,search_cars,ultrasonic_search_first_car SR=None,100,0,0,4,,,,,,,,,,,,,,,,,,,,37:-805.3:-587.6:-142.3:264.8|9:-2167.4:-1651.0:1760.0:1793.7|12:-680.9:216.4:1866.7:1971.4|9:1127.9:1839.9:1896.0:2038.7
0.896016,1785156940.716202021,search_cars,ultrasonic_search_first_car SR=None,100,0,0,4,,,,,,,,,,,,,,,,,,,,38:-720.7:-589.3:-128.3:337.3|13:-2167.0:-1178.1:1762.4:1960.8|12:-680.9:216.4:1888.2:2029.2|18:1127.9:2363.8:2017.8:2073.5
1.024272,1785156940.826937199,search_cars,ultrasonic_search_first_car SR=None,100,0,0,4,,,,,,,,,,,,,,,,,,,,40:-745.0:-595.9:-108.2:363.7|14:-2167.0:-1178.1:1861.0:1960.8|12:-333.6:179.2:1970.5:2029.2|17:1169.6:2363.8:2037.9:2125.9
1.122902,1785156940.942358017,search_cars,ultrasonic_search_first_car SR=None,100,0,0,4,,,,,,,,,,,,,,,,,,,,40:-745.0:-599.6:-71.0:407.6|9:-2007.7:-1466.5:1840.8:1918.8|16:-339.2:179.2:1970.5:2021.3|18:1140.9:2346.8:2080.9:2173.4
1.221413,1785156941.053143024,search_cars,ultrasonic_search_first_car SR=None,100,0,0,4,,,,,,,,,,,,,,,,,,,,39:-790.2:-606.0:-85.2:432.6|8:-2197.9:-1466.5:1813.9:1918.8|15:-396.2:58.3:1975.1:2021.3|19:1134.5:2353.7:2120.5:2173.4
1.319907,1785156941.167845011,search_cars,ultrasonic_search_first_car SR=None,100,0,0,4,,,,,,,,,,,,,,,,,,,,39:-790.2:-609.5:-85.2:484.9|5:-2197.9:-1669.0:1813.9:1841.0|15:-396.2:58.3:1975.1:2022.5|17:1134.5:2353.7:2120.5:2217.3
1.452935,1785156941.279439926,search_cars,ultrasonic_search_first_car SR=None,100,0,0,3,,,,,,,,,,,,,,,,,,,,37:-788.3:-615.5:-60.9:518.7|6:-283.8:3.8:1997.1:2022.5|9:1151.5:2054.1:2149.6:2217.3
1.587878,1785156941.390697002,search_cars,ultrasonic_search_first_car SR=None,100,0,0,2,,,,,,,,,,,,,,,,,,,,34:-764.5:-619.3:-36.3:548.4|11:-438.5:126.4:1952.6:1986.2
1.687054,1785156941.505430937,search_cars,ultrasonic_search_first_car SR=None,100,0,0,2,,,,,,,,,,,,,,,,,,,,36:-766.0:-622.3:6.8:579.9|16:-438.5:126.4:1952.6:2041.5
1.813626,1785156941.616432190,search_cars,ultrasonic_search_first_car SR=None,100,0,0,3,,,,,,,,,,,,,,,,,,,,36:-766.0:-622.3:28.5:617.6|10:-279.7:69.4:1999.5:2041.5|6:1207.3:1693.6:2097.6:2171.6
1.913672,1785156941.727595091,search_cars,ultrasonic_search_first_car SR=None,100,0,0,3,,,,,,,,,,,,,,,,,,,,31:-750.9:-628.7:70.4:656.8|5:-160.6:69.4:1999.5:2008.4|6:1166.9:1470.8:2097.6:2150.3
2.013109,1785156941.842901945,search_cars,ultrasonic_search_first_car SR=None,100,0,0,2,,,,,,,,,,,,,,,,,,,,30:-767.1:-629.1:140.2:690.0|4:957.4:1250.1:2144.9:2203.5
2.145630,1785156941.954359055,search_cars,ultrasonic_search_first_car SR=None,100,0,0,2,,,,,,,,,,,,,,,,,,,,30:-768.9:-632.9:184.3:731.8|4:911.3:1047.3:2175.9:2258.7
2.244281,1785156942.068828821,search_cars,ultrasonic_search_first_car SR=None,100,0,0,2,,,,,,,,,,,,,,,,,,,,28:-768.9:-633.8:209.0:768.7|4:1324.2:1823.4:2133.4:2169.5
2.379363,1785156942.180178881,search_cars,ultrasonic_search_first_car SR=None,100,0,0,3,,,,,,,,,,,,,,,,,,,,24:-758.8:-637.2:254.2:804.3|8:-270.1:132.0:1996.6:2013.9|8:1324.2:2085.6:2133.4:2226.8
2.479699,1785156942.290908813,search_cars,ultrasonic_search_first_car SR=None,100,0,0,3,,,,,,,,,,,,,,,,,,,,19:-748.5:-643.1:278.7:848.2|11:-275.8:132.0:1996.6:2028.1|5:1398.1:2085.6:2135.0:2226.8
2.580379,1785156942.405455828,search_cars,ultrasonic_search_first_car SR=None,100,0,0,3,,,,,,,,,,,,,,,,,,,,16:-748.2:-650.2:326.2:848.2|10:-275.8:73.7:2000.1:2028.1|6:1276.6:1828.7:2063.6:2135.0
2.705384,1785156942.517839193,search_cars,ultrasonic_search_first_car SR=None,100,0,0,3,,,,,,,,,,,,,,,,,,,,16:-748.2:-650.2:359.4:904.7|13:-382.1:73.7:2000.1:2031.9|10:1276.6:1828.7:2063.6:2117.8
2.804969,1785156942.628191948,search_cars,ultrasonic_search_first_car SR=None,100,0,0,3,,,,,,,,,,,,,,,,,,,,17:-741.7:-656.5:405.4:918.9|21:-594.0:310.6:1914.7:2031.9|9:1287.1:1890.3:2073.6:2117.8
2.936629,1785156942.743849993,search_cars,ultrasonic_search_first_car SR=None,100,0,0,3,,,,,,,,,,,,,,,,,,,,17:-746.3:-655.8:440.2:967.7|26:-812.8:310.6:1858.3:1988.9|6:1462.1:1890.3:2073.6:2115.5
3.036805,1785156942.854557991,search_cars,ultrasonic_search_first_car SR=None,100,0,0,3,,,,,,,,,,,,,,,,,,,,18:-746.3:-655.8:475.7:989.1|20:-812.8:309.8:1858.3:1988.3|4:1372.4:1775.4:2044.3:2107.6
3.172651,1785156942.969161987,search_cars,ultrasonic_search_first_car SR=None,100,0,0,3,,,,,,,,,,,,,,,,,,,,19:-848.1:-649.2:512.5:1046.5|19:-618.1:561.8:1883.1:1988.3|3:1372.4:1894.1:2044.3:2077.4
3.269951,1785156943.080548048,search_cars,ultrasonic_search_first_car SR=None,100,0,0,3,,,,,,,,,,,,,,,,,,,,19:-848.1:-649.2:552.1:1061.8|28:-618.1:561.8:1883.1:2009.5|3:1715.0:1902.1:2069.0:2093.2
3.368453,1785156943.192602873,search_cars,ultrasonic_search_first_car SR=None,100,0,0,3,,,,,,,,,,,,,,,,,,,,19:-838.8:-656.3:590.8:1081.6|26:-510.7:525.6:1933.2:2009.5|10:1198.3:1902.1:1976.0:2093.2
3.497405,1785156943.307264090,search_cars,ultrasonic_search_first_car SR=None,100,0,0,3,,,,,,,,,,,,,,,,,,,,18:-838.8:-653.1:624.6:1137.0|14:-830.5:451.2:1824.9:1981.4|14:1198.3:1891.2:1976.0:2068.5
3.598145,1785156943.418565035,search_cars,ultrasonic_search_first_car SR=None,100,0,0,4,,,,,,,,,,,,,,,,,,,,17:-789.1:-653.1:666.2:1159.3|9:-866.1:-537.4:1798.0:1876.0|5:394.5:627.8:1905.5:1957.9|11:1394.7:1906.1:1936.5:2068.5
3.728568,1785156943.532364130,search_cars,ultrasonic_search_first_car SR=None,100,0,0,4,,,,,,,,,,,,,,,,,,,,17:-782.1:-655.9:709.6:1178.3|10:-866.1:-537.4:1798.0:1884.4|6:294.9:627.8:1905.5:1960.0|10:1387.9:1906.1:1936.5:2016.8
3.827808,1785156943.644495010,search_cars,ultrasonic_search_first_car SR=None,100,0,0,4,,,,,,,,,,,,,,,,,,,,15:-777.1:-662.0:752.5:1203.8|9:-815.3:-524.5:1832.6:1891.4|4:294.9:692.3:1859.3:1960.0|12:1256.0:1905.9:1889.1:2016.8
3.928155,1785156943.754805088,search_cars,ultrasonic_search_first_car SR=None,100,0,0,4,,,,,,,,,,,,,,,,,,,,13:-762.7:-663.0:790.6:1209.5|4:-749.9:-524.5:1857.0:1891.4|4:526.6:692.3:1859.3:1905.0|13:1256.0:2186.6:1889.1:2055.8
4.058069,1785156943.870041132,search_cars,ultrasonic_search_first_car SR=None,100,0,0,3,,,,,,,,,,,,,,,,,,,,13:-762.7:-661.0:831.0:1274.8|11:1291.6:2186.6:1832.2:2055.8|4:526.6:689.6:1869.1:1905.0
4.158511,1785156943.981253862,search_cars,ultrasonic_search_first_car SR=None,100,0,0,3,,,,,,,,,,,,,,,,,,,,14:-786.3:-661.0:873.5:1290.0|7:-142.7:218.7:1785.4:1805.4|9:1372.4:1898.6:1803.7:1859.4
4.294373,1785156944.092655182,search_cars,ultrasonic_search_first_car SR=None,100,0,0,3,,,,,,,,,,,,,,,,,,,,14:-820.0:-672.0:908.5:1305.1|7:-142.7:218.7:1785.4:1805.4|9:1499.0:1898.6:1803.7:1908.4
4.393146,1785156944.206995010,search_cars,ultrasonic_search_first_car SR=None,100,0,0,2,,,,,,,,,,,,,,,,,,,,12:-820.0:-680.3:948.0:1329.7|10:1414.8:1876.1:1770.7:1908.4
4.492453,1785156944.318459988,search_cars,ultrasonic_search_first_car SR=None,100,0,0,3,,,,,,,,,,,,,,,,,,,,11:-794.5:-686.7:981.1:1347.4|12:1364.4:1897.2:1770.7:1828.1|6:-233.1:22.2:1791.2:1808.6
4.621123,1785156944.433743000,search_cars,ultrasonic_search_first_car SR=None,100,0,0,3,,,,,,,,,,,,,,,,,,,,11:-798.1:-692.6:1029.8:1378.7|13:1364.4:1915.3:1779.3:1828.1|6:-233.1:22.2:1791.2:1808.6
4.718475,1785156944.544965029,search_cars,ultrasonic_search_first_car SR=None,100,0,0,3,,,,,,,,,,,,,,,,,,,,10:-820.3:-694.5:1065.8:1398.9|10:1449.6:2143.7:1779.3:1869.7|4:-163.8:42.6:1793.3:1811.2
4.851379,1785156944.658785105,search_cars,ultrasonic_search_first_car SR=None,100,0,0,4,,,,,,,,,,,,,,,,,,,,6:-820.3:-698.9:1104.8:1398.9|6:-2129.1:-1740.2:1639.2:1686.0|5:-163.8:42.6:1789.3:1811.2|8:1513.7:2143.7:1845.9:1869.7
4.950403,1785156944.770932913,search_cars,ultrasonic_search_first_car SR=None,100,0,0,3,,,,,,,,,,,,,,,,,,,,7:-831.0:-515.7:1155.5:1738.0|6:-2129.1:-1740.2:1639.2:1688.0|7:1610.6:1899.4:1842.2:1865.4
5.084923,1785156944.881871939,search_cars,ultrasonic_search_first_car SR=None,100,0,0,4,,,,,,,,,,,,,,,,,,,,7:-831.0:-515.7:1195.3:1734.2|3:-1828.1:-1740.4:1675.1:1714.3|3:770.7:888.0:1822.4:1833.6|7:1606.7:1899.4:1842.2:1871.3
5.184830,1785156944.993528128,search_cars,ultrasonic_search_first_car SR=None,100,0,0,4,,,,,,,,,,,,,,,,,,,,3:-913.6:-819.2:1239.8:1291.2|12:-680.4:77.1:1669.1:1802.3|3:820.3:888.0:1800.2:1829.6|9:1368.5:1959.6:1813.0:1871.3
5.285095,1785156945.107831955,search_cars,ultrasonic_search_first_car SR=None,100,0,0,3,,,,,,,,,,,,,,,,,,,,4:-913.6:-727.2:1280.7:1327.3|20:-680.4:120.8:1690.7:1813.5|11:1289.1:1959.6:1813.0:1875.3
5.410496,1785156945.219004869,search_cars,ultrasonic_search_first_car SR=None,100,0,0,5,,,,,,,,,,,,,,,,,,,,4:-936.0:-727.2:1306.8:1371.5|5:-1899.8:-1577.5:1646.2:1694.8|18:-647.9:120.8:1721.4:1813.5|3:779.1:906.2:1812.0:1818.9|9:1289.1:1924.6:1838.4:1875.3
5.511906,1785156945.333569050,search_cars,ultrasonic_search_first_car SR=None,100,0,0,4,,,,,,,,,,,,,,,,,,,,5:-936.0:-812.8:1361.9:1426.7|3:-1899.8:-1727.5:1662.4:1694.8|37:-569.5:1011.7:1747.8:1818.9|6:1621.0:1924.6:1802.6:1845.7
5.644346,1785156945.446786165,search_cars,ultrasonic_search_first_car SR=None,100,0,0,1,,,,,,,,,,,,,,,,,,,,61:-914.1:1854.5:1411.0:1810.0
5.742968,1785156945.556954861,search_cars,ultrasonic_search_first_car SR=None,100,0,0,1,,,,,,,,,,,,,,,,,,,,63:-1203.3:1904.1:1441.3:1853.9
5.841309,1785156945.670805931,search_cars,ultrasonic_search_first_car SR=None,100,0,0,2,,,,,,,,,,,,,,,,,,,,62:-1933.9:986.9:1520.7:1829.3|10:1371.1:1904.1:1745.4:1853.9
5.977511,1785156945.782742977,search_cars,ultrasonic_search_first_car SR=None,100,0,0,3,,,,,,,,,,,,,,,,,,,,56:-1865.3:393.6:1552.6:1777.3|12:1365.2:2038.2:1745.4:1822.0|8:797.0:988.5:1767.9:1786.2
6.077223,1785156945.893485069,search_cars,ultrasonic_search_first_car SR=None,100,0,0,3,,,,,,,,,,,,,,,,,,,,8:-1971.2:-1597.2:1581.2:1621.8|60:-1220.9:992.1:1639.6:1823.5|11:1365.2:2038.2:1784.5:1850.2
6.204629,1785156946.008549213,search_cars,ultrasonic_search_first_car SR=None,100,0,0,2,,,,,,,,,,,,,,,,,,,,60:-1971.2:283.4:1581.2:1796.9|21:633.8:1992.8:1799.1:1868.0
6.303821,1785156946.120613098,search_cars,ultrasonic_search_first_car SR=None,100,0,0,2,,,,,,,,,,,,,,,,,,,,61:-1944.0:283.4:1597.3:1796.9|23:633.8:2423.8:1774.1:1882.5
6.403508,1785156946.231523991,track_gap,ultrasonic_first_car_seen_wait_none SR=1181mm,100,0,0,3,,,,,,,,,,,,,,,,,,,,58:-1944.0:310.8:1621.4:1786.9|10:726.9:1010.7:1771.7:1809.2|12:1362.4:2434.3:1803.1:1882.5
6.534477,1785156946.345920086,track_gap,ultrasonic_first_car_seen_wait_none SR=1168mm,100,0,0,2,,,,,,,,,,,,,,,,,,,,10:-1919.7:-1492.1:1621.4:1702.4|60:-1138.2:2434.3:1672.7:1876.9
6.633479,1785156946.457859039,track_gap,ultrasonic_first_car_seen_wait_none SR=1196mm,100,0,0,3,,,,,,,,,,,,,,,,,,,,12:-1969.1:-1452.7:1646.8:1735.1|14:-1082.2:-645.6:1733.6:1786.2|45:-281.9:2489.3:1788.2:1876.9
6.769427,1785156946.568483114,track_gap,ultrasonic_first_car_seen_wait_none SR=1114mm,100,0,0,2,,,,,,,,,,,,,,,,,,,,63:-1969.1:989.0:1669.7:1873.7|12:1343.1:2489.3:1795.5:1846.3
6.868399,1785156946.683888912,track_gap,ultrasonic_first_car_seen_wait_none SR=1114mm,100,0,0,2,,,,,,,,,,,,,,,,,,,,56:-1873.9:969.3:1745.4:1879.9|10:1343.1:2431.3:1767.6:1827.2
6.967358,1785156946.795217991,track_gap,ultrasonic_first_car_seen_wait_none SR=1098mm,100,0,0,5,,,,,,,,,,,,,,,,,,,,13:-1873.9:-1294.6:1761.8:1824.4|8:1341.5:2205.4:1767.6:1874.3|15:515.3:969.3:1791.0:1879.9|13:-932.1:-580.9:1805.0:1860.1|11:-141.7:169.3:1813.0:1842.7
7.100151,1785156946.909530878,track_gap,ultrasonic_first_car_seen_wait_none SR=1071mm,100,0,0,4,,,,,,,,,,,,,,,,,,,,11:-1818.2:-1310.9:1770.2:1823.1|14:-932.1:-538.0:1805.0:1872.3|21:-141.7:913.5:1813.0:1889.2|12:1271.3:2605.4:1816.0:1883.8
7.198194,1785156947.021012068,track_gap,ultrasonic_first_car_seen_wait_none SR=1071mm,100,0,0,4,,,,,,,,,,,,,,,,,,,,13:-1996.5:-1310.9:1754.7:1826.3|12:1271.3:2365.3:1834.1:1912.2|17:-898.2:-99.3:1837.6:1908.7|13:394.9:850.8:1850.8:1922.4
7.327134,1785156947.131807089,track_gap,ultrasonic_first_car_seen_wait_none SR=1062mm,100,0,0,5,,,,,,,,,,,,,,,,,,,,3:1613.1:1637.6:-633.6:-588.0|15:-1996.5:-1312.5:1754.7:1842.4|18:-909.4:-380.2:1864.5:1908.7|16:1225.1:2530.1:1872.8:1951.0|13:330.0:748.6:1897.4:1923.9
7.425646,1785156947.247040033,track_gap,ultrasonic_first_car_seen_wait_none SR=1059mm,100,0,0,5,,,,,,,,,,,,,,,,,,,,4:1606.2:1641.7:-627.3:-531.9|15:-1953.7:-1331.7:1792.3:1842.4|20:-909.4:-327.9:1863.4:1914.4|20:1225.1:2540.1:1882.6:1953.5|16:167.2:746.7:1904.6:1959.2
7.556980,1785156947.358021021,track_gap,ultrasonic_first_car_seen_wait_none SR=1027mm,100,0,0,3,,,,,,,,,,,,,,,,,,,,4:1606.2:1641.7:-622.1:-531.9|52:-1953.7:693.2:1805.9:2012.7|19:1172.7:2540.1:1898.7:1953.5
7.657692,1785156947.468925953,track_gap,ultrasonic_first_car_seen_wait_none SR=1027mm,100,0,0,4,,,,,,,,,,,,,,,,,,,,17:1171.0:1882.8:1898.7:1951.3|3:2275.8:2534.4:1908.3:1969.6|19:-1864.1:-1038.0:1912.6:1987.3|34:-582.4:450.9:1942.0:2012.7
7.754752,1785156947.583595991,track_gap,ultrasonic_first_car_seen_wait_none SR=1021mm,100,0,0,3,,,,,,,,,,,,,,,,,,,,3:1500.0:1537.2:-538.2:-476.1|27:981.6:2600.7:1896.0:2022.4|51:-1864.1:450.9:1912.6:2091.1
7.890701,1785156947.696008921,track_gap,ultrasonic_first_car_seen_wait_none SR=996mm,100,0,0,3,,,,,,,,,,,,,,,,,,,,27:981.6:2600.7:1896.0:2022.4|23:-311.1:372.6:1942.1:2046.5|24:-1863.6:-823.7:1992.0:2091.1
7.988994,1785156947.806950808,track_gap,ultrasonic_first_car_seen_wait_none SR=1010mm,100,0,0,3,,,,,,,,,,,,,,,,,,,,26:1019.5:2626.2:1903.0:2013.1|27:-496.0:372.6:1942.1:2023.5|20:-1861.6:-1019.6:1951.8:2028.4
8.118127,1785156947.921468973,track_gap,ultrasonic_first_car_seen_wait_none SR=1012mm,100,0,0,3,,,,,,,,,,,,,,,,,,,,6:1400.0:1442.1:-454.2:-325.2|30:941.3:2626.2:1937.3:2041.7|40:-1862.5:357.1:1951.8:2145.5
8.216935,1785156948.032579184,track_gap,ultrasonic_first_car_seen_wait_none SR=1012mm,100,0,0,3,,,,,,,,,,,,,,,,,,,,8:1376.2:1412.3:-454.2:-306.7|27:941.3:2655.2:1925.8:2041.7|46:-1951.5:573.6:1949.0:2145.5
8.348137,1785156948.147694111,track_gap,ultrasonic_first_car_seen_wait_none SR=972mm,100,0,0,4,,,,,,,,,,,,,,,,,,,,7:1354.1:1385.2:-435.5:-262.1|26:1101.0:2655.2:1894.6:1971.1|32:-358.2:573.6:1949.0:2026.5|24:-1951.5:-883.8:2004.5:2074.3
8.449144,1785156948.259120941,track_gap,ultrasonic_first_car_seen_wait_none SR=999mm,100,0,0,4,,,,,,,,,,,,,,,,,,,,8:1328.3:1376.3:-421.3:-254.0|28:1100.1:2660.1:1825.1:1971.1|29:-359.3:457.8:1959.3:2026.5|26:-1973.7:-821.2:2019.4:2091.5
8.548325,1785156948.369990826,track_gap,ultrasonic_first_car_seen_wait_none SR=999mm,100,0,0,3,,,,,,,,,,,,,,,,,,,,10:1322.0:1355.5:-421.3:-212.2|27:1044.4:2660.1:1825.1:1998.3|56:-1973.7:453.8:1959.3:2092.3
8.682314,1785156948.484488010,track_gap,ultrasonic_first_car_seen_wait_none SR=986mm,100,0,0,3,,,,,,,,,,,,,,,,,,,,11:1319.0:1362.3:-384.6:-175.8|26:1044.4:2576.0:1864.0:1998.3|56:-1868.1:451.7:1982.2:2092.3
8.783382,1785156948.595752001,track_gap,ultrasonic_first_car_seen_wait_none SR=979mm,100,0,0,3,,,,,,,,,,,,,,,,,,,,11:1307.0:1362.3:-384.6:-163.2|25:1094.7:2404.7:1864.0:1989.7|55:-2067.6:451.7:1954.9:2075.2
8.881703,1785156948.707720041,track_gap,ultrasonic_first_car_seen_wait_none SR=1007mm,100,0,0,3,,,,,,,,,,,,,,,,,,,,11:1301.1:1338.6:-324.8:-119.9|26:1025.0:2435.3:1923.0:2011.7|54:-2129.4:377.2:1954.9:2098.0
9.009331,1785156948.821686029,track_gap,ultrasonic_first_car_seen_wait_none SR=1007mm,100,0,0,4,,,,,,,,,,,,,,,,,,,,13:1295.4:1392.0:-372.6:-80.2|28:1018.3:2435.3:1923.0:2012.0|26:-385.7:368.8:1995.1:2047.6|30:-2129.4:-846.5:2014.4:2098.0
9.107283,1785156948.932991028,track_gap,ultrasonic_first_car_seen_wait_none SR=1019mm,100,0,0,4,,,,,,,,,,,,,,,,,,,,12:1289.2:1392.0:-372.6:-72.7|29:-2093.4:-846.5:1956.4:2073.9|31:771.2:2272.9:1974.0:2111.6|21:-390.8:368.8:1995.1:2077.4
9.241213,1785156949.044474125,track_gap,ultrasonic_first_car_seen_wait_none SR=1008mm,100,0,0,4,,,,,,,,,,,,,,,,,,,,11:1282.4:1318.9:-225.6:-32.7|28:-2093.4:-908.5:1917.2:2048.1|20:-450.1:363.0:1996.7:2077.4|29:771.2:2272.9:2002.1:2111.6
9.340115,1785156949.159354210,track_gap,ultrasonic_first_car_seen_wait_none SR=1040mm,100,0,0,4,,,,,,,,,,,,,,,,,,,,13:1271.0:1347.1:-268.0:6.7|24:-2052.6:-908.5:1917.2:2034.6|30:-506.1:471.1:1954.8:2026.7|23:1019.3:2465.5:1981.5:2034.7
9.475256,1785156949.271556139,track_gap,ultrasonic_first_car_seen_wait_none SR=1048mm,100,0,0,4,,,,,,,,,,,,,,,,,,,,15:1267.8:1347.1:-268.0:40.7|24:-2097.5:-902.9:1928.0:2031.6|25:-506.1:471.1:1954.8:2055.7|25:952.6:2481.6:1981.5:2050.5
9.573378,1785156949.382352829,track_gap,ultrasonic_first_car_seen_wait_none SR=1048mm,100,0,0,4,,,,,,,,,,,,,,,,,,,,14:1259.7:1343.7:-231.3:71.8|27:-2097.5:-902.9:1965.6:2037.2|27:952.6:2497.6:1983.3:2050.5|20:-504.2:313.1:1996.7:2055.7
9.671785,1785156949.496298075,track_gap,ultrasonic_first_car_seen_wait_none SR=1109mm,100,0,0,4,,,,,,,,,,,,,,,,,,,,12:1259.7:1331.1:-194.5:105.2|25:1025.5:2497.6:1925.7:2022.1|26:-2113.5:-964.4:1971.5:2046.1|28:-504.2:433.2:1992.6:2050.8
9.801780,1785156949.608329058,track_gap,ultrasonic_first_car_seen_wait_none SR=1070mm,100,0,0,4,,,,,,,,,,,,,,,,,,,,11:1261.6:1289.7:-117.1:105.2|27:-2131.2:-952.7:1918.9:2046.1|25:1039.3:2437.6:1925.7:2023.4|29:-492.2:433.2:1992.6:2035.0
9.900560,1785156949.723155022,track_gap,ultrasonic_first_car_seen_wait_none SR=1070mm,100,0,0,4,,,,,,,,,,,,,,,,,,,,10:1266.0:1290.6:-80.5:172.1|29:-2131.2:-951.5:1918.9:2040.6|29:853.7:2471.7:1938.5:2076.9|22:-491.8:382.9:2003.9:2076.2
10.033253,1785156949.833808899,track_gap,ultrasonic_first_car_seen_wait_none SR=1085mm,100,0,0,4,,,,,,,,,,,,,,,,,,,,10:1266.8:1290.6:-47.4:205.9|30:853.7:2595.4:1904.1:2076.9|29:-2129.4:-949.4:1919.1:2053.4|24:-491.8:390.3:1998.5:2076.2
10.132817,1785156949.945093870,track_gap,ultrasonic_first_car_seen_wait_none SR=1108mm,100,0,0,4,,,,,,,,,,,,,,,,,,,,13:1263.4:1296.7:-14.5:245.4|26:-2129.4:-949.4:1890.7:2053.4|29:981.1:2595.4:1904.1:2039.8|32:-538.4:390.3:1970.5:2023.1
10.232385,1785156950.060376167,track_gap,ultrasonic_first_car_seen_wait_none SR=1141mm,100,0,0,5,,,,,,,,,,,,,,,,,,,,3:-1444.9:-1435.2:-635.5:-590.2|15:1260.9:1296.7:-14.5:284.3|27:-2058.4:-888.2:1890.7:2056.4|27:981.1:2500.5:1906.7:2039.8|34:-538.4:569.9:1970.5:2021.2
10.364915,1785156950.171871901,track_gap,ultrasonic_first_car_seen_wait_none SR=1131mm,100,0,0,5,,,,,,,,,,,,,,,,,,,,5:-1480.9:-1432.3:-705.3:-548.3|14:1256.4:1284.5:23.8:320.6|28:-2179.4:-888.2:1866.6:2056.4|25:980.0:2252.2:1906.7:2031.8|36:-536.2:569.9:1969.0:2024.5
10.465503,1785156950.286029100,track_gap,ultrasonic_first_car_seen_wait_none SR=1131mm,100,0,0,5,,,,,,,,,,,,,,,,,,,,5:-1480.9:-1432.3:-705.3:-535.7|13:1256.4:1367.9:18.7:356.4|28:-2179.4:-926.9:1866.6:2026.6|27:924.1:2252.2:1957.3:2044.1|30:-536.2:511.2:1969.0:2055.2
10.597264,1785156950.396912098,entry_setup,timed_left_setup:0.07/7.00s,50,-150,0,5,,,,,,,,,,,,,,,,,,,,5:-1471.2:-1434.0:-693.0:-484.0|14:1265.0:1371.4:18.7:440.8|31:924.1:2635.9:1921.7:2044.1|28:-2116.5:-926.9:1922.3:2026.6|27:-529.5:406.5:1989.0:2055.2
10.696505,1785156950.508661032,entry_setup,timed_left_setup:0.17/7.00s,50,-150,0,3,,,,,,,,,,,,,,,,,,,,7:-1487.5:-1438.8:-684.9:-438.3|13:1256.1:1371.4:54.6:440.8|87:-2129.4:2546.0:1939.5:2228.4
10.823745,1785156950.623353004,entry_setup,timed_left_setup:0.30/7.00s,50,-150,0,3,,,,,,,,,,,,,,,,,,,,7:-1487.5:-1442.1:-630.1:-397.8|12:1247.6:1276.6:195.1:433.1|83:-2129.4:2544.9:1960.4:2228.4
10.922645,1785156950.734474897,entry_setup,timed_left_setup:0.39/7.00s,50,-150,0,6,,,,,,,,,,,,,,,,,,,,5:-1463.9:-1434.2:-581.9:-397.8|12:1247.6:1277.1:200.4:433.1|25:-2067.6:-1010.0:1922.3:2031.3|22:977.5:1925.2:1960.4:2066.6|3:2286.1:2544.9:1968.3:2026.9|30:-478.4:458.8:1982.4:2032.3
11.021396,1785156950.846159935,entry_setup,timed_left_setup:0.49/7.00s,50,-150,0,5,,,,,,,,,,,,,,,,,,,,4:-1441.9:-1417.5:-636.2:-402.4|10:1251.5:1277.1:210.1:404.2|25:-2029.0:-1015.0:1890.0:1994.5|26:-432.8:321.9:2001.2:2045.1|28:965.3:2529.8:2006.7:2066.6
11.154973,1785156950.960267067,entry_setup,timed_left_setup:0.63/7.00s,50,-150,0,5,,,,,,,,,,,,,,,,,,,,4:-1450.0:-1417.5:-707.2:-412.9|10:1246.8:1264.0:251.8:445.4|26:-2023.3:-1015.0:1890.0:1988.9|28:-562.4:365.6:1973.4:2045.1|28:965.3:2529.8:1977.4:2059.2
11.254910,1785156951.072659016,entry_setup,timed_left_setup:0.73/7.00s,50,-150,0,5,,,,,,,,,,,,,,,,,,,,3:-1450.0:-1435.8:-707.2:-419.3|11:1237.4:1264.0:257.9:533.6|26:-2186.1:-1025.2:1891.9:1994.1|29:-562.4:365.6:1973.4:2049.1|28:883.1:2497.2:1977.4:2061.5
11.351372,1785156951.183590889,entry_setup,timed_left_setup:0.82/7.00s,50,-150,0,5,,,,,,,,,,,,,,,,,,,,3:-1519.2:-1438.6:-751.2:-423.1|13:1228.3:1267.1:295.8:534.8|25:-2186.1:-983.8:1920.3:2017.1|29:883.1:2497.2:2000.7:2061.5|26:-395.7:355.5:2006.7:2049.1
11.488134,1785156951.297889948,entry_setup,timed_left_setup:0.96/7.00s,50,-150,0,5,,,,,,,,,,,,,,,,,,,,4:-1527.6:-1411.1:-761.1:-430.5|15:1227.2:1280.8:302.7:580.7|24:-2090.5:-983.8:1928.2:2017.1|29:933.5:2491.2:1988.8:2043.9|29:-460.4:411.8:1989.2:2042.3
11.588045,1785156951.409466982,entry_setup,timed_left_setup:1.06/7.00s,50,-150,0,5,,,,,,,,,,,,,,,,,,,,4:-1528.7:-1402.4:-761.1:-470.5|14:1216.2:1281.0:307.9:580.7|25:-2095.4:-1049.3:1928.2:2016.1|29:933.5:2461.2:1988.8:2051.0|29:-460.4:411.8:1989.2:2038.7
11.716390,1785156951.524096012,entry_setup,timed_left_setup:1.19/7.00s,50,-150,0,5,,,,,,,,,,,,,,,,,,,,4:-1528.7:-1402.4:-760.6:-511.3|12:1206.2:1298.8:311.2:522.5|27:-2095.4:-986.8:1928.5:2016.1|26:928.2:2330.5:1965.9:2051.0|29:-407.6:470.0:2001.0:2038.7
11.813874,1785156951.635287046,entry_setup,timed_left_setup:1.29/7.00s,50,-150,0,5,,,,,,,,,,,,,,,,,,,,5:-1527.6:-1403.5:-760.1:-562.2|12:1206.2:1298.8:315.2:522.5|28:-2187.7:-986.8:1920.7:2013.4|25:928.2:2317.4:1965.9:2042.0|32:-517.6:473.3:1991.1:2035.5
11.946906,1785156951.746817112,entry_setup,timed_left_setup:1.42/7.00s,50,-150,0,5,,,,,,,,,,,,,,,,,,,,6:-1522.1:-1403.5:-758.9:-560.5|11:1200.3:1284.7:346.9:521.0|27:-2187.7:-1031.9:1920.7:2000.5|27:886.9:2333.7:1972.4:2055.0|32:-517.6:473.3:1991.1:2036.0
12.045433,1785156951.861608028,entry_setup,timed_left_setup:1.52/7.00s,50,-150,0,5,,,,,,,,,,,,,,,,,,,,6:-1521.7:-1415.6:-749.3:-553.3|11:1184.5:1272.0:376.4:670.6|25:-2083.3:-1021.0:1948.1:2012.1|27:886.9:2337.7:1957.3:2055.0|33:-510.4:482.6:1983.9:2036.0
12.144542,1785156951.972796917,entry_setup,timed_left_setup:1.62/7.00s,50,-150,0,5,,,,,,,,,,,,,,,,,,,,6:-1521.7:-1414.3:-742.2:-548.3|12:1184.5:1259.3:408.0:670.6|26:-2184.6:-1021.0:1949.3:2023.6|26:1018.0:2340.0:1957.3:2018.6|34:-499.6:493.8:1983.9:2024.4
12.280354,1785156952.083966017,entry_setup,timed_left_setup:1.75/7.00s,50,-150,0,5,,,,,,,,,,,,,,,,,,,,5:-1519.6:-1414.3:-734.5:-542.1|13:1178.1:1266.5:438.2:701.3|27:-2185.0:-1013.7:1950.2:2023.6|24:957.1:2340.0:1961.3:2020.8|35:-550.7:493.8:1975.4:2024.4
12.378343,1785156952.198460817,entry_setup,timed_left_setup:1.85/7.00s,50,-150,0,5,,,,,,,,,,,,,,,,,,,,4:-1513.4:-1413.3:-729.5:-542.1|14:1168.1:1266.5:445.4:701.3|27:-2185.0:-956.9:1950.2:2026.1|32:-550.7:497.3:1975.4:2025.3|22:956.8:2270.4:1979.6:2022.9
12.508239,1785156952.310862064,entry_setup,timed_left_setup:1.98/7.00s,50,-150,0,5,,,,,,,,,,,,,,,,,,,,4:-1505.6:-1411.5:-728.7:-539.2|11:1168.1:1248.0:477.5:697.7|22:956.8:2243.5:1948.9:2022.9|27:-2182.4:-953.6:1954.3:2049.2|29:-490.8:497.3:2002.4:2030.0
12.607123,1785156952.424947977,entry_setup,timed_left_setup:2.08/7.00s,50,-150,0,5,,,,,,,,,,,,,,,,,,,,4:-1505.6:-1409.2:-723.2:-533.4|10:1145.6:1242.8:512.4:765.9|22:967.0:2099.3:1948.9:2018.9|27:-2184.8:-953.6:1965.0:2049.2|31:-490.8:440.5:1989.7:2030.0
12.706406,1785156952.535686970,entry_setup,timed_left_setup:2.18/7.00s,50,-150,0,5,,,,,,,,,,,,,,,,,,,,4:-1500.6:-1403.3:-716.8:-533.4|13:1140.1:1238.2:545.5:814.8|27:-2184.8:-1019.6:1923.3:2023.3|24:845.7:2041.0:1983.8:2081.8|16:-429.2:439.7:1989.7:2029.3
12.837899,1785156952.647721052,entry_setup,timed_left_setup:2.31/7.00s,50,-150,0,5,,,,,,,,,,,,,,,,,,,,4:-1490.5:-1399.6:-717.0:-533.4|12:1129.2:1238.2:554.1:814.8|25:-2146.7:-956.9:1923.3:2040.0|23:845.7:2041.0:1974.5:2081.8|10:-202.0:323.6:2033.5:2056.3
12.936408,1785156952.762278795,entry_setup,timed_left_setup:2.41/7.00s,50,-150,0,5,,,,,,,,,,,,,,,,,,,,4:-1484.4:-1399.6:-717.0:-534.1|12:1120.0:1213.5:632.6:853.6|25:-2096.9:-956.9:1967.1:2040.0|19:1016.7:1877.0:1974.5:2011.7|27:-438.6:487.2:1997.4:2056.3
13.072858,1785156952.873588085,entry_setup,timed_left_setup:2.54/7.00s,50,-150,0,5,,,,,,,,,,,,,,,,,,,,5:-1481.4:-1400.6:-714.0:-499.4|14:1109.9:1213.5:632.6:853.6|26:-2199.5:-1023.3:1947.0:2014.1|19:1016.5:1866.8:1977.4:2016.8|32:-438.6:487.2:1997.4:2039.4
13.171578,1785156952.984965086,entry_setup,timed_left_setup:2.64/7.00s,50,-150,0,5,,,,,,,,,,,,,,,,,,,,5:-1473.0:-1403.5:-716.8:-498.2|11:1099.5:1210.5:635.2:899.8|24:-2199.5:-1029.4:1947.0:2004.1|19:1016.5:1866.8:1965.5:2016.8|31:-394.9:484.9:1998.5:2039.4
13.300430,1785156953.099756956,entry_setup,timed_left_setup:2.77/7.00s,50,-150,0,5,,,,,,,,,,,,,,,,,,,,5:-1485.6:-1399.0:-722.5:-498.2|9:1090.2:1198.9:686.5:901.2|16:1071.2:1838.0:1938.9:1996.2|22:-2143.6:-1034.5:1948.4:2013.9|35:-519.2:585.1:1982.9:2031.0
13.399631,1785156953.211055040,entry_setup,timed_left_setup:2.87/7.00s,50,-150,0,5,,,,,,,,,,,,,,,,,,,,6:-1485.6:-1395.4:-735.2:-504.0|8:1080.3:1198.9:686.5:951.0|15:1100.9:1701.4:1933.7:1964.0|39:-519.2:632.7:1967.3:2007.8|22:-2143.6:-1049.6:1967.6:2013.9
13.496016,1785156953.325029135,entry_setup,timed_left_setup:2.97/7.00s,50,-150,0,5,,,,,,,,,,,,,,,,,,,,6:-1472.7:-1395.4:-735.2:-473.9|7:1072.2:1170.2:762.6:951.0|14:1100.9:1674.1:1932.5:1957.9|21:-2140.5:-1051.0:1934.6:2002.1|41:-516.4:647.1:1967.3:2007.8
13.630013,1785156953.436275005,entry_setup,timed_left_setup:3.10/7.00s,50,-150,0,5,,,,,,,,,,,,,,,,,,,,7:-1469.3:-1395.4:-724.1:-466.6|10:1072.2:1179.2:762.6:1049.8|13:1107.0:1581.4:1916.2:1957.9|22:-2030.6:-1038.5:1934.6:2021.7|40:-516.4:647.1:1964.9:2015.6
13.727977,1785156953.548106909,entry_setup,timed_left_setup:3.20/7.00s,50,-150,0,5,,,,,,,,,,,,,,,,,,,,8:-1467.5:-1395.4:-724.1:-462.5|12:1057.2:1179.2:763.9:1096.8|13:1109.0:1581.4:1916.2:1950.7|39:-455.4:645.6:1964.9:2015.6|24:-2034.0:-1038.5:1994.3:2022.7
13.863764,1785156953.662421942,entry_setup,timed_left_setup:3.34/7.00s,50,-150,0,5,,,,,,,,,,,,,,,,,,,,7:-1467.3:-1396.4:-721.9:-462.5|11:1055.8:1168.4:804.4:1096.8|13:999.2:1495.6:1924.1:2019.3|34:-455.4:643.9:1967.0:2036.8|26:-2166.2:-993.6:1994.7:2037.1
13.960185,1785156953.773869991,entry_setup,timed_left_setup:3.43/7.00s,50,-150,0,5,,,,,,,,,,,,,,,,,,,,5:-1458.7:-1395.6:-673.8:-463.1|10:1047.5:1145.9:840.6:1094.2|12:999.2:1439.0:1947.6:2019.3|26:-2166.2:-993.6:1968.1:2037.1|32:-471.6:578.8:1991.9:2036.8
14.058687,1785156953.885277987,entry_setup,timed_left_setup:3.53/7.00s,50,-150,0,5,,,,,,,,,,,,,,,,,,,,5:-1476.7:-1393.6:-678.2:-466.5|10:1023.2:1145.9:847.5:1140.2|10:1096.5:1411.8:1947.6:1968.5|25:-2198.0:-1006.0:1968.1:2031.4|36:-471.6:578.8:1991.9:2033.5
14.194300,1785156954.000783920,entry_setup,timed_left_setup:3.67/7.00s,50,-150,0,5,,,,,,,,,,,,,,,,,,,,7:-1476.7:-1393.3:-681.3:-436.4|11:1013.0:1131.8:894.7:1140.2|11:1030.2:1406.9:1957.7:1993.6|30:-417.9:574.8:2000.3:2050.7|27:-2198.0:-953.7:2010.3:2068.2
14.294050,1785156954.111382961,entry_setup,timed_left_setup:3.77/7.00s,50,-150,0,5,,,,,,,,,,,,,,,,,,,,8:-1463.7:-1393.3:-688.9:-436.4|11:1006.9:1125.8:897.0:1139.3|11:1030.2:1402.2:1951.1:1993.6|30:-437.8:552.9:1995.8:2050.7|25:-2136.4:-953.7:2015.0:2068.2
14.420019,1785156954.223027945,entry_setup,timed_left_setup:3.89/7.00s,50,-150,0,5,,,,,,,,,,,,,,,,,,,,6:-1451.6:-1393.2:-688.9:-439.7|10:990.0:1108.6:942.7:1194.3|9:1077.4:1378.1:1951.1:1993.8|32:-437.8:552.9:1995.8:2056.1|23:-2121.0:-969.0:1996.3:2041.1
14.520539,1785156954.336975813,entry_setup,timed_left_setup:3.99/7.00s,50,-150,0,5,,,,,,,,,,,,,,,,,,,,4:-1445.4:-1388.7:-650.9:-444.7|10:982.6:1108.3:949.7:1194.3|7:1079.0:1294.1:1939.5:1993.8|34:-441.2:657.8:1963.2:2056.1|21:-2121.0:-969.0:1996.3:2034.5
14.618457,1785156954.449002028,entry_setup,timed_left_setup:4.09/7.00s,50,-150,0,5,,,,,,,,,,,,,,,,,,,,5:-1467.0:-1387.2:-650.9:-445.7|9:975.3:1090.5:990.6:1190.0|7:1080.5:1294.6:1939.5:1990.1|36:-441.2:657.8:1963.2:2043.5|21:-2007.7:-964.9:1998.3:2032.9
14.752294,1785156954.563765049,entry_setup,timed_left_setup:4.22/7.00s,50,-150,0,5,,,,,,,,,,,,,,,,,,,,7:-1467.0:-1386.6:-649.5:-409.9|8:971.3:1075.5:1029.6:1176.6|8:1065.8:1294.6:1952.2:1990.1|35:-384.4:661.6:1964.9:2043.5|24:-2147.9:-964.9:2004.4:2034.6
14.849903,1785156954.674726963,entry_setup,timed_left_setup:4.32/7.00s,50,-150,0,6,,,,,,,,,,,,,,,,,,,,8:-1461.1:-1386.6:-649.0:-405.8|3:1287.2:1359.1:-536.7:-383.2|6:969.2:1075.5:1036.9:1173.1|8:1065.8:1301.8:1952.2:1974.8|39:-498.9:661.6:1964.9:2025.1|23:-2147.9:-1030.2:1989.8:2034.6
14.985917,1785156954.786664963,entry_setup,timed_left_setup:4.46/7.00s,50,-150,0,6,,,,,,,,,,,,,,,,,,,,7:-1451.3:-1388.5:-648.1:-405.8|3:1269.0:1317.6:-520.7:-372.5|5:968.9:1056.7:1079.4:1176.0|7:1069.9:1301.8:1958.2:1984.7|38:-498.9:603.5:1975.9:2031.8|22:-2037.7:-1030.2:1989.8:2027.0
15.085149,1785156954.900758028,entry_setup,timed_left_setup:4.56/7.00s,50,-150,0,5,,,,,,,,,,,,,,,,,,,,6:-1445.0:-1386.9:-648.1:-405.9|3:1269.0:1297.2:-417.6:-331.2|5:968.9:1056.7:1079.4:1176.0|47:-503.8:1210.2:1934.2:2031.8|22:-2043.3:-1041.5:1996.5:2027.0
15.183246,1785156955.012911081,entry_setup,timed_left_setup:4.65/7.00s,50,-150,0,5,,,,,,,,,,,,,,,,,,,,6:-1427.9:-1386.9:-696.6:-410.8|5:1245.8:1297.2:-445.9:-318.9|5:967.8:1029.5:1114.8:1189.8|50:-513.7:1189.3:1934.2:2021.6|23:-2121.5:-1042.2:1962.9:2017.9
15.311882,1785156955.124218225,entry_setup,timed_left_setup:4.78/7.00s,50,-150,0,5,,,,,,,,,,,,,,,,,,,,4:-1410.6:-1388.8:-696.6:-412.1|6:1245.8:1274.1:-445.9:-282.0|5:966.5:1029.5:1129.1:1198.9|23:-2121.5:-1106.5:1944.6:1979.8|47:-525.2:1127.8:1966.5:2039.9
15.411815,1785156955.238237858,entry_setup,timed_left_setup:4.88/7.00s,50,-150,0,4,,,,,,,,,,,,,,,,,,,,8:1229.6:1274.1:-404.4:-238.8|3:966.5:1002.5:1165.9:1198.9|22:-2117.6:-1115.2:1944.6:1979.8|47:-591.4:1127.8:1949.7:2039.9
15.543453,1785156955.349794149,entry_setup,timed_left_setup:5.01/7.00s,50,-150,0,3,,,,,,,,,,,,,,,,,,,,10:1214.4:1267.2:-387.2:-232.5|47:-591.4:744.7:1941.1:1996.0|23:-2189.1:-1058.1:1954.0:1997.3
15.643108,1785156955.464722872,entry_setup,timed_left_setup:5.11/7.00s,50,-150,0,5,,,,,,,,,,,,,,,,,,,,3:-1370.4:-1345.0:-588.8:-466.9|8:1205.8:1242.8:-385.5:-232.5|3:1107.0:1387.1:1920.2:1976.6|47:-590.6:744.7:1941.1:1995.6|24:-2189.1:-1058.1:1966.7:2016.5
15.779408,1785156955.575701952,entry_setup,timed_left_setup:5.25/7.00s,50,-150,0,5,,,,,,,,,,,,,,,,,,,,3:-1349.8:-1343.5:-680.4:-547.1|9:1199.5:1238.0:-385.9:-161.6|5:1107.0:1387.1:1914.5:1976.6|46:-586.8:687.6:1943.1:1999.1|21:-2189.1:-1058.4:1972.3:2016.5
15.876854,1785156955.686712980,entry_setup,timed_left_setup:5.35/7.00s,50,-150,0,4,,,,,,,,,,,,,,,,,,,,9:1187.7:1238.0:-385.9:-161.6|5:1227.5:1406.6:1914.5:1937.2|47:-639.0:689.7:1946.6:1999.1|20:-2180.5:-1117.6:1962.0:2001.4
15.976545,1785156955.801743031,entry_setup,timed_left_setup:5.45/7.00s,50,-150,0,4,,,,,,,,,,,,,,,,,,,,8:1181.5:1197.7:-299.7:-155.7|8:1237.6:1841.5:1890.3:1943.5|47:-639.0:689.7:1939.5:1990.0|21:-2056.6:-1117.6:1960.6:1986.9
16.105125,1785156955.912707090,entry_setup,timed_left_setup:5.58/7.00s,50,-150,0,5,,,,,,,,,,,,,,,,,,,,9:1171.6:1200.8:-297.2:-155.7|3:1727.4:1828.7:1891.6:1908.0|5:1157.5:1313.4:1938.1:1954.1|21:-2182.7:-1129.6:1939.1:1986.9|47:-651.8:682.7:1939.5:1996.1
16.203389,1785156956.023921013,entry_setup,timed_left_setup:5.67/7.00s,50,-150,0,5,,,,,,,,,,,,,,,,,,,,9:1171.6:1204.7:-292.8:-107.1|4:2123.7:2581.0:1888.6:1917.0|6:1125.2:1313.1:1929.9:1954.1|21:-2182.7:-1094.0:1939.1:2007.5|47:-651.8:682.7:1945.9:2032.4
16.335377,1785156956.138497114,entry_setup,timed_left_setup:5.81/7.00s,50,-150,0,4,,,,,,,,,,,,,,,,,,,,10:1163.0:1204.7:-286.4:-107.1|5:2123.7:2602.9:1854.5:1891.3|57:-626.8:1695.8:1890.8:2032.4|21:-2129.4:-1036.2:1971.3:2019.6
16.435894,1785156956.250900030,entry_setup,timed_left_setup:5.91/7.00s,50,-150,0,4,,,,,,,,,,,,,,,,,,,,9:1155.4:1201.0:-276.9:-124.0|6:2060.2:2602.9:1854.5:1887.7|59:-629.9:1663.7:1882.3:1996.2|21:-2055.2:-1036.2:1982.7:2022.9
16.534362,1785156956.362174034,entry_setup,timed_left_setup:6.01/7.00s,50,-150,0,4,,,,,,,,,,,,,,,,,,,,8:1154.7:1180.0:-231.4:-93.1|4:2060.2:2595.2:1861.8:1882.4|56:-629.9:1642.6:1882.3:1991.6|21:-2171.9:-1035.2:1978.9:2029.8
16.669584,1785156956.475740910,entry_setup,timed_left_setup:6.14/7.00s,50,-150,0,5,,,,,,,,,,,,,,,,,,,,10:1145.6:1178.0:-199.1:-28.4|3:2339.1:2635.4:1867.9:1891.4|5:1488.4:1873.5:1888.9:1917.4|49:-564.8:810.6:1895.2:1995.1|21:-2171.9:-1035.2:1972.6:2035.2
16.768723,1785156956.588046074,entry_setup,timed_left_setup:6.24/7.00s,50,-150,0,5,,,,,,,,,,,,,,,,,,,,11:1137.6:1191.6:-208.8:-28.4|4:2367.2:2635.4:1867.9:1893.3|7:1419.1:1981.1:1870.7:1917.4|49:-611.9:773.5:1917.4:1995.1|19:-2157.8:-1087.3:1966.2:2035.2
16.896779,1785156956.702624083,entry_setup,timed_left_setup:6.37/7.00s,50,-150,0,4,,,,,,,,,,,,,,,,,,,,10:1134.5:1191.6:-208.8:-40.5|11:1325.5:2515.9:1829.0:1902.6|52:-611.9:905.8:1893.8:1992.0|18:-2139.2:-1066.5:1966.2:2052.3
16.995403,1785156956.814182997,entry_setup,timed_left_setup:6.47/7.00s,50,-150,0,4,,,,,,,,,,,,,,,,,,,,11:1125.1:1183.7:-179.9:21.0|11:1325.5:2240.5:1829.0:1870.0|53:-596.4:905.8:1891.5:1977.1|17:-2139.2:-1066.5:1949.1:2052.3
17.094929,1785156956.925221205,entry_setup,timed_left_setup:6.57/7.00s,50,-150,0,4,,,,,,,,,,,,,,,,,,,,12:1121.0:1179.8:-146.5:27.0|13:1246.7:2240.5:1840.5:1873.6|54:-713.4:845.5:1889.7:1966.4|18:-2094.5:-1131.7:1938.5:1995.2
17.230940,1785156957.039478064,entry_setup,timed_left_setup:6.70/7.00s,50,-150,0,4,,,,,,,,,,,,,,,,,,,,13:1119.3:1191.5:-143.6:63.1|16:1243.2:2435.5:1817.6:1878.3|56:-724.8:834.7:1886.0:1952.2|18:-2128.6:-1133.2:1938.5:2012.3
17.325843,1785156957.151378870,entry_setup,timed_left_setup:6.80/7.00s,50,-150,0,4,,,,,,,,,,,,,,,,,,,,14:1119.3:1191.5:-140.4:98.7|18:1243.2:2435.5:1808.7:1878.3|57:-727.7:874.1:1864.0:1952.2|16:-2128.6:-1143.2:1928.4:2012.3
17.455762,1785156957.262175083,entry_setup,timed_left_setup:6.93/7.00s,50,-150,0,4,,,,,,,,,,,,,,,,,,,,13:1117.6:1168.3:-99.0:102.4|19:1284.6:2275.1:1808.7:1851.8|57:-727.7:874.1:1864.0:1950.5|17:-2013.4:-1143.2:1928.4:1993.7
17.557267,1785156957.377279043,entry_setup,timed_left_complete_reset_lidar,0,0,0,4,,,,,,,,,,,,,,,,,,,,13:1116.2:1174.1:-62.8:136.1|18:1284.6:2517.1:1802.7:1851.8|45:-789.6:866.1:1851.5:1950.5|15:-2013.4:-1159.6:1932.3:1993.7
17.690281,1785156957.488459110,entry_setup,stationary_post_turn_triangle:1/3 lidar_decision_triangle_ready,0,0,1,4,1631.253056,975.426445,157.676307,-341.538284,1120.271983,316.944080,638.974145,0.852642,0.522496,45.346164,58.500166,-121.176523,-604.101227,604.101227,,,,,,14:1110.5:1174.1:-62.8:240.5|15:1216.7:1945.8:1826.8:1895.0|39:-789.6:851.7:1851.5:1953.0|14:-1899.8:-1172.6:1932.3:1962.7
17.792158,1785156957.603349924,entry_setup,stationary_post_turn_triangle:2/3 lidar_decision_triangle_ready,0,0,1,4,1648.313726,991.878097,171.809311,-321.094027,1168.324409,335.392035,670.066860,0.855469,0.517853,47.024693,58.811633,-137.941793,-633.913987,633.913987,,,,,,14:1110.2:1163.4:13.2:242.8|18:1156.6:2054.8:1879.3:1928.5|46:-634.5:797.6:1894.4:1980.1|18:-2156.0:-1117.1:1934.4:1974.5
17.889414,1785156957.714581013,entry_setup,stationary_post_turn_triangle:0/3 fresh_two_car_pair_required,0,0,1,3,1648.313726,991.878097,171.809311,-321.094027,1168.324409,335.392035,670.066860,0.855469,0.517853,47.024693,58.811633,-137.941793,-633.913987,633.913987,,,,,,14:1107.1:1163.4:15.2:245.6|69:-636.3:2054.8:1862.8:1980.1|17:-1787.9:-1117.1:1932.0:1963.2
18.018234,1785156957.825798988,entry_setup,stationary_post_turn_triangle:1/3 lidar_decision_triangle_ready,0,0,1,4,1643.892116,986.125064,171.742773,-323.223875,1165.717946,331.450594,668.730360,0.855113,0.518442,47.082974,58.772215,-140.347951,-630.125429,630.125429,,,,,,16:1107.1:1178.9:-44.7:251.8|19:1198.7:2134.0:1862.8:1898.8|52:-763.0:847.8:1876.6:1944.3|16:-2042.1:-1179.5:1923.9:1958.1
18.117182,1785156957.939762831,entry_setup,stationary_post_turn_triangle:2/3 lidar_decision_triangle_ready,0,0,1,4,1652.998465,982.963044,171.280447,-330.369009,1175.054745,326.297017,673.167596,0.853065,0.521805,47.275028,58.546585,-149.529479,-629.614781,629.614781,,,,,,14:1108.6:1178.9:-44.7:251.8|18:1187.1:2412.8:1870.5:1906.7|55:-785.4:783.4:1901.5:1951.2|16:-2042.1:-1185.0:1923.9:1963.1
18.249854,1785156958.052789927,entry_setup,stationary_post_turn_triangle:0/3 fresh_two_car_pair_required,0,0,1,4,1652.998465,982.963044,171.280447,-330.369009,1175.054745,326.297017,673.167596,0.853065,0.521805,47.275028,58.546585,-149.529479,-629.614781,629.614781,,,,,,11:1108.6:1173.6:-28.8:164.8|18:1187.1:2412.8:1882.9:1906.7|53:-785.4:774.1:1909.9:1956.4|16:-1865.3:-1157.9:1926.3:1963.1
18.348068,1785156958.163182020,entry_setup,stationary_post_turn_triangle:1/3 lidar_decision_triangle_ready,0,0,1,4,1664.058404,987.052092,174.688516,-315.915029,1209.757138,335.568532,692.222827,0.856008,0.516962,48.499686,58.871299,-167.820651,-645.102458,645.102458,,,,,,14:1109.8:1186.1:-52.8:241.8|18:1208.9:2227.6:1873.7:1899.2|51:-638.6:797.2:1911.4:1956.4|16:-2166.1:-1157.9:1923.4:1970.8
18.448286,1785156958.274821043,entry_setup,stationary_post_turn_triangle:2/3 lidar_decision_triangle_ready,0,0,1,4,1670.825232,983.144020,169.187083,-326.225166,1207.074017,328.459427,688.130550,0.854385,0.519641,48.166785,58.691817,-170.051929,-638.211626,638.211626,,,,,,15:1108.6:1186.1:-52.8:241.8|18:1186.7:2162.0:1873.7:1907.2|54:-787.1:797.2:1911.4:1955.5|18:-2166.1:-1144.8:1923.4:1970.8
18.583441,1785156958.389306068,entry_setup,stationary_post_turn_triangle:0/3 fresh_two_car_pair_required,0,0,1,3,1670.825232,983.144020,169.187083,-326.225166,1207.074017,328.459427,688.130550,0.854385,0.519641,48.166785,58.691817,-170.051929,-638.211626,638.211626,,,,,,14:1108.6:1176.4:-37.5:233.4|73:-787.1:2206.6:1880.5:1955.9|19:-1946.7:-1144.8:1929.4:1952.1
18.682333,1785156958.500658035,entry_setup,stationary_post_turn_triangle:0/3 fresh_two_car_pair_required,0,0,1,3,1670.825232,983.144020,169.187083,-326.225166,1207.074017,328.459427,688.130550,0.854385,0.519641,48.166785,58.691817,-170.051929,-638.211626,638.211626,,,,,,15:1110.2:1170.2:-27.4:245.7|71:-642.4:2206.6:1880.5:1955.9|17:-2162.5:-1162.3:1929.8:1971.8
18.811281,1785156958.611905098,entry_setup,stationary_post_turn_triangle:1/3 lidar_decision_triangle_ready,0,0,1,4,1674.390085,980.793140,167.841518,-332.178915,1206.921179,324.307113,687.381349,0.853297,0.521426,48.068787,58.572049,-172.264400,-635.148615,635.148615,,,,,,15:1105.6:1177.0:-41.7:245.7|17:1190.6:2049.5:1881.8:1905.4|53:-780.3:793.2:1910.6:1955.8|16:-2162.5:-1183.1:1927.8:1971.8
18.910741,1785156958.725846052,entry_setup,stationary_post_turn_triangle:2/3 lidar_decision_triangle_ready,0,0,1,4,1703.087863,992.876620,148.070283,-341.454725,1206.402996,325.710947,677.236639,0.854540,0.519386,46.902054,58.708940,-165.661074,-630.080075,630.080075,,,,,,14:1105.6:1177.0:-41.7:164.9|18:1190.6:2412.7:1882.1:1905.4|54:-780.3:823.1:1912.7:1955.8|15:-1937.8:-1156.7:1926.9:1962.8
19.009103,1785156958.837399960,follow_entry_curve,gear_change_presteer_live_triangle:1,0,38,1,4,1695.335763,993.512429,158.459674,-327.025840,1221.635120,333.243295,690.047397,0.856689,0.515834,47.899836,58.946780,-173.169782,-641.435647,641.435647,76.236735,535.297184,0.000217,38,38,13:1107.9:1173.4:-28.5:241.4|20:1217.9:2226.1:1879.7:1903.7|53:-679.0:823.1:1910.0:1954.5|15:-1789.4:-1156.7:1926.9:1954.5
19.140249,1785156958.948561907,follow_entry_curve,live_triangle_reverse head=+58.8 lat=-176 depth=-638 remain=638,-90,37,1,4,1686.782596,985.676608,162.463851,-330.622896,1217.258212,327.526856,689.861032,0.855221,0.518264,48.065959,58.784150,-175.801012,-637.637692,637.637692,70.960579,534.381947,0.000202,37,37,14:1104.9:1179.0:-42.8:253.4|21:1188.0:2592.9:1877.4:1903.7|53:-772.6:798.7:1910.0:1955.6|18:-2186.6:-1179.0:1930.0:1972.1
19.240023,1785156959.063920975,follow_entry_curve,live_triangle_reverse_coast=1 head=+58.8 lat=-176 depth=-638 remain=638,-90,37,1,3,1686.782596,985.676608,162.463851,-330.622896,1217.258212,327.526856,689.861032,0.855221,0.518264,48.065959,58.784150,-175.801012,-637.637692,637.637692,70.960579,534.381947,0.000202,37,37,15:1104.9:1179.0:-42.8:253.4|16:1188.0:2038.2:1802.3:1895.5|70:-2186.6:815.4:1851.7:2129.9
19.376822,1785156959.175358057,follow_entry_curve,live_triangle_reverse_coast=2 head=+58.8 lat=-176 depth=-638 remain=638,-90,36,1,3,1686.782596,985.676608,162.463851,-330.622896,1217.258212,327.526856,689.861032,0.855221,0.518264,48.065959,58.784150,-175.801012,-637.637692,637.637692,70.960579,534.381947,0.000202,36,36,15:1109.6:1175.3:-43.5:221.2|18:1190.9:2377.5:1802.3:1897.8|68:-2109.1:815.4:1851.7:2129.9
19.474920,1785156959.289740086,follow_entry_curve,live_two_car_pair_lost_hold:gap_confirmed,0,0,0,2,,,,,,,,,,,,,,,,,,,,15:1112.9:1163.2:-70.2:221.2|90:-2031.1:2377.5:1867.9:2042.2
19.573224,1785156959.400955915,follow_entry_curve,live_two_car_pair_lost_hold:two_cars_no_valid_gap,0,0,0,2,,,,,,,,,,,,,,,,,,,,15:1112.9:1167.3:-101.8:191.2|93:-2048.1:2267.4:1797.5:2042.2
19.702185,1785156959.512174129,follow_entry_curve,live_two_car_pair_lost_hold:two_cars_no_valid_gap,0,0,0,3,,,,,,,,,,,,,,,,,,,,14:1113.0:1167.3:-101.8:161.1|20:1240.8:2457.1:1797.5:1886.9|72:-2048.1:831.9:1901.2:2021.1
19.800649,1785156959.627454996,follow_entry_curve,live_two_car_pair_lost_hold:two_cars_no_valid_gap,0,0,0,3,,,,,,,,,,,,,,,,,,,,12:1113.0:1159.0:-96.9:72.4|68:-578.2:2748.9:1844.2:2015.9|23:-2198.6:-1029.8:1988.4:2030.1
19.933533,1785156959.738085032,follow_entry_curve,live_two_car_pair_lost_hold:two_cars_no_valid_gap,0,0,0,3,,,,,,,,,,,,,,,,,,,,12:1113.4:1178.4:-118.0:72.4|67:-594.7:2748.9:1854.1:1989.1|19:-1847.2:-1045.0:1978.9:2004.9
20.031475,1785156959.850342989,follow_entry_curve,live_two_car_pair_lost_hold:two_cars_no_valid_gap,0,0,0,4,,,,,,,,,,,,,,,,,,,,13:1115.0:1178.4:-118.0:88.1|17:1191.4:2426.7:1866.6:1905.2|48:-594.7:785.7:1918.8:1990.5|19:-1866.6:-1061.3:1978.9:2004.5
20.166618,1785156959.964826822,follow_entry_curve,live_two_car_pair_lost_hold:two_cars_no_valid_gap,0,0,0,4,,,,,,,,,,,,,,,,,,,,13:1114.8:1171.4:-109.6:88.1|16:1184.1:2002.7:1869.6:1906.5|48:-614.3:785.7:1912.8:1990.9|20:-1884.7:-1079.5:1975.4:2003.2
20.267189,1785156960.075823069,follow_entry_curve,live_two_car_pair_lost_hold:two_cars_no_valid_gap,0,0,0,4,,,,,,,,,,,,,,,,,,,,11:1109.9:1164.4:-103.5:68.5|17:1165.6:2365.6:1867.8:1906.5|48:-614.3:771.6:1912.8:1992.7|20:-2018.6:-1096.4:1973.9:1998.1
20.364485,1785156960.187083006,follow_entry_curve,live_two_car_pair_lost_hold:two_cars_no_valid_gap,0,0,0,4,,,,,,,,,,,,,,,,,,,,11:1109.9:1158.5:-93.1:73.9|15:1165.6:2194.2:1867.8:1904.4|48:-578.9:761.3:1918.9:1992.7|21:-2054.6:-1046.0:1973.9:2011.4
20.494454,1785156960.301509857,follow_entry_curve,live_two_car_pair_lost_hold:two_cars_no_valid_gap,0,0,0,4,,,,,,,,,,,,,,,,,,,,11:1113.6:1178.5:-119.3:73.9|17:1210.2:2566.4:1862.5:1903.1|47:-578.9:751.6:1923.1:1988.9|20:-2054.6:-1046.0:1978.9:2011.4
20.598513,1785156960.413350821,follow_entry_curve,live_two_car_pair_lost_hold:two_cars_no_valid_gap,0,0,0,4,,,,,,,,,,,,,,,,,,,,12:1113.0:1178.5:-119.3:84.5|19:1206.0:2566.4:1862.5:1906.9|46:-595.0:737.6:1917.6:1987.4|20:-1975.3:-1055.0:1978.9:2002.6
20.724085,1785156960.525159836,follow_entry_curve,live_two_car_pair_lost_hold:two_cars_no_valid_gap,0,0,0,4,,,,,,,,,,,,,,,,,,,,15:1113.0:1174.9:-114.4:158.0|18:1188.9:2408.5:1870.7:1906.9|46:-595.0:778.8:1914.6:1987.7|23:-2142.1:-1020.2:1978.8:2023.9
20.823995,1785156960.639271975,follow_entry_curve,live_two_car_pair_lost_hold:two_cars_no_valid_gap,0,0,0,4,,,,,,,,,,,,,,,,,,,,14:1112.2:1166.9:-104.0:158.0|19:1173.9:2476.4:1869.3:1911.0|47:-568.4:778.8:1914.6:1992.1|22:-2142.1:-1020.2:1974.7:2023.9
20.921875,1785156960.750599861,follow_entry_curve,live_two_car_pair_lost_hold:two_cars_no_valid_gap,0,0,0,4,,,,,,,,,,,,,,,,,,,,12:1112.2:1158.5:-95.9:73.0|18:1162.1:2476.4:1869.3:1911.5|48:-574.0:766.8:1913.9:1992.1|20:-2031.9:-1103.0:1974.7:2000.7
21.054651,1785156960.861053944,follow_entry_curve,live_two_car_pair_lost_hold:two_cars_no_valid_gap,0,0,0,3,,,,,,,,,,,,,,,,,,,,12:1113.6:1155.0:-90.6:74.8|65:-578.1:2185.2:1875.6:1990.5|22:-2035.8:-1045.6:1974.8:2004.0
21.153922,1785156960.976265907,follow_entry_curve,live_two_car_pair_lost_hold:two_cars_no_valid_gap,0,0,0,4,,,,,,,,,,,,,,,,,,,,12:1113.6:1154.4:-88.3:75.1|16:1228.0:2182.5:1875.3:1903.5|49:-580.0:814.6:1922.0:1988.9|23:-2054.5:-1045.6:1984.3:2010.1
21.286804,1785156961.087563038,follow_entry_curve,live_two_car_pair_lost_hold:two_cars_no_valid_gap,0,0,0,4,,,,,,,,,,,,,,,,,,,,12:1113.6:1152.5:-86.3:76.5|17:1220.9:2443.7:1875.1:1902.7|47:-580.0:751.4:1918.4:1989.1|21:-2054.5:-1046.1:1980.4:2010.1
21.386869,1785156961.202934027,follow_entry_curve,live_two_car_pair_lost_hold:two_cars_no_valid_gap,0,0,0,4,,,,,,,,,,,,,,,,,,,,11:1114.2:1178.8:-118.7:76.5|18:1211.1:2443.7:1875.1:1902.7|46:-529.0:746.7:1918.4:1989.1|20:-1836.0:-1049.7:1979.6:2004.1
21.485812,1785156961.314066887,follow_entry_curve,live_two_car_pair_lost_hold:two_cars_no_valid_gap,0,0,0,4,,,,,,,,,,,,,,,,,,,,12:1113.3:1178.8:-118.7:84.3|18:1206.6:2431.6:1873.1:1906.5|46:-535.9:739.0:1921.0:1988.5|19:-1848.4:-1055.4:1979.6:2004.3
21.613839,1785156961.424836159,follow_entry_curve,live_two_car_pair_lost_hold:two_cars_no_valid_gap,0,0,0,4,,,,,,,,,,,,,,,,,,,,14:1113.3:1174.9:-115.7:84.3|18:1206.6:2411.2:1873.1:1906.5|46:-535.9:734.6:1923.2:1989.0|18:-1849.3:-1064.0:1980.0:2004.3
21.714529,1785156961.540121078,follow_entry_curve,live_two_car_pair_lost_hold:two_cars_no_valid_gap,0,0,0,4,,,,,,,,,,,,,,,,,,,,14:1113.6:1174.9:-114.7:85.8|18:1207.2:2411.2:1873.8:1906.4|47:-597.8:734.6:1922.5:1989.0|19:-1963.8:-1064.6:1980.3:2005.1
21.845838,1785156961.651632071,follow_entry_curve,live_two_car_pair_lost_hold:two_cars_no_valid_gap,0,0,0,4,,,,,,,,,,,,,,,,,,,,14:1113.9:1174.3:-113.1:85.9|18:1205.9:2411.0:1874.2:1906.6|48:-598.7:733.5:1922.5:1989.0|19:-1963.8:-1065.2:1980.7:2005.1
21.946307,1785156961.762912989,follow_entry_curve,live_two_car_pair_lost_hold:two_cars_no_valid_gap,0,0,0,4,,,,,,,,,,,,,,,,,,,,14:1114.2:1171.6:-112.5:87.8|18:1203.6:2411.0:1874.2:1907.5|48:-598.7:790.4:1921.5:1988.7|18:-1854.8:-1067.0:1980.0:2004.5
22.080168,1785156961.877671003,follow_entry_curve,live_two_car_pair_lost_hold:two_cars_no_valid_gap,0,0,0,4,,,,,,,,,,,,,,,,,,,,14:1115.2:1171.6:-109.6:90.2|19:1191.9:2408.8:1869.4:1907.5|48:-595.6:790.4:1918.1:1989.0|19:-1861.7:-1067.8:1980.0:2003.9
22.179890,1785156961.988755941,follow_entry_curve,live_two_car_pair_lost_hold:two_cars_no_valid_gap,0,0,0,4,,,,,,,,,,,,,,,,,,,,15:1115.2:1166.8:-107.5:156.4|18:1189.2:2001.3:1873.4:1906.5|48:-546.7:785.6:1918.1:1990.1|20:-1868.8:-1075.5:1982.8:1999.9
22.279321,1785156962.099462986,follow_entry_curve,live_two_car_pair_lost_hold:two_cars_no_valid_gap,0,0,0,4,,,,,,,,,,,,,,,,,,,,14:1113.5:1166.6:-106.9:156.4|17:1180.7:1994.1:1869.3:1909.2|47:-546.7:780.9:1919.5:1990.8|21:-1884.7:-1023.9:1976.1:1999.9
22.407990,1785156962.214328051,follow_entry_curve,live_two_car_pair_lost_hold:two_cars_no_valid_gap,0,0,0,4,,,,,,,,,,,,,,,,,,,,12:1112.0:1164.4:-101.2:67.4|19:1173.5:2475.9:1867.9:1911.5|47:-567.5:773.1:1919.5:1991.6|22:-2017.3:-1023.9:1976.1:2001.8
22.507729,1785156962.325425863,follow_entry_curve,live_two_car_pair_lost_hold:two_cars_no_valid_gap,0,0,0,4,,,,,,,,,,,,,,,,,,,,12:1110.5:1159.2:-97.3:71.3|18:1161.9:2475.9:1867.9:1911.5|48:-573.6:766.8:1921.4:1991.6|22:-2041.1:-1041.5:1984.3:2009.1
22.637783,1785156962.436568975,follow_entry_curve,live_two_car_pair_lost_hold:two_cars_no_valid_gap,0,0,0,2,,,,,,,,,,,,,,,,,,,,12:1110.5:1155.3:-91.8:80.8|74:-2110.1:2455.8:1787.5:2009.1
22.737986,1785156962.548965216,follow_entry_curve,live_triangle_reverse head=+60.1 lat=-178 depth=-601 remain=601,-90,24,1,4,1621.121831,942.041559,172.401166,-330.986163,1176.112484,305.527698,674.256825,0.866950,0.498395,48.624632,60.106137,-177.540004,-600.923434,600.923434,45.442658,524.738359,0.000133,24,24,13:1088.5:1155.3:-82.4:256.6|15:1299.9:2473.5:1787.5:1888.8|33:-712.2:822.5:1839.2:2046.3|17:-2110.1:-1136.8:1937.4:2003.5
22.837488,1785156962.662918806,follow_entry_curve,live_triangle_reverse head=+60.3 lat=-192 depth=-603 remain=603,-90,21,1,4,1588.128182,924.209022,208.750122,-330.645851,1182.141292,296.781585,695.445707,0.868427,0.495818,50.528503,60.276309,-191.749568,-602.547369,602.547369,36.253612,546.700371,0.000101,21,21,15:1034.4:1119.5:31.5:359.4|18:1263.0:2654.3:1837.1:1888.8|34:-718.5:897.4:1876.6:2046.3|19:-2184.0:-1139.4:1926.2:1963.8
22.975112,1785156962.774475098,follow_entry_curve,live_triangle_reverse_coast=1 head=+60.3 lat=-192 depth=-603 remain=603,-90,20,1,4,1588.128182,924.209022,208.750122,-330.645851,1182.141292,296.781585,695.445707,0.868427,0.495818,50.528503,60.276309,-191.749568,-602.547369,602.547369,36.253612,546.700371,0.000101,20,20,16:975.3:1119.5:82.0:450.5|36:301.6:2654.3:1837.1:1931.2|15:-729.9:-303.2:1888.7:1935.0|18:-2184.0:-1139.4:1909.2:1963.1
23.072469,1785156962.888525009,follow_entry_curve,live_triangle_reverse_coast=2 head=+60.3 lat=-192 depth=-603 remain=603,-90,19,1,3,1588.128182,924.209022,208.750122,-330.645851,1182.141292,296.781585,695.445707,0.868427,0.495818,50.528503,60.276309,-191.749568,-602.547369,602.547369,36.253612,546.700371,0.000101,19,19,14:925.9:1118.8:162.2:471.4|72:-1908.0:1861.2:1886.3:1999.3|4:2216.6:2391.9:1895.9:1924.6
23.199497,1785156963.000948906,follow_entry_curve,live_two_car_pair_lost_hold:gap_confirmed,0,0,0,3,,,,,,,,,,,,,,,,,,,,14:925.9:1089.5:184.2:471.4|64:-1908.2:732.1:1845.7:1999.3|24:1084.0:2332.1:1895.9:1951.0
23.296658,1785156963.114797115,follow_entry_curve,live_two_car_pair_lost_hold:two_cars_no_valid_gap,0,0,0,3,,,,,,,,,,,,,,,,,,,,14:930.7:1089.5:184.2:451.1|19:-2112.0:-1232.2:1796.9:1899.6|68:-869.5:2317.9:1802.2:1946.8
23.398428,1785156963.226711988,follow_entry_curve,live_two_car_pair_lost_hold:two_cars_no_valid_gap,0,0,0,2,,,,,,,,,,,,,,,,,,,,12:931.4:1066.4:188.9:443.9|84:-2180.7:2330.0:1796.9:1928.3
23.527937,1785156963.341434002,follow_entry_curve,live_triangle_reverse head=-0.6 lat=+410 depth=-1872 remain=1872,-90,-150,1,4,1485.680778,-1164.412331,1862.914921,321.239645,1872.165898,-421.586343,1867.540410,-0.010772,0.999942,58.349385,-0.617185,409.949445,-1871.973265,1871.973265,-405.192285,345.672848,-0.001395,-150,-150,14:931.8:1091.0:169.1:443.9|21:-2180.7:-1165.1:1862.9:1928.3|20:-805.8:-111.3:1881.2:1923.0|38:321.0:2330.0:1893.8:1962.0
23.629052,1785156963.452919006,follow_entry_curve,live_triangle_reverse head=+57.2 lat=+258 depth=-612 remain=612,-90,-115,1,4,1411.015846,-342.723937,1179.628065,806.090422,360.365418,231.683243,769.996742,0.840413,0.541946,38.305445,57.183777,258.443967,-612.006452,612.006452,-20.440714,607.412885,-0.000050,-115,-115,16:929.4:1091.0:169.1:439.9|20:-2137.9:-1173.8:1862.9:1936.8|41:-795.9:747.1:1882.4:1935.4|24:1100.6:2360.9:1921.5:1962.0
23.728707,1785156963.564393044,follow_entry_curve,live_two_car_pair_lost_hold:two_cars_no_valid_gap,0,0,0,2,,,,,,,,,,,,,,,,,,,,13:929.4:1089.9:170.8:451.3|93:-2085.8:2360.9:1902.9:2036.1
23.859589,1785156963.678297997,follow_entry_curve,live_two_car_pair_lost_hold:two_cars_no_valid_gap,0,0,0,2,,,,,,,,,,,,,,,,,,,,12:933.4:1115.4:126.2:451.3|86:-1981.4:2461.8:1865.5:2036.1
23.994436,1785156963.790614128,follow_entry_curve,live_two_car_pair_lost_hold:two_cars_no_valid_gap,0,0,0,3,,,,,,,,,,,,,,,,,,,,13:937.3:1115.4:126.0:431.2|60:-836.2:2461.8:1766.1:1982.3|18:-2197.6:-1200.3:1826.2:1911.6
24.093199,1785156963.901303053,follow_entry_curve,live_two_car_pair_lost_hold:two_cars_no_valid_gap,0,0,0,3,,,,,,,,,,,,,,,,,,,,11:940.3:1069.4:126.0:372.8|56:-894.4:2128.6:1766.1:1926.4|17:-2198.8:-1258.2:1816.4:1870.8
24.194667,1785156964.016021013,follow_entry_curve,live_two_car_pair_lost_hold:two_cars_no_valid_gap,0,0,0,2,,,,,,,,,,,,,,,,,,,,10:941.5:1004.7:213.0:376.3|82:-2198.8:2130.0:1816.4:1937.8
24.321080,1785156964.127289057,follow_entry_curve,live_two_car_pair_lost_hold:two_cars_no_valid_gap,0,0,0,3,,,,,,,,,,,,,,,,,,,,11:942.4:1067.8:132.9:378.0|17:-1883.1:-1216.3:1859.6:1923.1|66:-855.1:2373.1:1874.2:1938.8
24.420545,1785156964.238750935,follow_entry_curve,live_two_car_pair_lost_hold:two_cars_no_valid_gap,0,0,0,2,,,,,,,,,,,,,,,,,,,,10:942.7:1067.8:132.9:383.2|78:-1911.2:2373.1:1859.8:1952.2
24.552354,1785156964.352787971,follow_entry_curve,live_two_car_pair_lost_hold:two_cars_no_valid_gap,0,0,0,3,,,,,,,,,,,,,,,,,,,,11:940.7:988.7:219.5:388.1|20:-2056.3:-1163.2:1859.8:1926.3|63:-813.2:2361.4:1882.3:1952.2
24.652265,1785156964.464718103,follow_entry_curve,live_triangle_reverse head=+58.3 lat=-247 depth=-579 remain=579,-90,-14,1,4,1456.515551,816.690772,315.647598,-368.468830,1162.308254,224.110971,738.977926,0.850726,0.525610,56.672768,58.290674,-247.203860,-579.071214,579.071214,-31.106700,581.294888,-0.000080,-14,-14,13:940.7:1078.7:114.9:392.3|21:-2183.2:-1169.9:1862.6:1917.3|38:-813.2:796.6:1882.2:1920.3|18:1147.7:1962.1:1919.1:1937.6
24.749869,1785156964.576287031,follow_entry_curve,live_two_car_pair_lost_hold:two_cars_no_valid_gap,0,0,0,2,,,,,,,,,,,,,,,,,,,,13:941.8:1082.9:114.9:396.5|81:-2183.2:2478.2:1862.6:2105.1
24.885265,1785156964.689779043,follow_entry_curve,live_two_car_pair_lost_hold:two_cars_no_valid_gap,0,0,0,2,,,,,,,,,,,,,,,,,,,,11:942.4:1082.9:119.8:396.5|90:-2174.3:2485.7:1828.5:2105.1
24.982692,1785156964.801395893,follow_entry_curve,live_two_car_pair_lost_hold:two_cars_no_valid_gap,0,0,0,2,,,,,,,,,,,,,,,,,,,,10:944.9:1101.6:64.4:370.1|89:-2174.3:2485.7:1739.6:1998.7
25.114246,1785156964.916415930,follow_entry_curve,live_two_car_pair_lost_hold:two_cars_no_valid_gap,0,0,0,2,,,,,,,,,,,,,,,,,,,,11:944.9:1101.6:64.4:343.5|75:-2078.9:1992.7:1739.6:1899.6
25.213132,1785156965.028101921,follow_entry_curve,live_two_car_pair_lost_hold:two_cars_no_valid_gap,0,0,0,5,,,,,,,,,,,,,,,,,,,,9:947.2:1037.6:153.9:345.8|17:-1871.3:-1207.6:1836.9:1897.9|41:-94.5:1992.8:1852.3:1927.4|11:-847.8:-542.1:1856.6:1889.0|3:2361.5:2496.8:1886.9:1906.6
25.309870,1785156965.138783932,follow_entry_curve,live_triangle_reverse head=-0.8 lat=+411 depth=-1837 remain=1837,-90,-150,1,4,1543.288849,-1206.602866,1821.494116,336.549315,1842.032317,-435.026775,1831.763216,-0.013323,0.999911,57.241040,-0.763402,410.611011,-1837.396699,1837.396699,-415.209822,344.525167,-0.001413,-150,-150,9:947.2:1013.1:158.8:352.6|16:-1875.9:-1207.6:1821.5:1897.9|12:-856.0:-542.1:1869.6:1889.0|40:336.2:2496.8:1870.8:1927.4
25.442140,1785156965.254101992,follow_entry_curve,live_two_car_pair_lost_hold:two_cars_no_valid_gap,0,0,0,2,,,,,,,,,,,,,,,,,,,,9:941.6:1013.1:158.8:358.6|73:-2124.5:2336.9:1821.5:2065.9
25.542139,1785156965.365578890,follow_entry_curve,live_two_car_pair_lost_hold:two_cars_no_valid_gap,0,0,0,2,,,,,,,,,,,,,,,,,,,,10:941.6:1013.9:145.0:358.6|83:-2124.5:2384.8:1689.7:2065.9
25.677064,1785156965.476406097,follow_entry_curve,live_two_car_pair_lost_hold:two_cars_no_valid_gap,0,0,0,3,,,,,,,,,,,,,,,,,,,,13:948.3:1073.1:59.2:338.7|65:-1879.2:986.9:1689.7:1817.7|14:1348.2:2430.3:1775.8:1814.1
25.777504,1785156965.591589928,follow_entry_curve,live_two_car_pair_lost_hold:two_cars_no_valid_gap,0,0,0,2,,,,,,,,,,,,,,,,,,,,10:945.5:1073.1:59.2:331.7|72:-1903.8:2430.3:1765.9:1900.9
25.874770,1785156965.702435017,follow_entry_curve,live_two_car_pair_lost_hold:two_cars_no_valid_gap,0,0,0,4,,,,,,,,,,,,,,,,,,,,7:945.5:970.0:188.0:331.7|16:-1905.1:-1224.2:1829.8:1900.9|16:-859.8:-121.7:1843.5:1887.2|37:476.9:2378.6:1844.3:1883.0
26.004630,1785156965.814122915,follow_entry_curve,live_two_car_pair_lost_hold:two_cars_no_valid_gap,0,0,0,4,,,,,,,,,,,,,,,,,,,,8:945.4:971.6:188.0:333.3|17:-1932.2:-1224.2:1829.8:1880.2|17:-874.3:-121.7:1843.5:1872.2|36:475.2:2385.8:1845.8:1895.4
26.103416,1785156965.928507805,follow_entry_curve,live_two_car_pair_lost_hold:two_cars_no_valid_gap,0,0,0,3,,,,,,,,,,,,,,,,,,,,11:945.4:996.1:141.1:339.2|33:-2074.8:-510.0:1845.6:1884.3|36:475.2:2385.8:1855.0:1895.4
26.237551,1785156966.039439201,follow_entry_curve,live_two_car_pair_lost_hold:two_cars_no_valid_gap,0,0,0,4,,,,,,,,,,,,,,,,,,,,13:947.0:996.1:141.1:339.2|19:-2074.8:-1250.1:1847.3:1884.3|37:505.5:2611.8:1850.1:1897.3|13:-885.6:-519.8:1857.4:1872.4
26.335646,1785156966.151802778,follow_entry_curve,live_two_car_pair_lost_hold:two_cars_no_valid_gap,0,0,0,5,,,,,,,,,,,,,,,,,,,,15:949.1:1060.1:70.9:322.1|17:-2134.8:-1261.9:1844.0:1877.5|40:436.2:2611.8:1850.1:1897.3|5:-158.1:52.7:1853.3:1893.5|12:-852.3:-533.7:1857.4:1878.4
26.468100,1785156966.265893221,follow_entry_curve,live_two_car_pair_lost_hold:two_cars_no_valid_gap,0,0,0,5,,,,,,,,,,,,,,,,,,,,15:949.6:1060.1:70.9:324.5|16:-2134.8:-1217.9:1835.7:1888.9|6:-158.1:52.7:1850.6:1893.5|37:436.2:2431.2:1852.9:1894.1|12:-856.3:-546.9:1861.2:1878.4
26.570615,1785156966.377737999,follow_entry_curve,live_two_car_pair_lost_hold:two_cars_no_valid_gap,0,0,0,5,,,,,,,,,,,,,,,,,,,,11:944.8:991.3:157.8:331.1|16:-1904.0:-1217.9:1830.6:1888.9|34:474.8:2380.4:1846.3:1887.0|4:-121.4:47.5:1850.6:1892.9|11:-856.3:-552.8:1853.8:1869.5
26.668490,1785156966.488579035,follow_entry_curve,live_two_car_pair_lost_hold:two_cars_no_valid_gap,0,0,0,5,,,,,,,,,,,,,,,,,,,,12:944.8:990.1:138.6:335.9|17:-2053.9:-1225.0:1830.6:1880.7|35:467.6:2380.4:1846.3:1890.3|3:-129.1:38.7:1852.5:1892.9|11:-813.8:-514.0:1853.8:1871.7
26.795808,1785156966.603226900,follow_entry_curve,live_two_car_pair_lost_hold:two_cars_no_valid_gap,0,0,0,4,,,,,,,,,,,,,,,,,,,,14:946.6:997.9:138.6:340.7|18:-2074.0:-1239.4:1846.3:1884.2|34:459.0:2004.6:1859.6:1891.3|13:-884.4:-514.0:1864.0:1871.7
26.896533,1785156966.715201139,follow_entry_curve,live_two_car_pair_lost_hold:two_cars_no_valid_gap,0,0,0,4,,,,,,,,,,,,,,,,,,,,12:946.1:997.9:144.1:340.7|38:459.0:2603.8:1839.1:1893.2|18:-2074.0:-1249.3:1852.1:1884.2|13:-884.4:-519.3:1858.9:1871.3
27.027645,1785156966.829522848,follow_entry_curve,live_two_car_pair_lost_hold:two_cars_no_valid_gap,0,0,0,4,,,,,,,,,,,,,,,,,,,,9:946.1:972.1:172.5:315.1|38:504.5:2607.4:1839.1:1897.3|19:-1977.1:-1197.0:1848.7:1892.5|12:-834.8:-529.6:1857.5:1867.7
27.127536,1785156966.941181898,follow_entry_curve,live_two_car_pair_lost_hold:two_cars_no_valid_gap,0,0,0,5,,,,,,,,,,,,,,,,,,,,13:947.4:1032.1:98.0:319.5|19:-2120.1:-1197.0:1837.5:1892.5|3:-156.0:-102.8:1847.4:1854.7|36:504.5:2607.4:1851.3:1897.3|12:-847.2:-534.9:1857.5:1873.9
27.224836,1785156967.051284075,follow_entry_curve,live_two_car_pair_lost_hold:two_cars_no_valid_gap,0,0,0,5,,,,,,,,,,,,,,,,,,,,15:947.7:1032.1:98.0:324.9|16:-2120.1:-1210.0:1810.7:1892.5|6:-167.0:44.4:1847.4:1892.2|36:482.7:2444.5:1858.7:1899.2|12:-857.7:-543.1:1860.6:1873.9
27.358172,1785156967.166787148,follow_entry_curve,live_two_car_pair_lost_hold:two_cars_no_valid_gap,0,0,0,5,,,,,,,,,,,,,,,,,,,,10:945.8:991.3:159.2:330.9|16:-1921.2:-1230.6:1810.7:1881.5|6:-167.0:44.4:1851.2:1893.7|37:473.3:2418.2:1852.3:1899.2|12:-870.7:-553.4:1860.6:1873.8
27.455036,1785156967.277551174,follow_entry_curve,live_two_car_pair_lost_hold:two_cars_no_valid_gap,0,0,0,5,,,,,,,,,,,,,,,,,,,,8:945.2:977.2:191.1:333.1|18:-1935.5:-1230.6:1842.2:1881.5|36:471.2:2378.9:1852.3:1891.6|4:-125.5:34.6:1852.5:1894.0|13:-873.6:-509.2:1862.2:1873.8
27.590878,1785156967.388864994,follow_entry_curve,live_two_car_pair_lost_hold:two_cars_no_valid_gap,0,0,0,5,,,,,,,,,,,,,,,,,,,,10:945.2:991.3:139.0:336.2|18:-2054.2:-1234.4:1845.6:1880.8|4:-130.6:33.1:1852.5:1894.0|33:471.2:2007.3:1860.3:1891.8|13:-873.6:-509.2:1865.1:1872.2
27.690497,1785156967.504389048,follow_entry_curve,live_two_car_pair_lost_hold:two_cars_no_valid_gap,0,0,0,5,,,,,,,,,,,,,,,,,,,,13:946.1:998.2:139.0:340.7|19:-2074.4:-1240.4:1845.6:1882.7|3:-134.2:29.5:1852.7:1865.3|33:461.6:1994.9:1860.0:1891.8|13:-886.6:-514.3:1864.0:1870.6
27.791614,1785156967.615611792,follow_entry_curve,live_two_car_pair_lost_hold:two_cars_no_valid_gap,0,0,0,4,,,,,,,,,,,,,,,,,,,,12:945.6:998.2:142.2:340.7|37:341.8:2604.3:1838.4:1892.4|19:-2074.4:-1249.8:1851.5:1884.0|13:-886.6:-520.9:1859.2:1870.5
27.918004,1785156967.726239920,follow_entry_curve,live_two_car_pair_lost_hold:two_cars_no_valid_gap,0,0,0,4,,,,,,,,,,,,,,,,,,,,12:945.6:1063.6:70.9:321.5|17:-1971.8:-1208.0:1837.7:1890.5|43:-158.0:2604.3:1838.4:1892.4|12:-850.2:-529.1:1859.2:1876.4
28.017773,1785156967.841622114,follow_entry_curve,live_two_car_pair_lost_hold:two_cars_no_valid_gap,0,0,0,4,,,,,,,,,,,,,,,,,,,,13:947.8:1063.6:70.9:327.3|28:-1878.3:-544.5:1807.7:1890.5|4:-158.0:-0.5:1851.4:1866.2|36:493.3:2438.7:1856.6:1894.3
28.148277,1785156967.952847004,follow_entry_curve,live_two_car_pair_lost_hold:two_cars_no_valid_gap,0,0,0,4,,,,,,,,,,,,,,,,,,,,10:945.1:991.7:161.2:333.6|17:-2057.3:-1221.7:1807.7:1884.2|35:466.9:2646.8:1835.1:1894.3|12:-863.6:-513.7:1860.2:1873.3
28.250252,1785156968.063808918,follow_entry_curve,live_two_car_pair_lost_hold:two_cars_no_valid_gap,0,0,0,4,,,,,,,,,,,,,,,,,,,,9:945.1:970.6:172.0:333.6|38:466.9:2646.8:1835.1:1893.1|19:-2057.3:-1196.7:1846.3:1893.2|12:-829.8:-513.7:1859.2:1870.8
28.348665,1785156968.179105043,follow_entry_curve,live_two_car_pair_lost_hold:two_cars_no_valid_gap,0,0,0,3,,,,,,,,,,,,,,,,,,,,9:945.7:970.6:172.0:322.2|29:-1980.4:-529.9:1831.8:1893.2|38:486.0:2605.1:1839.0:1896.3
28.481650,1785156968.289963007,follow_entry_curve,live_two_car_pair_lost_hold:two_cars_no_valid_gap,0,0,0,5,,,,,,,,,,,,,,,,,,,,7:945.3:960.3:209.0:333.9|15:-1948.3:-1237.9:1831.8:1882.5|3:-128.6:49.1:1850.7:1893.4|37:471.5:2418.3:1855.7:1896.3|13:-879.3:-513.2:1861.9:1875.0
28.581565,1785156968.401731014,follow_entry_curve,live_two_car_pair_lost_hold:two_cars_no_valid_gap,0,0,0,3,,,,,,,,,,,,,,,,,,,,8:945.3:971.2:172.9:333.9|37:471.5:2605.7:1839.4:1892.6|30:-1948.3:-513.2:1852.2:1898.2
28.711228,1785156968.516162157,follow_entry_curve,live_two_car_pair_lost_hold:two_cars_no_valid_gap,0,0,0,3,,,,,,,,,,,,,,,,,,,,12:945.4:1064.7:70.7:319.8|39:493.0:2605.7:1839.4:1892.6|30:-2131.3:-530.5:1842.5:1898.2
28.809232,1785156968.627806902,follow_entry_curve,live_two_car_pair_lost_hold:two_cars_no_valid_gap,0,0,0,4,,,,,,,,,,,,,,,,,,,,12:945.2:1064.7:70.7:329.7|17:-2131.3:-1230.9:1842.5:1884.1|15:-869.2:-108.4:1851.6:1876.6|37:476.0:2442.0:1858.0:1892.1
28.909585,1785156968.738167048,follow_entry_curve,live_triangle_reverse head=-0.2 lat=+441 depth=-1850 remain=1850,-90,-150,1,4,1568.664369,-1230.728825,1846.366164,337.929316,1850.786790,-446.399755,1848.576477,-0.003286,0.999995,56.475306,-0.188271,441.188540,-1850.033339,1850.033339,-441.470742,348.552856,-0.001434,-150,-150,10:945.2:1073.9:63.3:329.7|16:-1924.5:-1230.9:1846.4:1884.1|36:337.9:2340.3:1857.4:1892.2|13:-869.2:-505.1:1860.0:1872.0
29.040350,1785156968.853781939,follow_entry_curve,live_two_car_pair_lost_hold:two_cars_no_valid_gap,0,0,0,2,,,,,,,,,,,,,,,,,,,,11:947.6:1073.9:63.3:323.1|69:-1890.9:2340.3:1853.2:2055.7
29.140581,1785156968.964406967,follow_entry_curve,live_two_car_pair_lost_hold:two_cars_no_valid_gap,0,0,0,2,,,,,,,,,,,,,,,,,,,,12:948.7:1013.8:129.3:323.1|72:-2107.7:2288.2:1664.6:2055.7
29.274901,1785156969.076346874,follow_entry_curve,live_two_car_pair_lost_hold:two_cars_no_valid_gap,0,0,0,2,,,,,,,,,,,,,,,,,,,,12:948.7:994.9:143.7:309.4|77:-2166.4:1962.5:1664.6:1911.7
29.374657,1785156969.191173792,follow_entry_curve,live_two_car_pair_lost_hold:two_cars_no_valid_gap,0,0,0,3,,,,,,,,,,,,,,,,,,,,14:952.9:993.3:101.7:299.4|61:-943.2:2536.3:1762.4:1876.4|16:-2166.4:-1287.4:1784.9:1865.4
29.503496,1785156969.302421093,follow_entry_curve,live_two_car_pair_lost_hold:two_cars_no_valid_gap,0,0,0,4,,,,,,,,,,,,,,,,,,,,15:951.8:1002.9:101.7:308.2|15:-2147.1:-1241.1:1834.2:1878.5|19:-883.0:43.0:1836.9:1872.2|38:521.3:2536.3:1838.5:1892.1
29.600635,1785156969.412829876,follow_entry_curve,live_two_car_pair_lost_hold:two_cars_no_valid_gap,0,0,0,3,,,,,,,,,,,,,,,,,,,,15:951.4:1029.1:66.0:308.2|38:-2113.6:58.7:1836.7:1894.2|33:521.3:2442.5:1843.7:1892.1
29.700811,1785156969.528317928,follow_entry_curve,live_two_car_pair_lost_hold:two_cars_no_valid_gap,0,0,0,3,,,,,,,,,,,,,,,,,,,,13:951.4:1029.1:66.0:297.5|40:-2113.6:58.7:1824.2:1894.2|32:533.8:2442.5:1843.7:1886.0
29.832632,1785156969.639608145,follow_entry_curve,live_two_car_pair_lost_hold:two_cars_no_valid_gap,0,0,0,4,,,,,,,,,,,,,,,,,,,,11:951.0:978.3:138.0:307.6|28:-1893.1:-556.9:1824.2:1881.2|7:-181.9:42.4:1835.4:1856.0|36:463.2:2405.7:1853.2:1891.8
29.932696,1785156969.750148058,follow_entry_curve,live_two_car_pair_lost_hold:two_cars_no_valid_gap,0,0,0,4,,,,,,,,,,,,,,,,,,,,14:951.0:1029.5:63.5:307.6|20:-881.0:64.2:1836.8:1872.0|34:463.2:2445.0:1844.5:1891.8|16:-2110.7:-1241.2:1848.6:1877.5
30.066478,1785156969.865142107,follow_entry_curve,live_two_car_pair_lost_hold:two_cars_no_valid_gap,0,0,0,4,,,,,,,,,,,,,,,,,,,,13:951.5:1029.5:63.5:298.5|18:-2110.7:-1217.3:1826.4:1878.9|20:-857.4:64.2:1836.7:1864.4|33:536.5:2445.0:1844.5:1884.2
30.169105,1785156969.977262020,follow_slot_center,live_triangle_reverse head=+39.9 lat=-127 depth=-405 remain=405,-60,-146,1,3,1758.040885,868.194551,209.846523,-793.462158,783.958651,37.366197,496.902587,0.641871,0.766813,32.648370,39.931442,-126.952685,-405.015641,405.015641,-155.194961,266.858677,-0.000899,-146,-146,11:951.5:979.5:140.1:309.4|37:-2038.8:79.1:1826.4:1879.8|36:518.4:2408.4:1854.3:1886.7
30.229767,1785156970.087996006,follow_slot_center,live_two_car_pair_lost_hold:two_cars_no_valid_gap,0,0,0,3,,,,,,,,,,,,,,,,,,,,14:951.5:1038.8:67.8:309.4|37:-2038.8:79.1:1826.7:1974.9|36:444.1:2366.1:1855.6:1886.7
30.398913,1785156970.202466011,follow_slot_center,live_two_car_pair_lost_hold:two_cars_no_valid_gap,0,0,0,3,,,,,,,,,,,,,,,,,,,,14:951.0:1038.8:67.8:302.9|56:-756.0:2176.3:1770.1:1911.4|20:-1978.2:-1114.0:1867.9:1974.9
30.495307,1785156970.313933134,follow_slot_center,live_two_car_pair_lost_hold:two_cars_no_valid_gap,0,0,0,2,,,,,,,,,,,,,,,,,,,,11:948.9:991.7:109.7:302.9|78:-1937.5:2203.7:1770.1:1950.3
30.623219,1785156970.426183939,follow_slot_center,live_triangle_reverse head=+40.2 lat=-134 depth=-381 remain=381,-60,-150,1,3,1743.273988,848.610956,182.732368,-793.360721,768.337364,27.625117,475.534866,0.645945,0.763384,31.780660,40.236563,-133.723061,-380.860005,380.860005,-166.158372,246.519671,-0.001018,-150,-150,11:948.9:1092.0:1.2:284.2|39:-1996.4:132.1:1802.6:1895.7|35:505.8:2215.2:1834.8:1893.2
30.722357,1785156970.539697886,follow_slot_center,live_triangle_reverse_coast=1 head=+40.2 lat=-134 depth=-381 remain=381,-60,-150,1,3,1743.273988,848.610956,182.732368,-793.360721,768.337364,27.625117,475.534866,0.645945,0.763384,31.780660,40.236563,-133.723061,-380.860005,380.860005,-166.158372,246.519671,-0.001018,-150,-150,14:954.1:1092.0:1.2:296.6|36:-1996.4:46.0:1829.8:1895.7|35:505.8:2412.3:1854.1:1893.2
30.821518,1785156970.651557207,follow_slot_center,live_triangle_reverse_coast=2 head=+40.2 lat=-134 depth=-381 remain=381,-60,-150,1,2,1743.273988,848.610956,182.732368,-793.360721,768.337364,27.625117,475.534866,0.645945,0.763384,31.780660,40.236563,-133.723061,-380.860005,380.860005,-166.158372,246.519671,-0.001018,-150,-150,13:954.6:1025.6:73.1:296.6|78:-1948.2:2457.3:1829.8:1948.4
30.953372,1785156970.762385845,follow_slot_center,live_two_car_pair_lost_hold:gap_confirmed,0,0,0,2,,,,,,,,,,,,,,,,,,,,10:954.6:1076.7:-5.0:280.4|80:-1948.2:2457.3:1805.9:1948.4
31.052423,1785156970.877342939,follow_slot_center,live_two_car_pair_lost_hold:two_cars_no_valid_gap,0,0,0,3,,,,,,,,,,,,,,,,,,,,11:954.6:1076.7:-5.0:280.4|14:-2104.3:-1292.3:1780.7:1842.4|60:-914.9:2242.8:1781.5:1884.6
31.188398,1785156970.988623142,follow_slot_center,live_two_car_pair_lost_hold:two_cars_no_valid_gap,0,0,0,2,,,,,,,,,,,,,,,,,,,,10:957.1:1001.0:54.4:251.0|74:-2159.0:2397.6:1780.7:1914.9
31.286527,1785156971.100159883,follow_slot_center,live_two_car_pair_lost_hold:two_cars_no_valid_gap,0,0,0,4,,,,,,,,,,,,,,,,,,,,11:957.1:998.0:59.1:256.5|18:-2159.0:-1238.2:1822.8:1877.4|16:-825.1:-404.5:1856.6:1883.0|38:414.0:2397.6:1869.5:1920.2
31.387784,1785156971.214125156,follow_entry_curve,live_triangle_reverse head=-0.7 lat=+424 depth=-1840 remain=1840,-90,-150,1,4,1639.801637,-1253.028093,1830.882610,386.753153,1839.060306,-433.137470,1834.971458,-0.012952,0.999916,55.898593,-0.742121,423.981075,-1840.427570,1840.427570,-413.833652,344.694070,-0.001410,-150,-150,11:956.7:998.0:59.1:265.3|18:-2094.6:-1253.6:1830.9:1875.0|17:-846.4:-102.5:1850.4:1880.3|40:386.4:2460.5:1865.9:1920.2
31.514172,1785156971.326557875,follow_entry_curve,live_two_car_pair_lost_hold:two_cars_no_valid_gap,0,0,0,2,,,,,,,,,,,,,,,,,,,,10:956.7:1075.4:-17.0:265.3|79:-2094.6:2460.5:1830.9:2071.7
31.614290,1785156971.438028097,follow_entry_curve,live_two_car_pair_lost_hold:two_cars_no_valid_gap,0,0,0,2,,,,,,,,,,,,,,,,,,,,10:958.3:1075.4:-17.0:249.5|79:-2156.6:2345.0:1722.7:2071.7
31.746243,1785156971.551659107,follow_entry_curve,live_two_car_pair_lost_hold:two_cars_no_valid_gap,0,0,0,2,,,,,,,,,,,,,,,,,,,,8:958.3:1047.0:-7.4:249.5|74:-2156.6:1979.0:1722.7:1860.6
31.846244,1785156971.662779808,follow_entry_curve,live_two_car_pair_lost_hold:two_cars_no_valid_gap,0,0,0,2,,,,,,,,,,,,,,,,,,,,6:957.0:1034.7:-2.0:224.0|71:-2119.5:2374.6:1778.0:1908.5
31.945824,1785156971.774781942,follow_entry_curve,live_two_car_pair_lost_hold:two_cars_no_valid_gap,0,0,0,3,,,,,,,,,,,,,,,,,,,,8:957.0:1048.6:-19.4:235.9|35:-2094.0:-373.0:1824.3:1892.8|36:442.6:2374.6:1860.5:1928.8
32.079308,1785156971.889210939,follow_entry_curve,live_triangle_reverse head=-1.1 lat=-418 depth=-1860 remain=1860,-90,150,1,5,1528.319576,-372.368760,1856.665843,1155.793389,1878.601518,391.712315,1867.633680,-0.019677,0.999806,79.481726,-1.127480,-418.477751,-1859.564379,1859.564379,421.414814,358.419641,0.001379,150,150,11:960.2:1048.6:-19.4:241.8|18:-2094.0:-1273.1:1824.3:1870.9|17:-857.8:-373.0:1856.7:1888.6|13:432.7:801.2:1872.8:1895.2|21:1155.3:2355.6:1902.2:1936.4
32.180357,1785156972.000709057,follow_entry_curve,live_two_car_pair_lost_hold:two_cars_no_valid_gap,0,0,0,4,,,,,,,,,,,,,,,,,,,,9:966.1:1178.9:-13.9:404.9|16:-2000.3:-1284.5:1825.0:1867.0|16:-874.6:-445.8:1861.3:1888.6|35:422.6:2341.7:1882.2:1936.4
32.308217,1785156972.111923933,follow_entry_curve,live_two_car_pair_lost_hold:two_cars_no_valid_gap,0,0,0,3,,,,,,,,,,,,,,,,,,,,10:966.3:1183.4:-8.7:407.9|56:-874.6:2339.6:1791.8:1930.5|17:-1945.9:-1238.7:1825.8:1883.2
32.405806,1785156972.227001190,follow_entry_curve,live_two_car_pair_lost_hold:two_cars_no_valid_gap,0,0,0,2,,,,,,,,,,,,,,,,,,,,14:966.3:1183.4:-25.8:407.9|75:-2112.4:2378.9:1757.7:1904.2
32.538989,1785156972.338670015,follow_entry_curve,live_two_car_pair_lost_hold:two_cars_no_valid_gap,0,0,0,2,,,,,,,,,,,,,,,,,,,,16:967.5:1041.4:-25.8:232.9|72:-2146.4:2407.4:1757.7:1939.9
32.638593,1785156972.449443102,follow_entry_curve,live_triangle_reverse head=-1.2 lat=-454 depth=-1864 remain=1864,-90,150,1,6,1500.949362,-332.172189,1858.741073,1168.496108,1887.786746,418.161960,1873.263909,-0.020866,0.999782,80.976567,-1.195593,-454.334187,-1864.130919,1864.130919,449.753720,359.527928,0.001412,150,150,15:964.4:1041.7:-24.4:232.7|19:-2169.8:-1248.7:1790.9:1875.7|20:-891.0:-258.6:1858.8:1909.2|12:456.9:827.2:1874.5:1910.4|4:2287.8:2407.4:1918.8:1936.8|18:1191.5:1924.8:1926.5:1945.7
32.737900,1785156972.564009905,follow_entry_curve,live_triangle_reverse_coast=1 head=-1.2 lat=-454 depth=-1864 remain=1864,-90,150,1,3,1500.949362,-332.172189,1858.741073,1168.496108,1887.786746,418.161960,1873.263909,-0.020866,0.999782,80.976567,-1.195593,-454.334187,-1864.130919,1864.130919,449.753720,359.527928,0.001412,150,150,15:964.4:1042.0:-24.2:232.7|43:-2169.8:-206.5:1806.1:1924.5|33:453.8:2402.9:1865.9:1945.7
32.872541,1785156972.675884008,follow_entry_curve,live_triangle_reverse_coast=2 head=-1.2 lat=-454 depth=-1864 remain=1864,-90,150,1,3,1500.949362,-332.172189,1858.741073,1168.496108,1887.786746,418.161960,1873.263909,-0.020866,0.999782,80.976567,-1.195593,-454.334187,-1864.130919,1864.130919,449.753720,359.527928,0.001412,150,150,10:964.7:1176.9:-44.7:395.2|44:-2029.3:61.6:1821.0:2032.1|34:453.8:2400.3:1865.9:2060.4
32.971123,1785156972.789702892,follow_entry_curve,live_two_car_pair_lost_hold:gap_confirmed,0,0,0,2,,,,,,,,,,,,,,,,,,,,8:974.2:1211.5:-44.7:395.2|79:-2059.4:2371.6:1776.5:2060.4
33.099776,1785156972.902302027,follow_entry_curve,live_two_car_pair_lost_hold:two_cars_no_valid_gap,0,0,0,2,,,,,,,,,,,,,,,,,,,,12:958.5:1211.5:-32.0:326.7|82:-2059.4:2371.6:1673.9:1932.2
33.198278,1785156973.012986898,follow_entry_curve,live_two_car_pair_lost_hold:two_cars_no_valid_gap,0,0,0,2,,,,,,,,,,,,,,,,,,,,10:916.3:1012.2:-32.0:221.8|79:-2130.6:2478.8:1673.9:1921.0
33.297155,1785156973.124789000,follow_entry_curve,live_two_car_pair_lost_hold:two_cars_no_valid_gap,0,0,0,2,,,,,,,,,,,,,,,,,,,,11:874.2:1053.1:116.5:540.6|77:-2130.6:2095.7:1731.9:1921.0
33.430319,1785156973.238960028,follow_entry_curve,live_two_car_pair_lost_hold:two_cars_no_valid_gap,0,0,0,3,,,,,,,,,,,,,,,,,,,,12:844.7:1053.1:132.0:540.6|15:-2097.8:-1384.6:1718.8:1776.1|63:-1027.5:2072.8:1778.5:1923.7
33.527322,1785156973.349797010,follow_entry_curve,live_two_car_pair_lost_hold:two_cars_no_valid_gap,0,0,0,3,,,,,,,,,,,,,,,,,,,,14:817.1:971.6:225.4:632.8|15:-2187.9:-1416.6:1707.4:1776.1|65:-1063.3:2072.8:1772.0:1923.7
33.664802,1785156973.464461088,follow_entry_curve,live_two_car_pair_lost_hold:two_cars_no_valid_gap,0,0,0,2,,,,,,,,,,,,,,,,,,,,16:786.8:971.6:225.4:632.8|80:-2187.9:1873.0:1698.7:1907.5
33.759302,1785156973.576062918,follow_entry_curve,live_two_car_pair_lost_hold:two_cars_no_valid_gap,0,0,0,3,,,,,,,,,,,,,,,,,,,,15:777.9:915.0:270.5:687.9|26:-2163.3:-597.8:1698.7:1830.2|46:-248.8:1670.0:1790.5:1910.8
33.856650,1785156973.687727213,follow_entry_curve,live_two_car_pair_lost_hold:two_cars_no_valid_gap,0,0,0,2,,,,,,,,,,,,,,,,,,,,17:777.0:915.0:275.3:687.9|74:-2129.6:1674.0:1747.8:1910.8
33.992087,1785156973.802253962,follow_entry_curve,live_two_car_pair_lost_hold:two_cars_no_valid_gap,0,0,0,2,,,,,,,,,,,,,,,,,,,,16:777.0:905.8:275.3:451.2|74:-2121.7:1674.0:1748.3:1900.9
34.091522,1785156973.913429022,follow_entry_curve,live_two_car_pair_lost_hold:two_cars_no_valid_gap,0,0,0,3,,,,,,,,,,,,,,,,,,,,14:777.5:880.0:275.9:450.3|23:-2140.9:-643.3:1744.3:1826.5|46:-269.3:1672.4:1815.9:1900.9
34.221064,1785156974.024378061,follow_entry_curve,live_two_car_pair_lost_hold:two_cars_no_valid_gap,0,0,0,3,,,,,,,,,,,,,,,,,,,,15:777.0:921.5:275.9:696.0|22:-2154.0:-664.5:1728.8:1807.1|46:-279.8:1640.3:1811.0:1907.4
34.318915,1785156974.140103817,follow_entry_curve,live_two_car_pair_lost_hold:two_cars_no_valid_gap,0,0,0,3,,,,,,,,,,,,,,,,,,,,15:776.2:921.5:303.8:696.0|20:-2186.0:-664.5:1728.8:1807.1|49:-292.4:1701.5:1811.0:1909.7
34.451893,1785156974.251775026,follow_entry_curve,live_two_car_pair_lost_hold:two_cars_no_valid_gap,0,0,0,3,,,,,,,,,,,,,,,,,,,,13:776.2:860.6:309.3:448.7|17:-2186.0:-675.5:1730.1:1802.3|52:-299.7:1701.5:1813.8:1909.7
34.550727,1785156974.365401030,follow_entry_curve,live_two_car_pair_lost_hold:two_cars_no_valid_gap,0,0,0,4,,,,,,,,,,,,,,,,,,,,13:777.6:870.4:292.6:449.2|11:-2096.4:-1423.4:1743.3:1770.5|7:-1065.6:-685.0:1773.2:1800.3|50:-301.7:1685.8:1814.9:1909.3
34.650946,1785156974.476969957,follow_entry_curve,live_two_car_pair_lost_hold:two_cars_no_valid_gap,0,0,0,4,,,,,,,,,,,,,,,,,,,,14:777.6:870.4:292.6:452.5|10:-2096.1:-1424.2:1743.3:1768.6|8:-1065.6:-685.0:1773.2:1800.3|47:-309.2:1681.4:1811.2:1911.0
34.785224,1785156974.588326931,follow_entry_curve,live_two_car_pair_lost_hold:two_cars_no_valid_gap,0,0,0,4,,,,,,,,,,,,,,,,,,,,13:777.9:842.3:313.4:455.2|10:-2122.9:-1432.7:1746.2:1765.3|6:-1010.7:-864.9:1776.9:1798.3|47:-313.0:1668.6:1811.2:1913.8
34.883126,1785156974.703257084,follow_entry_curve,live_two_car_pair_lost_hold:two_cars_no_valid_gap,0,0,0,4,,,,,,,,,,,,,,,,,,,,13:777.7:880.2:275.4:455.2|12:-2128.1:-1371.6:1739.7:1773.5|7:-1018.9:-702.4:1772.9:1799.0|47:-313.0:1664.3:1814.4:1913.8
35.013257,1785156974.813923120,follow_entry_curve,live_two_car_pair_lost_hold:two_cars_no_valid_gap,0,0,0,3,,,,,,,,,,,,,,,,,,,,14:777.6:885.1:275.4:433.0|20:-2144.6:-702.4:1738.6:1802.2|47:-275.0:1654.4:1816.1:1912.1
35.111790,1785156974.925230026,follow_entry_curve,live_two_car_pair_lost_hold:two_cars_no_valid_gap,0,0,0,4,,,,,,,,,,,,,,,,,,,,15:777.6:920.9:281.5:696.3|14:-2156.4:-1388.7:1734.6:1765.5|6:-1038.7:-661.4:1793.0:1806.2|50:-278.5:1643.0:1809.4:1912.1
35.212133,1785156975.039554119,follow_entry_curve,live_two_car_pair_lost_hold:two_cars_no_valid_gap,0,0,0,3,,,,,,,,,,,,,,,,,,,,14:776.5:920.9:302.1:696.3|21:-2174.4:-661.4:1728.6:1806.2|50:-287.8:1711.2:1809.4:1911.7
35.345836,1785156975.151707888,follow_entry_curve,live_two_car_pair_lost_hold:two_cars_no_valid_gap,0,0,0,3,,,,,,,,,,,,,,,,,,,,13:776.5:868.3:288.7:444.4|20:-2188.4:-982.5:1728.1:1806.0|51:-296.2:1711.2:1810.8:1911.7
35.442410,1785156975.262248039,follow_entry_curve,live_two_car_pair_lost_hold:two_cars_no_valid_gap,0,0,0,3,,,,,,,,,,,,,,,,,,,,15:776.6:874.1:288.7:450.4|20:-2188.4:-859.7:1728.1:1803.9|51:-305.5:1697.2:1812.9:1908.9
35.578319,1785156975.377811909,follow_entry_curve,live_two_car_pair_lost_hold:two_cars_no_valid_gap,0,0,0,4,,,,,,,,,,,,,,,,,,,,15:777.2:874.1:294.9:452.0|11:-2095.9:-1426.9:1741.2:1768.0|7:-1067.9:-859.7:1776.1:1803.9|48:-310.0:1675.4:1812.2:1910.9
35.675790,1785156975.489154100,follow_entry_curve,live_two_car_pair_lost_hold:two_cars_no_valid_gap,0,0,0,4,,,,,,,,,,,,,,,,,,,,13:778.0:842.2:314.6:457.1|11:-2119.4:-1364.7:1746.1:1777.5|7:-1012.4:-698.7:1774.4:1801.0|51:-314.5:1667.9:1812.2:1910.9
35.776301,1785156975.600421190,follow_entry_curve,live_two_car_pair_lost_hold:two_cars_no_valid_gap,0,0,0,4,,,,,,,,,,,,,,,,,,,,12:778.5:822.6:335.7:457.1|13:-2119.4:-1364.7:1744.6:1777.5|7:-1012.4:-698.7:1774.4:1801.0|52:-314.5:1663.6:1814.5:1908.5
35.905178,1785156975.714813948,follow_entry_curve,live_two_car_pair_lost_hold:two_cars_no_valid_gap,0,0,0,3,,,,,,,,,,,,,,,,,,,,13:778.2:879.4:276.2:456.0|19:-2127.9:-866.6:1739.6:1796.6|51:-312.1:1663.6:1814.5:1909.9
36.004344,1785156975.825906038,follow_entry_curve,live_two_car_pair_lost_hold:two_cars_no_valid_gap,0,0,0,3,,,,,,,,,,,,,,,,,,,,14:777.4:885.3:276.2:431.2|19:-2140.5:-708.8:1739.2:1804.0|50:-271.5:1658.5:1816.2:1911.3
36.136204,1785156975.938254118,follow_entry_curve,live_two_car_pair_lost_hold:two_cars_no_valid_gap,0,0,0,4,,,,,,,,,,,,,,,,,,,,15:777.1:920.5:279.9:697.6|15:-2157.1:-1389.0:1736.1:1765.9|6:-1040.5:-665.4:1797.6:1809.7|48:-281.8:1646.9:1811.2:1911.3
36.235772,1785156976.052235126,follow_entry_curve,live_two_car_pair_lost_hold:two_cars_no_valid_gap,0,0,0,3,,,,,,,,,,,,,,,,,,,,14:776.7:920.5:303.6:697.6|22:-2172.0:-665.4:1731.6:1809.7|47:-287.3:1712.0:1810.6:1911.2
36.333731,1785156976.163649082,follow_entry_curve,live_two_car_pair_lost_hold:two_cars_no_valid_gap,0,0,0,3,,,,,,,,,,,,,,,,,,,,13:775.8:868.2:288.9:443.7|22:-2188.7:-671.8:1730.3:1805.8|50:-295.6:1712.0:1810.6:1911.2
36.468422,1785156976.277856112,follow_entry_curve,live_two_car_pair_lost_hold:two_cars_no_valid_gap,0,0,0,4,,,,,,,,,,,,,,,,,,,,15:775.8:874.6:288.9:449.5|15:-2188.7:-1412.3:1730.3:1764.7|5:-1058.3:-860.1:1777.0:1802.0|51:-305.2:1696.7:1813.3:1909.6
36.566966,1785156976.389451027,follow_entry_curve,live_two_car_pair_lost_hold:two_cars_no_valid_gap,0,0,0,4,,,,,,,,,,,,,,,,,,,,14:777.7:874.6:293.4:454.4|12:-2120.2:-1366.0:1743.9:1776.2|6:-1011.8:-860.1:1776.0:1802.0|49:-313.0:1674.0:1813.3:1907.3
36.697714,1785156976.500951052,follow_entry_curve,live_two_car_pair_lost_hold:two_cars_no_valid_gap,0,0,0,3,,,,,,,,,,,,,,,,,,,,13:777.7:878.9:275.3:454.4|19:-2126.5:-702.8:1739.4:1799.9|48:-313.0:1663.4:1813.8:1911.7
36.796574,1785156976.615141869,follow_entry_curve,live_two_car_pair_lost_hold:two_cars_no_valid_gap,0,0,0,3,,,,,,,,,,,,,,,,,,,,14:777.7:879.6:275.3:429.1|21:-2127.5:-702.8:1737.3:1800.1|47:-267.6:1657.2:1815.9:1912.4
36.927500,1785156976.727564096,follow_entry_curve,live_two_car_pair_lost_hold:two_cars_no_valid_gap,0,0,0,3,,,,,,,,,,,,,,,,,,,,14:777.6:879.6:276.3:429.4|22:-2127.5:-703.5:1737.0:1800.1|48:-267.6:1658.3:1815.4:1912.4
37.026666,1785156976.837836981,follow_entry_curve,live_two_car_pair_lost_hold:two_cars_no_valid_gap,0,0,0,3,,,,,,,,,,,,,,,,,,,,16:777.6:914.2:277.0:687.7|21:-2145.1:-704.1:1737.0:1805.8|50:-276.6:1658.3:1815.4:1912.3
37.125042,1785156976.952912807,follow_entry_curve,live_two_car_pair_lost_hold:two_cars_no_valid_gap,0,0,0,3,,,,,,,,,,,,,,,,,,,,15:776.4:914.2:284.1:687.7|20:-2165.5:-666.6:1737.1:1809.1|49:-281.9:1713.8:1811.7:1911.1
37.257077,1785156977.064133167,follow_entry_curve,live_two_car_pair_lost_hold:two_cars_no_valid_gap,0,0,0,3,,,,,,,,,,,,,,,,,,,,13:776.3:860.0:308.0:439.8|21:-2170.5:-666.6:1732.3:1809.1|49:-288.3:1713.8:1810.7:1909.7
37.355800,1785156977.175652027,follow_entry_curve,live_two_car_pair_lost_hold:two_cars_no_valid_gap,0,0,0,3,,,,,,,,,,,,,,,,,,,,12:776.3:860.0:308.0:442.0|22:-2186.0:-671.3:1732.3:1805.6|53:-291.7:1700.7:1810.7:1910.7
37.491332,1785156977.290886879,follow_entry_curve,live_two_car_pair_lost_hold:two_cars_no_valid_gap,0,0,0,4,,,,,,,,,,,,,,,,,,,,12:775.8:868.5:288.0:445.3|16:-2186.0:-1408.8:1734.0:1769.6|5:-1059.5:-675.0:1794.3:1802.3|53:-297.2:1698.3:1813.2:1910.7
37.588460,1785156977.401007175,follow_entry_curve,live_two_car_pair_lost_hold:two_cars_no_valid_gap,0,0,0,4,,,,,,,,,,,,,,,,,,,,15:775.8:874.0:288.0:450.3|14:-2082.7:-1420.2:1738.9:1769.6|5:-1059.5:-862.5:1778.1:1801.5|52:-306.2:1691.7:1813.1:1908.7
37.689216,1785156977.516303778,follow_entry_curve,live_two_car_pair_lost_hold:two_cars_no_valid_gap,0,0,0,4,,,,,,,,,,,,,,,,,,,,14:777.5:874.0:293.0:450.3|13:-2122.8:-1367.3:1741.1:1773.9|7:-1016.6:-701.9:1774.5:1801.5|52:-306.2:1676.4:1813.1:1910.4
37.817657,1785156977.627546787,follow_entry_curve,live_two_car_pair_lost_hold:two_cars_no_valid_gap,0,0,0,3,,,,,,,,,,,,,,,,,,,,13:777.3:880.1:276.4:430.3|22:-2127.9:-701.9:1735.7:1800.5|52:-268.5:1660.6:1815.5:1913.2
37.916477,1785156977.738878012,follow_entry_curve,live_two_car_pair_lost_hold:two_cars_no_valid_gap,0,0,0,3,,,,,,,,,,,,,,,,,,,,15:777.3:884.7:276.4:430.3|22:-2139.2:-705.0:1735.7:1804.3|50:-272.0:1654.7:1815.5:1914.6
38.049877,1785156977.853040218,follow_entry_curve,live_two_car_pair_lost_hold:two_cars_no_valid_gap,0,0,0,3,,,,,,,,,,,,,,,,,,,,16:777.5:919.2:279.5:692.7|22:-2153.9:-659.2:1735.4:1807.2|50:-276.4:1650.4:1815.6:1914.6
38.148597,1785156977.964421034,follow_entry_curve,live_two_car_pair_lost_hold:two_cars_no_valid_gap,0,0,0,3,,,,,,,,,,,,,,,,,,,,14:776.2:919.2:282.9:692.7|22:-2171.7:-659.2:1732.3:1807.2|49:-285.0:1712.2:1812.5:1911.7
38.248676,1785156978.076003075,follow_entry_curve,live_two_car_pair_lost_hold:two_cars_no_valid_gap,0,0,0,3,,,,,,,,,,,,,,,,,,,,13:775.9:867.5:289.5:445.1|21:-2171.7:-979.7:1732.3:1806.7|49:-298.1:1712.2:1812.5:1911.2
38.382934,1785156978.191237926,follow_entry_curve,live_two_car_pair_lost_hold:two_cars_no_valid_gap,0,0,0,4,,,,,,,,,,,,,,,,,,,,13:775.9:867.5:289.5:452.4|14:-2102.1:-1418.9:1738.3:1769.9|5:-1060.6:-862.8:1777.7:1802.3|50:-306.6:1690.1:1812.5:1910.2
38.481895,1785156978.301862955,follow_entry_curve,live_two_car_pair_lost_hold:two_cars_no_valid_gap,0,0,0,4,,,,,,,,,,,,,,,,,,,,12:777.7:822.8:331.6:457.5|13:-2122.0:-1366.9:1740.5:1774.3|6:-1016.7:-862.8:1772.8:1802.3|50:-306.6:1672.6:1812.5:1910.2
38.608146,1785156978.413936853,follow_entry_curve,live_two_car_pair_lost_hold:two_cars_no_valid_gap,0,0,0,3,,,,,,,,,,,,,,,,,,,,13:777.6:880.2:276.2:457.5|20:-2129.5:-706.0:1736.0:1801.8|50:-269.7:1662.7:1815.1:1911.7
38.708947,1785156978.528698206,follow_entry_curve,live_two_car_pair_lost_hold:two_cars_no_valid_gap,0,0,0,3,,,,,,,,,,,,,,,,,,,,16:777.1:915.0:276.2:686.7|20:-2142.2:-706.0:1736.0:1801.8|50:-274.5:1652.7:1815.1:1911.7
38.807512,1785156978.639214039,follow_entry_curve,live_two_car_pair_lost_hold:two_cars_no_valid_gap,0,0,0,4,,,,,,,,,,,,,,,,,,,,17:776.5:919.6:281.9:692.2|15:-2151.1:-1384.1:1736.1:1765.6|7:-1034.9:-659.1:1794.1:1808.9|52:-276.8:1638.3:1814.8:1909.8
38.941496,1785156978.751141071,follow_entry_curve,live_two_car_pair_lost_hold:two_cars_no_valid_gap,0,0,0,3,,,,,,,,,,,,,,,,,,,,14:776.3:919.6:284.4:692.2|23:-2167.2:-659.1:1735.5:1808.9|52:-282.2:1633.5:1813.7:1909.7
39.039483,1785156978.865709066,follow_entry_curve,live_two_car_pair_lost_hold:two_cars_no_valid_gap,0,0,0,3,,,,,,,,,,,,,,,,,,,,13:776.2:858.8:308.3:440.0|22:-2175.9:-666.0:1727.9:1807.7|52:-288.8:1708.1:1810.4:1909.7
39.174171,1785156978.976468086,follow_entry_curve,live_two_car_pair_lost_hold:two_cars_no_valid_gap,0,0,0,3,,,,,,,,,,,,,,,,,,,,14:776.1:868.0:288.0:444.7|21:-2175.9:-673.2:1727.9:1803.5|53:-298.2:1708.1:1810.4:1908.8
39.273762,1785156979.088427067,follow_entry_curve,live_two_car_pair_lost_hold:two_cars_no_valid_gap,0,0,0,4,,,,,,,,,,,,,,,,,,,,14:776.1:868.0:288.0:451.4|14:-2102.4:-1419.6:1740.4:1768.8|5:-1059.3:-863.6:1776.7:1801.5|51:-308.1:1690.6:1812.7:1909.6
39.403693,1785156979.202414989,follow_entry_curve,live_two_car_pair_lost_hold:two_cars_no_valid_gap,0,0,0,4,,,,,,,,,,,,,,,,,,,,13:776.9:840.6:311.7:451.4|12:-2120.2:-1427.9:1740.8:1762.7|6:-1014.2:-863.6:1773.9:1801.5|49:-314.1:1675.0:1812.7:1909.6
39.503082,1785156979.313749075,follow_entry_curve,live_two_car_pair_lost_hold:two_cars_no_valid_gap,0,0,0,4,,,,,,,,,,,,,,,,,,,,14:777.4:886.0:280.2:432.3|13:-2138.1:-1437.8:1738.2:1762.7|6:-1025.9:-706.3:1773.9:1803.7|49:-314.1:1661.4:1816.2:1909.1
39.602753,1785156979.425162077,follow_entry_curve,live_two_car_pair_lost_hold:two_cars_no_valid_gap,0,0,0,4,,,,,,,,,,,,,,,,,,,,16:776.5:919.4:280.2:692.4|15:-2152.7:-1385.2:1736.4:1767.0|7:-1035.4:-662.2:1794.5:1815.3|50:-277.7:1641.3:1813.9:1907.9
39.733695,1785156979.539940119,follow_entry_curve,live_two_car_pair_lost_hold:two_cars_no_valid_gap,0,0,0,3,,,,,,,,,,,,,,,,,,,,14:776.5:919.4:284.0:692.4|23:-2167.5:-662.2:1736.4:1815.3|49:-284.2:1715.3:1813.9:1909.4
39.832668,1785156979.651481152,follow_entry_curve,live_two_car_pair_lost_hold:two_cars_no_valid_gap,0,0,0,3,,,,,,,,,,,,,,,,,,,,12:776.5:831.0:323.4:439.4|22:-2174.5:-667.6:1731.6:1807.4|47:-286.3:1715.3:1811.0:1910.3
39.967479,1785156979.766610861,follow_entry_curve,live_two_car_pair_lost_hold:two_cars_no_valid_gap,0,0,0,3,,,,,,,,,,,,,,,,,,,,13:776.4:867.8:285.4:442.6|22:-2186.8:-672.7:1731.6:1806.0|50:-295.2:1712.1:1811.0:1912.2
40.066789,1785156979.877748966,follow_entry_curve,live_two_car_pair_lost_hold:two_cars_no_valid_gap,0,0,0,3,,,,,,,,,,,,,,,,,,,,13:776.4:867.8:285.4:447.5|22:-2186.8:-678.4:1732.6:1801.3|50:-301.3:1699.5:1815.7:1912.2
40.164253,1785156979.989223957,follow_entry_curve,live_two_car_pair_lost_hold:two_cars_no_valid_gap,0,0,0,4,,,,,,,,,,,,,,,,,,,,13:777.1:840.4:312.1:451.4|13:-2104.0:-1423.0:1741.1:1766.1|7:-1066.2:-855.6:1775.1:1800.7|48:-309.0:1686.8:1812.6:1912.0
40.290404,1785156980.102936983,follow_entry_curve,live_two_car_pair_lost_hold:two_cars_no_valid_gap,0,0,0,4,,,,,,,,,,,,,,,,,,,,13:778.0:840.4:312.1:456.0|13:-2119.7:-1366.6:1741.1:1773.9|6:-1014.6:-863.9:1774.2:1800.1|49:-314.5:1668.6:1812.6:1912.0
40.394872,1785156980.215028048,follow_entry_curve,live_two_car_pair_lost_hold:two_cars_no_valid_gap,0,0,0,3,,,,,,,,,,,,,,,,,,,,13:777.6:880.1:276.4:456.0|18:-2119.7:-704.9:1733.0:1799.6|51:-314.5:1662.2:1816.1:1913.3
40.523821,1785156980.325950861,follow_entry_curve,live_two_car_pair_lost_hold:two_cars_no_valid_gap,0,0,0,4,,,,,,,,,,,,,,,,,,,,16:776.3:919.4:276.4:692.0|11:-2150.9:-1384.4:1733.0:1766.0|7:-1031.9:-704.9:1773.1:1801.5|51:-275.8:1654.7:1814.7:1913.3
40.621979,1785156980.440495014,follow_entry_curve,live_two_car_pair_lost_hold:two_cars_no_valid_gap,0,0,0,3,,,,,,,,,,,,,,,,,,,,15:776.3:919.4:284.2:692.0|19:-2154.4:-712.6:1735.9:1801.5|50:-278.2:1708.8:1804.4:1912.5
40.754516,1785156980.553428888,follow_entry_curve,live_two_car_pair_lost_hold:two_cars_no_valid_gap,0,0,0,2,,,,,,,,,,,,,,,,,,,,13:776.3:877.9:271.8:436.7|72:-2154.4:1708.8:1488.8:1903.8
40.851908,1785156980.666535854,follow_entry_curve,live_two_car_pair_lost_hold:two_cars_no_valid_gap,0,0,0,3,,,,,,,,,,,,,,,,,,,,15:793.7:942.6:192.0:431.8|62:-1746.5:1195.5:978.7:1264.6|38:-2086.0:1540.3:1488.8:1749.6
40.953844,1785156980.777930021,follow_entry_curve,live_two_car_pair_lost_hold:two_cars_no_valid_gap,0,0,0,3,,,,,,,,,,,,,,,,,,,,16:842.8:1120.1:85.4:502.7|63:-1161.4:805.4:631.0:818.7|62:-1746.5:1195.5:978.7:1264.6
41.089430,1785156980.892856121,follow_entry_curve,live_two_car_pair_lost_hold:two_cars_no_valid_gap,0,0,0,2,,,,,,,,,,,,,,,,,,,,12:902.5:1120.1:34.7:502.7|123:-1161.4:805.4:469.0:818.7
41.186005,1785156981.004537106,follow_entry_curve,live_two_car_pair_lost_hold:two_cars_no_valid_gap,0,0,0,2,,,,,,,,,,,,,,,,,,,,9:951.2:996.8:-66.2:143.5|120:-892.0:514.8:457.4:607.4
41.315384,1785156981.118446112,follow_entry_curve,live_two_car_pair_lost_hold:two_cars_no_valid_gap,0,0,0,2,,,,,,,,,,,,,,,,,,,,7:981.3:1038.9:-155.6:75.8|121:-737.7:503.0:433.1:555.5
41.414349,1785156981.230103970,follow_entry_curve,live_two_car_pair_lost_hold:two_cars_no_valid_gap,0,0,0,2,,,,,,,,,,,,,,,,,,,,3:1025.7:1094.6:-155.6:-64.1|118:-630.9:503.0:408.1:551.6
41.512683,1785156981.341471910,follow_entry_curve,live_two_car_pair_lost_hold:safety_obstacle,0,0,0,1,,,,,,,,,,,,,,,,,,,,114:-553.8:438.5:393.8:532.8
41.643665,1785156981.455632925,follow_entry_curve,live_two_car_pair_lost_hold:safety_obstacle,0,0,0,1,,,,,,,,,,,,,,,,,,,,115:-598.7:440.9:362.2:507.3
41.746560,1785156981.567671061,follow_entry_curve,live_two_car_pair_lost_hold:safety_obstacle,0,0,0,1,,,,,,,,,,,,,,,,,,,,112:-598.7:440.9:349.1:476.2
41.881418,1785156981.679783821,follow_entry_curve,live_two_car_pair_lost_hold:safety_obstacle,0,0,0,1,,,,,,,,,,,,,,,,,,,,109:-399.4:356.8:341.2:442.8
41.980265,1785156981.793021917,follow_entry_curve,live_two_car_pair_lost_hold:safety_obstacle,0,0,0,1,,,,,,,,,,,,,,,,,,,,112:-384.4:366.2:329.2:421.2
42.079443,1785156981.904466867,follow_entry_curve,live_two_car_pair_lost_hold:safety_obstacle,0,0,0,1,,,,,,,,,,,,,,,,,,,,114:-382.3:366.4:323.1:395.5
42.207646,1785156982.015733957,follow_entry_curve,live_two_car_pair_lost_hold:safety_obstacle,0,0,0,1,,,,,,,,,,,,,,,,,,,,113:-377.9:366.4:314.1:381.3
42.306453,1785156982.130491972,follow_entry_curve,live_two_car_pair_lost_hold:safety_obstacle,0,0,0,1,,,,,,,,,,,,,,,,,,,,112:-368.6:350.7:313.8:371.4
42.437933,1785156982.242523909,follow_entry_curve,live_two_car_pair_lost_hold:safety_obstacle,0,0,0,1,,,,,,,,,,,,,,,,,,,,113:-431.4:350.7:304.0:361.6
42.538379,1785156982.356891870,follow_entry_curve,live_two_car_pair_lost_hold:safety_obstacle,0,0,0,1,,,,,,,,,,,,,,,,,,,,116:-504.3:329.8:285.5:350.8
42.670869,1785156982.467738867,follow_entry_curve,live_two_car_pair_lost_hold:safety_obstacle,0,0,0,1,,,,,,,,,,,,,,,,,,,,114:-504.3:329.8:283.9:345.2
42.770958,1785156982.579249859,follow_entry_curve,live_two_car_pair_lost_hold:safety_obstacle,0,0,0,2,,,,,,,,,,,,,,,,,,,,8:1027.8:1083.0:7.6:184.5|114:-397.3:314.0:283.9:345.2
42.871729,1785156982.694374800,follow_entry_curve,live_two_car_pair_lost_hold:safety_obstacle,0,0,0,2,,,,,,,,,,,,,,,,,,,,15:1027.8:1059.8:-103.3:168.8|114:-384.1:314.0:284.1:331.7
42.999032,1785156982.806064844,follow_entry_curve,live_two_car_pair_lost_hold:safety_obstacle,0,0,0,2,,,,,,,,,,,,,,,,,,,,15:1028.9:1065.0:-127.6:168.8|109:-361.8:291.1:284.1:326.8
43.099719,1785156982.917008877,follow_entry_curve,live_two_car_pair_lost_hold:safety_obstacle,0,0,0,2,,,,,,,,,,,,,,,,,,,,9:1046.4:1112.7:-127.6:24.7|110:-401.8:291.1:279.5:319.8
43.229950,1785156983.032083035,follow_entry_curve,live_two_car_pair_lost_hold:safety_obstacle,0,0,0,2,,,,,,,,,,,,,,,,,,,,3:1065.9:1112.7:-127.3:-7.3|115:-401.8:308.0:279.5:329.8
43.330492,1785156983.142657995,follow_entry_curve,live_two_car_pair_lost_hold:safety_obstacle,0,0,0,1,,,,,,,,,,,,,,,,,,,,118:-392.6:320.0:297.7:332.8
43.427333,1785156983.257265806,follow_entry_curve,live_two_car_pair_lost_hold:safety_obstacle,0,0,0,1,,,,,,,,,,,,,,,,,,,,118:-372.2:338.5:302.3:332.8
43.564881,1785156983.368440151,follow_entry_curve,live_two_car_pair_lost_hold:safety_obstacle,0,0,0,1,,,,,,,,,,,,,,,,,,,,118:-371.8:338.5:289.4:332.5
43.657765,1785156983.483891010,follow_entry_curve,live_two_car_pair_lost_hold:safety_obstacle,0,0,0,1,,,,,,,,,,,,,,,,,,,,117:-354.2:304.8:289.4:319.4
43.796882,1785156983.595118046,follow_entry_curve,live_two_car_pair_lost_hold:safety_obstacle,0,0,0,1,,,,,,,,,,,,,,,,,,,,116:-388.2:284.8:289.5:326.9
43.859188,1785156983.706375837,follow_entry_curve,live_two_car_pair_lost_hold:safety_obstacle,0,0,0,1,,,,,,,,,,,,,,,,,,,,119:-467.8:305.0:284.4:326.9
44.022412,1785156983.821439028,follow_entry_curve,live_two_car_pair_lost_hold:safety_obstacle,0,0,0,1,,,,,,,,,,,,,,,,,,,,118:-467.8:341.6:284.4:334.0
44.120577,1785156983.931987047,follow_entry_curve,live_two_car_pair_lost_hold:safety_obstacle,0,0,0,1,,,,,,,,,,,,,,,,,,,,115:-498.8:341.6:288.1:334.0
44.219967,1785156984.047244072,follow_entry_curve,live_two_car_pair_lost_hold:safety_obstacle,0,0,0,1,,,,,,,,,,,,,,,,,,,,115:-498.8:312.5:288.1:322.3
44.352156,1785156984.157883883,follow_entry_curve,live_two_car_pair_lost_hold:safety_obstacle,0,0,0,1,,,,,,,,,,,,,,,,,,,,115:-469.4:337.2:292.8:336.7
44.450998,1785156984.273542881,follow_entry_curve,live_two_car_pair_lost_hold:safety_obstacle,0,0,0,1,,,,,,,,,,,,,,,,,,,,115:-461.4:345.0:314.5:354.6
44.587393,1785156984.385275841,follow_entry_curve,live_two_car_pair_lost_hold:safety_obstacle,0,0,0,1,,,,,,,,,,,,,,,,,,,,112:-562.0:345.0:314.5:376.0
44.685672,1785156984.495110989,follow_entry_curve,live_two_car_pair_lost_hold:safety_obstacle,0,0,0,1,,,,,,,,,,,,,,,,,,,,113:-562.0:521.8:319.0:395.0
44.785675,1785156984.610570908,follow_entry_curve,live_two_car_pair_lost_hold:safety_obstacle,0,0,0,1,,,,,,,,,,,,,,,,,,,,117:-829.0:521.8:266.1:406.1
44.913192,1785156984.721745968,follow_entry_curve,live_two_car_pair_lost_hold:safety_obstacle,0,0,0,1,,,,,,,,,,,,,,,,,,,,129:-834.5:515.4:134.3:440.0
45.012200,1785156984.836305857,follow_entry_curve,live_two_car_pair_lost_hold:safety_obstacle,0,0,0,1,,,,,,,,,,,,,,,,,,,,142:-834.5:515.4:132.0:473.3
45.143712,1785156984.948047161,follow_entry_curve,live_two_car_pair_lost_hold:one_cluster_filtered,0,0,0,1,,,,,,,,,,,,,,,,,,,,143:-852.5:592.6:-27.5:496.0
45.244312,1785156985.061877012,follow_entry_curve,live_two_car_pair_lost_hold:one_cluster_filtered,0,0,0,1,,,,,,,,,,,,,,,,,,,,144:-895.6:592.6:-144.4:538.5
45.343362,1785156985.173419952,follow_entry_curve,live_two_car_pair_lost_hold:one_cluster_filtered,0,0,0,1,,,,,,,,,,,,,,,,,,,,140:-895.6:656.8:-152.9:591.7
45.478898,1785156985.288331985,follow_entry_curve,live_two_car_pair_lost_hold:two_cars_no_valid_gap,0,0,0,2,,,,,,,,,,,,,,,,,,,,34:-704.2:-647.8:-259.7:172.7|114:-829.9:833.9:568.3:680.9
45.578511,1785156985.399559975,follow_entry_curve,live_two_car_pair_lost_hold:two_cars_no_valid_gap,0,0,0,2,,,,,,,,,,,,,,,,,,,,35:-704.2:-632.0:-305.7:123.8|108:-1153.2:833.9:659.8:875.0
45.706759,1785156985.513588905,follow_entry_curve,live_two_car_pair_lost_hold:two_cars_no_valid_gap,0,0,0,3,,,,,,,,,,,,,,,,,,,,32:-717.1:-632.0:-331.4:80.9|46:-1153.2:788.7:804.3:875.0|28:-1174.5:742.0:1285.2:1343.5
45.803412,1785156985.625501871,follow_entry_curve,live_two_car_pair_lost_hold:two_cars_no_valid_gap,0,0,0,3,,,,,,,,,,,,,,,,,,,,31:-758.9:-632.6:-331.8:61.2|28:-1174.5:742.0:1285.2:1343.5|23:-35.2:1913.4:1927.2:2279.9
45.936698,1785156985.736706018,follow_entry_curve,live_two_car_pair_lost_hold:two_cars_no_valid_gap,0,0,0,4,,,,,,,,,,,,,,,,,,,,28:-772.6:-626.5:-331.8:63.8|8:-1870.9:-1188.9:1863.7:1895.7|7:-833.9:-473.8:1864.4:1879.8|41:-35.2:2438.7:1911.4:2279.9
46.036383,1785156985.851318121,follow_entry_curve,live_two_car_pair_lost_hold:two_cars_no_valid_gap,0,0,0,2,,,,,,,,,,,,,,,,,,,,28:-773.0:-626.5:-321.7:63.8|76:-2106.1:2194.1:1820.7:2021.4
46.135903,1785156985.962431908,follow_entry_curve,live_two_car_pair_lost_hold:two_cars_no_valid_gap,0,0,0,2,,,,,,,,,,,,,,,,,,,,30:-773.0:-632.8:-321.7:59.1|86:-2106.1:2166.6:1820.7:2021.4
46.269914,1785156986.078033924,follow_entry_curve,live_two_car_pair_lost_hold:two_cars_no_valid_gap,0,0,0,2,,,,,,,,,,,,,,,,,,,,28:-718.2:-623.4:-330.4:-1.6|88:-1883.6:2179.2:1845.9:1991.4
46.370179,1785156986.189616203,follow_entry_curve,live_two_car_pair_lost_hold:two_cars_no_valid_gap,0,0,0,2,,,,,,,,,,,,,,,,,,,,21:-799.2:-583.0:-330.4:6.5|95:-2133.3:2179.2:1845.9:1991.8
46.497387,1785156986.300353050,follow_entry_curve,live_two_car_pair_lost_hold:two_cars_no_valid_gap,0,0,0,3,,,,,,,,,,,,,,,,,,,,13:-799.2:-583.0:-172.7:6.5|25:-2133.3:-1100.3:1844.8:1941.1|72:-709.1:2176.1:1936.2:1991.8
46.597416,1785156986.414779902,follow_entry_curve,live_two_car_pair_lost_hold:two_cars_no_valid_gap,0,0,0,3,,,,,,,,,,,,,,,,,,,,20:-663.2:-584.8:-330.5:-44.5|24:-2185.7:-1115.8:1841.1:1943.2|73:-727.3:2109.6:1936.2:1990.7
46.695494,1785156986.526234150,follow_entry_curve,live_two_car_pair_lost_hold:two_cars_no_valid_gap,0,0,0,3,,,,,,,,,,,,,,,,,,,,30:-714.7:-654.7:-336.1:-30.3|24:-2185.7:-1138.2:1841.1:1943.2|72:-738.3:2198.9:1935.0:1990.7
46.827041,1785156986.637794971,follow_entry_curve,live_two_car_pair_lost_hold:two_cars_no_valid_gap,0,0,0,4,,,,,,,,,,,,,,,,,,,,27:-1085.5:-689.3:-412.7:52.5|22:-2094.9:-1148.8:1847.0:1935.8|50:-747.3:658.1:1933.4:1977.4|21:1054.2:2198.9:1969.1:2001.6
46.927142,1785156986.752209902,follow_entry_curve,live_two_car_pair_lost_hold:two_cars_no_valid_gap,0,0,0,2,,,,,,,,,,,,,,,,,,,,24:-1101.7:-731.5:-427.7:52.5|92:-2028.6:2192.5:1847.0:2001.6
47.058161,1785156986.863708973,follow_entry_curve,live_two_car_pair_lost_hold:two_cars_no_valid_gap,0,0,0,2,,,,,,,,,,,,,,,,,,,,22:-1101.7:-730.3:-427.7:23.5|93:-2037.9:2168.7:1845.0:1999.1
47.157404,1785156986.974618196,follow_entry_curve,live_two_car_pair_lost_hold:two_cars_no_valid_gap,0,0,0,3,,,,,,,,,,,,,,,,,,,,19:-1113.6:-730.3:-441.5:-3.6|74:-2177.4:621.5:1844.3:1988.0|20:1016.7:1903.7:1976.5:1999.1
47.293343,1785156987.089362860,follow_entry_curve,live_two_car_pair_lost_hold:two_cars_no_valid_gap,0,0,0,3,,,,,,,,,,,,,,,,,,,,20:-1175.2:-739.0:-454.4:-25.8|75:-2192.7:663.0:1835.8:1985.0|21:1016.7:2209.6:1971.1:1992.9
