sim_time_s,state,pose_x_m,pose_y_m,pose_yaw_deg,right_vehicle,near,clusters,vehicle_clusters,cluster_summary,pair_valid,pair_confirmed,angle_a_deg,angle_b_deg,dist_a_mm,dist_b_mm,bisector_deg,dist_c_mm,dist_d_mm,speed_command,steering_command,reason
13.315000,search_first_car,0.000006,5.000028,0.000010,0,1,1,1,-0.1:1779:582:1,0,0,,,,,,,,80,0,search_first_car:0/2
13.417000,search_first_car,0.000007,4.996551,-0.000099,0,1,1,1,-0.1:1774:582:1,0,0,,,,,,,,80,0,search_first_car:0/2
13.516000,search_first_car,0.000009,4.986104,-0.000157,0,1,1,1,-0.1:1768:581:1,0,0,,,,,,,,80,0,search_first_car:0/2
13.616000,search_first_car,0.000015,4.969667,-0.000054,0,1,1,1,-0.1:1769:578:1,0,0,,,,,,,,80,0,search_first_car:0/2
13.716000,search_first_car,0.000022,4.948085,0.000082,0,1,1,1,-0.1:1767:581:1,0,0,,,,,,,,80,0,search_first_car:0/2
13.816000,search_first_car,0.000026,4.922079,0.000207,0,1,1,1,-0.1:1767:583:1,0,0,,,,,,,,80,0,search_first_car:0/2
13.916000,search_first_car,-0.031984,2.596120,-89.999847,0,1,1,1,-0.1:1775:582:1,0,0,,,,,,,,80,0,search_first_car:0/2
14.016000,search_first_car,0.000037,4.859205,0.000664,0,1,1,1,-0.1:1772:584:1,0,0,,,,,,,,80,0,search_first_car:0/2
14.116000,search_first_car,0.000048,4.823335,0.001006,0,1,1,1,-0.1:1772:581:1,0,0,,,,,,,,80,0,search_first_car:0/2
14.216000,search_first_car,0.000057,4.785051,0.001381,0,1,1,1,-0.1:1755:580:1,0,0,,,,,,,,80,0,search_first_car:0/2
14.316000,search_first_car,0.000071,4.744695,0.001847,0,1,1,1,-0.1:1773:582:1,0,0,,,,,,,,80,0,search_first_car:0/2
14.416000,search_first_car,0.000085,4.702557,0.002364,0,1,1,1,-0.1:1769:581:1,0,0,,,,,,,,80,0,search_first_car:0/2
14.516000,search_first_car,0.000100,4.658890,0.002932,0,1,1,1,-0.1:1778:583:1,0,0,,,,,,,,80,0,search_first_car:0/2
14.616000,search_first_car,0.000116,4.613904,0.003492,0,1,1,1,-0.1:1769:579:1,0,0,,,,,,,,80,0,search_first_car:0/2
14.716000,search_first_car,0.000135,4.567789,0.004145,0,1,1,1,-0.1:1769:582:1,0,0,,,,,,,,80,0,search_first_car:0/2
14.816000,search_first_car,0.000154,4.520700,0.004778,0,1,1,1,-0.1:1759:581:1,0,0,,,,,,,,80,0,search_first_car:0/2
14.916000,search_first_car,0.000174,4.472777,0.005428,0,1,1,1,-0.1:1774:580:1,0,0,,,,,,,,80,0,search_first_car:0/2
15.016000,search_first_car,0.000193,4.424134,0.006049,0,1,1,1,-0.1:1767:584:1,0,0,,,,,,,,80,0,search_first_car:0/2
15.116000,search_first_car,0.000214,4.374873,0.006701,0,1,1,1,-0.1:1762:580:1,0,0,,,,,,,,80,0,search_first_car:0/2
15.216000,search_first_car,0.000237,4.325080,0.007428,0,1,1,1,-0.1:1766:577:1,0,0,,,,,,,,80,0,search_first_car:0/2
15.317000,search_first_car,0.000261,4.274832,0.008151,0,1,1,1,-0.1:1769:579:1,0,0,,,,,,,,80,0,search_first_car:0/2
15.416000,search_first_car,0.000285,4.224194,0.008821,0,1,1,1,-0.1:1776:577:1,0,0,,,,,,,,80,0,search_first_car:0/2
15.516000,search_first_car,0.000308,4.173217,0.009480,0,1,1,1,-0.1:1767:582:1,0,0,,,,,,,,80,0,search_first_car:0/2
15.616000,search_first_car,-0.031290,1.825589,-89.990041,0,1,1,1,-0.1:1769:583:1,0,0,,,,,,,,80,0,search_first_car:0/2
15.716000,search_first_car,0.000359,4.070431,0.010879,0,1,1,1,-0.1:1776:583:1,0,0,,,,,,,,80,0,search_first_car:0/2
15.816000,search_first_car,0.000386,4.018699,0.011582,0,1,1,1,-0.1:1777:580:1,0,0,,,,,,,,80,0,search_first_car:0/2
15.916000,search_first_car,0.000413,3.966782,0.012260,0,1,1,1,-0.1:1771:581:1,0,0,,,,,,,,80,0,search_first_car:0/2
16.016000,search_first_car,0.000442,3.914706,0.012980,0,1,1,1,-0.1:1784:580:1,0,0,,,,,,,,80,0,search_first_car:0/2
16.116000,search_first_car,0.000470,3.862496,0.013692,0,1,1,1,-0.1:1772:581:1,0,0,,,,,,,,80,0,search_first_car:0/2
16.216000,search_first_car,0.000500,3.810167,0.014360,0,1,1,1,-0.1:1766:583:1,0,0,,,,,,,,80,0,search_first_car:0/2
16.316000,search_first_car,0.000528,3.757739,0.014990,0,1,1,1,-0.1:1775:580:1,0,0,,,,,,,,80,0,search_first_car:0/2
16.416000,search_first_car,0.000558,3.705222,0.015668,0,1,1,1,-0.1:1775:583:1,0,0,,,,,,,,80,0,search_first_car:0/2
16.517000,search_first_car,0.000589,3.652630,0.016384,0,1,1,1,-0.1:1767:582:1,0,0,,,,,,,,80,0,search_first_car:0/2
16.616000,search_first_car,0.000622,3.599974,0.017112,0,1,1,1,-0.1:1778:583:1,0,0,,,,,,,,80,0,search_first_car:0/2
16.716000,search_first_car,0.000655,3.547264,0.017820,0,1,1,1,-0.1:1769:576:1,0,0,,,,,,,,80,0,search_first_car:0/2
16.816000,search_first_car,0.000689,3.494507,0.018521,0,1,1,1,-0.1:1771:583:1,0,0,,,,,,,,80,0,search_first_car:0/2
16.916000,search_first_car,0.000723,3.441709,0.019237,0,1,1,1,-0.1:1759:583:1,0,0,,,,,,,,80,0,search_first_car:0/2
17.016000,search_first_car,0.000758,3.388876,0.019961,0,1,1,1,-0.1:1763:584:1,0,0,,,,,,,,80,0,search_first_car:0/2
17.116000,search_first_car,0.000794,3.336013,0.020676,0,1,1,1,-0.1:1775:582:1,0,0,,,,,,,,80,0,search_first_car:0/2
17.216000,search_first_car,0.000830,3.283124,0.021374,0,1,1,1,-0.1:1773:583:1,0,0,,,,,,,,80,0,search_first_car:0/2
17.316000,search_first_car,-0.030277,0.933832,-89.978118,0,1,1,1,-0.1:1767:580:1,0,0,,,,,,,,80,0,search_first_car:0/2
17.416000,search_first_car,0.000905,3.177284,0.022810,0,1,1,1,-0.1:1775:583:1,0,0,,,,,,,,80,0,search_first_car:0/2
17.516000,search_first_car,0.000944,3.124337,0.023491,0,1,1,1,-0.1:1765:583:1,0,0,,,,,,,,80,0,search_first_car:0/2
17.616000,search_first_car,0.000982,3.071377,0.024201,0,1,1,1,-0.1:1773:583:1,0,0,,,,,,,,80,0,search_first_car:0/2
17.716000,search_first_car,0.001021,3.018403,0.024902,0,1,1,1,-0.1:1763:582:1,0,0,,,,,,,,80,0,search_first_car:0/2
17.816000,search_first_car,0.001062,2.965420,0.025586,0,1,1,1,-0.1:1776:585:1,0,0,,,,,,,,80,0,search_first_car:0/2
17.916000,search_first_car,0.001102,2.912428,0.026295,0,1,1,1,-0.1:1767:580:1,0,0,,,,,,,,80,0,search_first_car:0/2
18.016000,search_first_car,0.001143,2.859429,0.026981,0,1,1,1,-0.1:1762:575:1,0,0,,,,,,,,80,0,search_first_car:0/2
18.116000,search_first_car,0.003489,2.838739,-0.000168,0,1,1,1,-0.1:1765:583:1,0,0,,,,,,,,80,0,search_first_car:0/2
18.216000,search_first_car,0.004006,2.837892,0.006159,0,1,1,1,-0.1:1771:581:1,0,0,,,,,,,,80,0,search_first_car:0/2
18.316000,search_first_car,0.004174,2.837903,0.005985,0,1,1,1,-0.1:1769:581:1,0,0,,,,,,,,80,0,search_first_car:0/2
18.416000,search_first_car,0.004334,2.837906,0.005314,0,1,1,1,-0.1:1766:581:1,0,0,,,,,,,,80,0,search_first_car:0/2
18.516000,search_first_car,0.004387,2.837900,0.003707,0,1,1,1,-0.1:1770:583:1,0,0,,,,,,,,80,0,search_first_car:0/2
18.616000,search_first_car,0.004443,2.837889,0.001828,0,1,1,1,-0.1:1772:583:1,0,0,,,,,,,,80,0,search_first_car:0/2
18.716000,search_first_car,0.004501,2.837884,-0.000050,0,1,1,1,-0.1:1774:579:1,0,0,,,,,,,,80,0,search_first_car:0/2
18.816000,search_first_car,0.004560,2.837851,-0.001422,0,1,1,1,-0.1:1768:583:1,0,0,,,,,,,,80,0,search_first_car:0/2
18.916000,search_first_car,0.004614,2.837821,-0.002730,0,1,1,1,-0.1:1770:577:1,0,0,,,,,,,,80,0,search_first_car:0/2
19.016000,search_first_car,-0.027510,0.541940,-90.003888,0,1,1,1,-0.1:1763:581:1,0,0,,,,,,,,80,0,search_first_car:0/2
19.116000,search_first_car,0.004722,2.837714,-0.004242,0,1,1,1,-0.1:1772:577:1,0,0,,,,,,,,80,0,search_first_car:0/2
19.216000,search_first_car,0.004780,2.837704,-0.006037,0,1,1,1,-0.1:1770:583:1,0,0,,,,,,,,80,0,search_first_car:0/2
19.316000,search_first_car,0.004840,2.837667,-0.007364,0,1,1,1,-0.1:1773:579:1,0,0,,,,,,,,80,0,search_first_car:0/2
19.416000,search_first_car,0.004892,2.837616,-0.008085,0,1,1,1,-0.1:1778:585:1,0,0,,,,,,,,80,0,search_first_car:0/2
19.516000,search_first_car,0.004948,2.837596,-0.009624,0,1,1,1,-0.1:1763:581:1,0,0,,,,,,,,80,0,search_first_car:0/2
19.616000,search_first_car,0.005002,2.837564,-0.010836,0,1,1,1,-0.1:1772:582:1,0,0,,,,,,,,80,0,search_first_car:0/2
19.716000,search_first_car,0.005053,2.837536,-0.012020,0,1,1,1,-0.1:1773:585:1,0,0,,,,,,,,80,0,search_first_car:0/2
19.816000,search_first_car,0.005104,2.837470,-0.012432,0,1,1,1,-0.1:1766:581:1,0,0,,,,,,,,80,0,search_first_car:0/2
19.916000,search_first_car,0.005161,2.837381,-0.012566,0,1,1,1,-0.1:1774:581:1,0,0,,,,,,,,80,0,search_first_car:0/2
20.016000,search_first_car,0.005212,2.837365,-0.013995,0,1,1,1,-0.1:1767:579:1,0,0,,,,,,,,80,0,search_first_car:0/2
20.116000,search_first_car,0.005265,2.837340,-0.015307,0,1,1,1,-0.1:1767:583:1,0,0,,,,,,,,80,0,search_first_car:0/2
20.216000,search_first_car,0.005316,2.837308,-0.016465,0,1,1,1,-0.1:1760:577:1,0,0,,,,,,,,80,0,search_first_car:0/2
20.317000,search_first_car,0.005372,2.837290,-0.017998,0,1,1,1,-0.1:1783:583:1,0,0,,,,,,,,80,0,search_first_car:0/2
20.416000,search_first_car,0.005428,2.837285,-0.019859,0,1,1,1,-0.1:1759:576:1,0,0,,,,,,,,80,0,search_first_car:0/2
20.516000,search_first_car,0.005478,2.837264,-0.021128,0,1,1,1,-0.1:1768:583:1,0,0,,,,,,,,80,0,search_first_car:0/2
20.616000,search_first_car,0.005524,2.837234,-0.022147,0,1,1,1,-0.1:1773:583:1,0,0,,,,,,,,80,0,search_first_car:0/2
20.716000,search_first_car,-0.027389,0.541374,-90.023533,0,1,1,1,-0.1:1779:580:1,0,0,,,,,,,,80,0,search_first_car:0/2
20.816000,search_first_car,0.005624,2.837174,-0.024279,0,1,1,1,-0.1:1766:582:1,0,0,,,,,,,,80,0,search_first_car:0/2
20.916000,search_first_car,0.005666,2.837116,-0.024644,0,1,1,1,-0.1:1766:580:1,0,0,,,,,,,,80,0,search_first_car:0/2
21.016000,search_first_car,0.005714,2.837055,-0.025025,0,1,1,1,-0.1:1765:579:1,0,0,,,,,,,,80,0,search_first_car:0/2
21.116000,search_first_car,0.005762,2.836990,-0.025359,0,1,1,1,-0.1:1770:573:1,0,0,,,,,,,,80,0,search_first_car:0/2
21.216000,search_first_car,0.005806,2.836933,-0.025653,0,1,1,1,-0.1:1762:581:1,0,0,,,,,,,,80,0,search_first_car:0/2
21.316000,search_first_car,0.005849,2.836869,-0.025857,0,1,1,1,-0.1:1761:579:1,0,0,,,,,,,,80,0,search_first_car:0/2
21.416000,search_first_car,0.005894,2.836806,-0.026087,0,1,1,1,-0.1:1772:578:1,0,0,,,,,,,,80,0,search_first_car:0/2
21.516000,search_first_car,0.005936,2.836744,-0.026276,0,1,1,1,-0.1:1771:580:1,0,0,,,,,,,,80,0,search_first_car:0/2
21.616000,search_first_car,0.005983,2.836681,-0.026563,0,1,1,1,-0.1:1770:573:1,0,0,,,,,,,,80,0,search_first_car:0/2
21.716000,search_first_car,0.006029,2.836636,-0.027244,0,1,1,1,-0.1:1765:577:1,0,0,,,,,,,,80,0,search_first_car:0/2
21.817000,search_first_car,0.006075,2.836564,-0.027320,0,1,1,1,-0.1:1769:585:1,0,0,,,,,,,,80,0,search_first_car:0/2
21.916000,search_first_car,0.006117,2.836508,-0.027624,0,1,1,1,-0.1:1771:581:1,0,0,,,,,,,,80,0,search_first_car:0/2
22.016000,search_first_car,0.006164,2.836471,-0.028489,0,1,1,1,-0.1:1771:582:1,0,0,,,,,,,,80,0,search_first_car:0/2
22.116000,search_first_car,0.006202,2.836427,-0.028893,0,1,1,1,-0.1:1762:586:1,0,0,,,,,,,,80,0,search_first_car:0/2
22.216000,search_first_car,0.006245,2.836374,-0.029282,0,1,1,1,-0.1:1775:583:1,0,0,,,,,,,,80,0,search_first_car:0/2
22.316000,search_first_car,0.006288,2.836330,-0.029855,0,1,1,1,-0.1:1764:583:1,0,0,,,,,,,,80,0,search_first_car:0/2
22.416000,search_first_car,-0.026913,0.540455,-90.030432,0,1,1,1,-0.1:1775:581:1,0,0,,,,,,,,80,0,search_first_car:0/2
22.516000,search_first_car,0.006372,2.836215,-0.030350,0,1,1,1,-0.1:1762:578:1,0,0,,,,,,,,80,0,search_first_car:0/2
22.616000,search_first_car,0.006416,2.836156,-0.030650,0,1,1,1,-0.1:1751:582:1,0,0,,,,,,,,80,0,search_first_car:0/2
22.716000,search_first_car,0.006455,2.836107,-0.030991,0,1,1,1,-0.1:1776:579:1,0,0,,,,,,,,80,0,search_first_car:0/2
22.817000,search_first_car,0.006495,2.836071,-0.031674,0,1,1,1,-0.1:1765:578:1,0,0,,,,,,,,80,0,search_first_car:0/2
22.916000,search_first_car,0.006548,2.836044,-0.032944,0,1,1,1,-0.1:1766:576:1,0,0,,,,,,,,80,0,search_first_car:0/2
23.016000,search_first_car,0.006604,2.836048,-0.035000,0,1,1,1,-0.1:1777:577:1,0,0,,,,,,,,80,0,search_first_car:0/2
23.116000,search_first_car,0.006653,2.836016,-0.036081,0,1,1,1,-0.1:1774:581:1,0,0,,,,,,,,80,0,search_first_car:0/2
23.216000,search_first_car,0.006702,2.835988,-0.037133,0,1,1,1,-0.1:1772:578:1,0,0,,,,,,,,80,0,search_first_car:0/2
23.316000,search_first_car,0.006748,2.835952,-0.038023,0,1,1,1,-0.1:1764:581:1,0,0,,,,,,,,80,0,search_first_car:0/2
23.417000,search_first_car,0.006785,2.835921,-0.038653,0,1,1,1,-0.1:1775:580:1,0,0,,,,,,,,80,0,search_first_car:0/2
23.516000,search_first_car,0.006829,2.835869,-0.039085,0,1,1,1,-0.1:1778:578:1,0,0,,,,,,,,80,0,search_first_car:0/2
23.616000,search_first_car,0.006876,2.835835,-0.040002,0,1,1,1,-0.1:1765:580:1,0,0,,,,,,,,80,0,search_first_car:0/2
23.717000,search_first_car,0.006916,2.835790,-0.040467,0,1,1,1,-0.1:1768:581:1,0,0,,,,,,,,80,0,search_first_car:0/2
23.816000,search_first_car,0.006963,2.835755,-0.041375,0,1,1,1,-0.1:1768:581:1,0,0,,,,,,,,80,0,search_first_car:0/2
23.916000,search_first_car,0.007003,2.835719,-0.042007,0,1,1,1,-0.1:1765:580:1,0,0,,,,,,,,80,0,search_first_car:0/2
24.017000,search_first_car,0.007041,2.835666,-0.042246,0,1,1,1,-0.1:1758:584:1,0,0,,,,,,,,80,0,search_first_car:0/2
24.116000,search_first_car,-0.026694,0.539839,-90.044083,0,1,1,1,-0.1:1782:582:1,0,0,,,,,,,,80,0,search_first_car:0/2
24.216000,search_first_car,0.007135,2.835614,-0.044442,0,1,1,1,-0.1:1766:579:1,0,0,,,,,,,,80,0,search_first_car:0/2
24.316000,search_first_car,0.007181,2.835603,-0.045848,0,1,1,1,-0.1:1775:579:1,0,0,,,,,,,,80,0,search_first_car:0/2
24.416000,search_first_car,0.007227,2.835579,-0.046917,0,1,1,1,-0.1:1771:582:1,0,0,,,,,,,,80,0,search_first_car:0/2
24.516000,search_first_car,0.007275,2.835564,-0.048274,0,1,1,1,-0.1:1769:579:1,0,0,,,,,,,,80,0,search_first_car:0/2
24.616000,search_first_car,0.007320,2.835528,-0.049097,0,1,1,1,-0.1:1771:580:1,0,0,,,,,,,,80,0,search_first_car:0/2
24.716000,search_first_car,0.007364,2.835482,-0.049689,0,1,1,1,-0.1:1773:581:1,0,0,,,,,,,,80,0,search_first_car:0/2
24.816000,search_first_car,0.007416,2.835489,-0.051665,0,1,1,1,-0.1:1771:577:1,0,0,,,,,,,,80,0,search_first_car:0/2
24.916000,search_first_car,0.007469,2.835480,-0.053281,0,1,1,1,-0.1:1769:579:1,0,0,,,,,,,,80,0,search_first_car:0/2
25.017000,search_first_car,0.007514,2.835456,-0.054361,0,1,1,1,-0.1:1778:581:1,0,0,,,,,,,,80,0,search_first_car:0/2
25.116000,search_first_car,0.007555,2.835407,-0.054773,0,1,1,1,-0.1:1771:580:1,0,0,,,,,,,,80,0,search_first_car:0/2
25.216000,search_first_car,0.007598,2.835352,-0.055143,0,1,1,1,-0.1:1779:582:1,0,0,,,,,,,,80,0,search_first_car:0/2
25.316000,search_first_car,0.007639,2.835290,-0.055259,0,1,1,1,-0.1:1767:583:1,0,0,,,,,,,,80,0,search_first_car:0/2
25.416000,search_first_car,0.007676,2.835223,-0.055160,0,1,1,1,-0.1:1775:582:1,0,0,,,,,,,,80,0,search_first_car:0/2
25.516000,search_first_car,0.007713,2.835169,-0.055297,0,1,1,1,-0.1:1779:578:1,0,0,,,,,,,,80,0,search_first_car:0/2
25.616000,search_first_car,0.007752,2.835129,-0.055847,0,1,1,1,-0.1:1773:578:1,0,0,,,,,,,,80,0,search_first_car:0/2
25.716000,search_first_car,0.007794,2.835082,-0.056320,0,1,1,1,-0.1:1767:580:1,0,0,,,,,,,,80,0,search_first_car:0/2
25.817000,search_first_car,-0.026453,0.539211,-90.056467,0,1,1,1,-0.1:1777:581:1,0,0,,,,,,,,80,0,search_first_car:0/2
25.916000,search_first_car,0.007871,2.834956,-0.056343,0,1,1,1,-0.1:1771:583:1,0,0,,,,,,,,80,0,search_first_car:0/2
26.017000,search_first_car,0.007909,2.834919,-0.056887,0,1,1,1,-0.1:1770:580:1,0,0,,,,,,,,80,0,search_first_car:0/2
26.117000,search_first_car,0.007944,2.834875,-0.057209,0,1,1,1,-0.1:1775:583:1,0,0,,,,,,,,80,0,search_first_car:0/2
26.217000,search_first_car,0.007981,2.834827,-0.057480,0,1,1,1,-0.1:1765:579:1,0,0,,,,,,,,80,0,search_first_car:0/2
26.320000,search_first_car,0.008016,2.834791,-0.057983,0,1,1,1,-0.1:1774:583:1,0,0,,,,,,,,80,0,search_first_car:0/2
26.417000,search_first_car,0.008052,2.834750,-0.058331,0,1,1,1,-0.1:1759:583:1,0,0,,,,,,,,80,0,search_first_car:0/2
26.517000,search_first_car,0.008090,2.834703,-0.058711,0,1,1,1,-0.1:1765:579:1,0,0,,,,,,,,80,0,search_first_car:0/2
26.621000,search_first_car,0.008127,2.834657,-0.059010,0,1,1,1,-0.1:1773:581:1,0,0,,,,,,,,80,0,search_first_car:0/2
26.720000,search_first_car,0.008162,2.834622,-0.059525,0,1,1,1,-0.1:1769:579:1,0,0,,,,,,,,80,0,search_first_car:0/2
26.822000,search_first_car,0.008203,2.834581,-0.060096,0,1,1,1,-0.1:1768:580:1,0,0,,,,,,,,80,0,search_first_car:0/2
26.921000,search_first_car,0.008239,2.834554,-0.060771,0,1,1,1,-0.1:1760:581:1,0,0,,,,,,,,80,0,search_first_car:0/2
27.020000,search_first_car,0.008282,2.834510,-0.061340,0,1,1,1,-0.1:1762:574:1,0,0,,,,,,,,80,0,search_first_car:0/2
27.120000,search_first_car,0.008317,2.834461,-0.061564,0,1,1,1,-0.1:1761:578:1,0,0,,,,,,,,80,0,search_first_car:0/2
27.220000,search_first_car,0.008351,2.834417,-0.061816,0,1,1,1,-0.1:1773:577:1,0,0,,,,,,,,80,0,search_first_car:0/2
27.320000,search_first_car,0.008386,2.834374,-0.062118,0,1,1,1,-0.1:1773:581:1,0,0,,,,,,,,80,0,search_first_car:0/2
27.422000,search_first_car,0.008417,2.834329,-0.062306,0,1,1,1,-0.1:1773:581:1,0,0,,,,,,,,80,0,search_first_car:0/2
27.520000,search_first_car,-0.026100,0.538499,-90.063154,0,1,1,1,-0.1:1776:583:1,0,0,,,,,,,,80,0,search_first_car:0/2
27.620000,search_first_car,-0.026079,0.538457,-90.063531,0,1,1,1,-0.1:1767:578:1,0,0,,,,,,,,80,0,search_first_car:0/2
27.720000,search_first_car,-0.026052,0.538409,-90.063681,0,1,1,1,-0.1:1776:583:1,0,0,,,,,,,,80,0,search_first_car:0/2
27.820000,search_first_car,0.008551,2.834183,-0.063910,0,1,1,1,-0.1:1775:583:1,0,0,,,,,,,,80,0,search_first_car:0/2
27.920000,search_first_car,0.008593,2.834162,-0.064904,0,1,1,1,-0.1:1781:583:1,0,0,,,,,,,,80,0,search_first_car:0/2
28.020000,search_first_car,0.008639,2.834142,-0.066114,0,1,1,1,-0.1:1766:580:1,0,0,,,,,,,,80,0,search_first_car:0/2
28.121000,search_first_car,0.008689,2.834141,-0.067831,0,1,1,1,-0.1:1767:578:1,0,0,,,,,,,,80,0,search_first_car:0/2
28.220000,search_first_car,0.008725,2.834119,-0.068638,0,1,1,1,-0.1:1769:579:1,0,0,,,,,,,,80,0,search_first_car:0/2
28.321000,search_first_car,0.008770,2.834088,-0.069540,0,1,1,1,-0.1:1758:586:1,0,0,,,,,,,,80,0,search_first_car:0/2
28.420000,search_first_car,0.008811,2.834059,-0.070405,0,1,1,1,-0.1:1778:580:1,0,0,,,,,,,,80,0,search_first_car:0/2
28.520000,search_first_car,0.008847,2.834006,-0.070524,0,1,1,1,-0.1:1763:579:1,0,0,,,,,,,,80,0,search_first_car:0/2
28.620000,search_first_car,0.008881,2.833952,-0.070590,0,1,1,1,-0.1:1759:578:1,0,0,,,,,,,,80,0,search_first_car:0/2
28.720000,search_first_car,0.008922,2.833923,-0.071422,0,1,1,1,-0.1:1771:581:1,0,0,,,,,,,,80,0,search_first_car:0/2
28.820000,search_first_car,0.008963,2.833890,-0.072154,0,1,1,1,-0.1:1763:577:1,0,0,,,,,,,,80,0,search_first_car:0/2
28.920000,search_first_car,0.008998,2.833837,-0.072260,0,1,1,1,-0.1:1765:583:1,0,0,,,,,,,,80,0,search_first_car:0/2
29.020000,search_first_car,0.009032,2.833791,-0.072486,0,1,1,1,-0.1:1777:581:1,0,0,,,,,,,,80,0,search_first_car:0/2
29.121000,search_first_car,0.009065,2.833739,-0.072566,0,1,1,1,-0.1:1770:580:1,0,0,,,,,,,,80,0,search_first_car:0/2
29.221000,search_first_car,-0.025913,0.537966,-90.074967,0,1,1,1,-0.1:1769:582:1,0,0,,,,,,,,80,0,search_first_car:0/2
29.320000,search_first_car,-0.025897,0.537928,-90.075618,0,1,1,1,-0.1:1763:581:1,0,0,,,,,,,,80,0,search_first_car:0/2
29.420000,search_first_car,-0.025874,0.537883,-90.076032,0,1,1,1,-0.1:1773:579:1,0,0,,,,,,,,80,0,search_first_car:0/2
29.521000,search_first_car,0.009255,2.833665,-0.077612,0,1,1,1,-0.1:1773:583:1,0,0,,,,,,,,80,0,search_first_car:0/2
29.620000,search_first_car,0.009308,2.833656,-0.079348,0,1,1,1,-0.1:1756:575:1,0,0,,,,,,,,80,0,search_first_car:0/2
29.721000,search_first_car,0.009355,2.833635,-0.080512,0,1,1,1,-0.1:1762:584:1,0,0,,,,,,,,80,0,search_first_car:0/2
29.820000,search_first_car,0.009391,2.833582,-0.080667,0,1,1,1,-0.1:1770:585:1,0,0,,,,,,,,80,0,search_first_car:0/2
29.920000,search_first_car,0.009429,2.833522,-0.080729,0,1,1,1,-0.1:1772:582:1,0,0,,,,,,,,80,0,search_first_car:0/2
30.020000,search_first_car,0.009472,2.833495,-0.081683,0,1,1,1,-0.1:1771:579:1,0,0,,,,,,,,80,0,search_first_car:0/2
30.120000,search_first_car,0.009512,2.833439,-0.081885,0,1,1,1,-0.1:1772:582:1,0,0,,,,,,,,80,0,search_first_car:0/2
30.220000,search_first_car,0.009557,2.833374,-0.082054,0,1,1,1,-0.1:1779:579:1,0,0,,,,,,,,80,0,search_first_car:0/2
30.322000,search_first_car,0.009596,2.833328,-0.082515,0,1,1,1,-0.1:1773:579:1,0,0,,,,,,,,80,0,search_first_car:0/2
30.422000,search_first_car,0.009632,2.833291,-0.083018,0,1,1,1,-0.1:1775:583:1,0,0,,,,,,,,80,0,search_first_car:0/2
30.521000,search_first_car,0.009667,2.833247,-0.083281,0,1,1,1,-0.1:1765:583:1,0,0,,,,,,,,80,0,search_first_car:0/2
30.620000,search_first_car,0.009704,2.833184,-0.083251,0,1,1,1,-0.1:1765:580:1,0,0,,,,,,,,80,0,search_first_car:0/2
30.720000,search_first_car,0.009743,2.833129,-0.083459,0,1,1,1,-0.1:1765:574:1,0,0,,,,,,,,80,0,search_first_car:0/2
30.820000,search_first_car,0.009777,2.833071,-0.083450,0,1,1,1,-0.1:1765:584:1,0,0,,,,,,,,80,0,search_first_car:0/2
30.920000,search_first_car,-0.025559,0.537217,-90.083631,0,1,1,1,-0.1:1776:578:1,0,0,,,,,,,,80,0,search_first_car:0/2
31.021000,search_first_car,-0.025536,0.537172,-90.083984,0,1,1,1,-0.1:1769:584:1,0,0,,,,,,,,80,0,search_first_car:0/2
31.120000,search_first_car,-0.025504,0.537116,-90.084160,0,1,1,1,-0.1:1764:579:1,0,0,,,,,,,,80,0,search_first_car:0/2
31.221000,search_first_car,0.009921,2.832863,-0.084112,0,1,1,1,-0.1:1775:582:1,0,0,,,,,,,,80,0,search_first_car:0/2
31.320000,search_first_car,0.009953,2.832814,-0.084211,0,1,1,1,-0.1:1779:580:1,0,0,,,,,,,,80,0,search_first_car:0/2
31.420000,search_first_car,0.009987,2.832767,-0.084379,0,1,1,1,-0.1:1768:584:1,0,0,,,,,,,,80,0,search_first_car:0/2
31.520000,search_first_car,0.010021,2.832713,-0.084438,0,1,1,1,-0.1:1774:580:1,0,0,,,,,,,,80,0,search_first_car:0/2
31.620000,search_first_car,0.010054,2.832664,-0.084598,0,1,1,1,-0.1:1767:583:1,0,0,,,,,,,,80,0,search_first_car:0/2
31.720000,search_first_car,0.010087,2.832622,-0.084865,0,1,1,1,-0.1:1767:581:1,0,0,,,,,,,,80,0,search_first_car:0/2
31.820000,search_first_car,0.010122,2.832603,-0.085656,0,1,1,1,-0.1:1768:581:1,0,0,,,,,,,,80,0,search_first_car:0/2
31.920000,search_first_car,0.010157,2.832568,-0.086170,0,1,1,1,-0.1:1769:580:1,0,0,,,,,,,,80,0,search_first_car:0/2
32.020000,search_first_car,0.010204,2.832552,-0.087370,0,1,1,1,-0.1:1761:579:1,0,0,,,,,,,,80,0,search_first_car:0/2
32.120000,search_first_car,0.010242,2.832528,-0.088315,0,1,1,1,-0.1:1768:573:1,0,0,,,,,,,,80,0,search_first_car:0/2
32.220000,search_first_car,0.010281,2.832474,-0.088522,0,1,1,1,-0.1:1766:581:1,0,0,,,,,,,,80,0,search_first_car:0/2
32.320000,search_first_car,0.010319,2.832421,-0.088757,0,1,1,1,-0.1:1766:581:1,0,0,,,,,,,,80,0,search_first_car:0/2
32.420000,search_first_car,0.010360,2.832384,-0.089410,0,1,1,1,-0.1:1769:582:1,0,0,,,,,,,,80,0,search_first_car:0/2
32.520000,search_first_car,0.010401,2.832365,-0.090435,0,1,1,1,-0.1:1774:580:1,0,0,,,,,,,,80,0,search_first_car:0/2
32.620000,search_first_car,-0.025244,0.536550,-90.091318,0,1,1,1,-0.1:1774:584:1,0,0,,,,,,,,80,0,search_first_car:0/2
32.720000,search_first_car,-0.025246,0.536531,-90.092443,0,1,1,1,-0.1:1770:583:1,0,0,,,,,,,,80,0,search_first_car:0/2
32.820000,search_first_car,-0.025246,0.536519,-90.093497,0,1,1,1,-0.1:1770:580:1,0,0,,,,,,,,80,0,search_first_car:0/2
32.920000,search_first_car,0.010560,2.832326,-0.095214,0,1,1,1,-0.1:1765:582:1,0,0,,,,,,,,80,0,search_first_car:0/2
33.020000,search_first_car,0.010601,2.832289,-0.095863,0,1,1,1,-0.1:1776:582:1,0,0,,,,,,,,80,0,search_first_car:0/2
33.120000,search_first_car,0.010638,2.832249,-0.096304,0,1,1,1,-0.1:1774:578:1,0,0,,,,,,,,80,0,search_first_car:0/2
33.220000,search_first_car,0.010676,2.832204,-0.096692,0,1,1,1,-0.1:1770:576:1,0,0,,,,,,,,80,0,search_first_car:0/2
33.320000,search_first_car,0.010716,2.832195,-0.097882,0,1,1,1,-0.1:1775:578:1,0,0,,,,,,,,80,0,search_first_car:0/2
33.420000,search_first_car,0.010751,2.832147,-0.098115,0,1,1,1,-0.1:1779:579:1,0,0,,,,,,,,80,0,search_first_car:0/2
33.520000,search_first_car,0.010796,2.832135,-0.099467,0,1,1,1,-0.1:1777:577:1,0,0,,,,,,,,80,0,search_first_car:0/2
33.620000,search_first_car,0.010829,2.832110,-0.100065,0,1,1,1,-0.1:1768:577:1,0,0,,,,,,,,80,0,search_first_car:0/2
33.720000,search_first_car,0.010863,2.832064,-0.100308,0,1,1,1,-0.1:1772:581:1,0,0,,,,,,,,80,0,search_first_car:0/2
33.820000,search_first_car,0.010899,2.832009,-0.100450,0,1,1,1,-0.1:1766:575:1,0,0,,,,,,,,80,0,search_first_car:0/2
33.920000,search_first_car,0.010934,2.831976,-0.100992,0,1,1,1,-0.1:1770:581:1,0,0,,,,,,,,80,0,search_first_car:0/2
34.021000,search_first_car,0.010971,2.831916,-0.100977,0,1,1,1,-0.1:1786:579:1,0,0,,,,,,,,80,0,search_first_car:0/2
34.120000,search_first_car,0.011007,2.831857,-0.100986,0,1,1,1,-0.1:1772:584:1,0,0,,,,,,,,80,0,search_first_car:0/2
34.220000,search_first_car,0.011043,2.831800,-0.101051,0,1,1,1,-0.1:1765:582:1,0,0,,,,,,,,80,0,search_first_car:0/2
34.321000,search_first_car,-0.025005,0.535966,-90.101342,0,1,1,1,-0.1:1770:578:1,0,0,,,,,,,,80,0,search_first_car:0/2
34.421000,search_first_car,-0.024975,0.535911,-90.101499,0,1,1,1,-0.1:1766:581:1,0,0,,,,,,,,80,0,search_first_car:0/2
34.520000,search_first_car,-0.024950,0.535868,-90.101734,0,1,1,1,-0.1:1783:581:1,0,0,,,,,,,,80,0,search_first_car:0/2
34.620000,search_first_car,0.011181,2.831615,-0.102030,0,1,1,1,-0.1:1780:578:1,0,0,,,,,,,,80,0,search_first_car:0/2
34.720000,search_first_car,0.011224,2.831630,-0.103855,0,1,1,1,-0.1:1777:577:1,0,0,,,,,,,,80,0,search_first_car:0/2
34.820000,search_first_car,0.011257,2.831580,-0.103935,0,1,1,1,-0.1:1776:582:1,0,0,,,,,,,,80,0,search_first_car:0/2
34.920000,search_first_car,0.011290,2.831537,-0.104195,0,1,1,1,-0.1:1783:582:1,0,0,,,,,,,,80,0,search_first_car:0/2
35.020000,search_first_car,0.011327,2.831509,-0.104903,0,1,1,1,-0.1:1774:582:1,0,0,,,,,,,,80,0,search_first_car:0/2
35.120000,search_first_car,0.011370,2.831435,-0.104848,0,1,1,1,-0.1:1769:580:1,0,0,,,,,,,,80,0,search_first_car:0/2
35.220000,search_first_car,0.011407,2.831393,-0.105279,0,1,1,1,-0.1:1769:580:1,0,0,,,,,,,,80,0,search_first_car:0/2
35.321000,search_first_car,0.011449,2.831348,-0.105813,0,1,1,1,-0.1:1764:579:1,0,0,,,,,,,,80,0,search_first_car:0/2
35.420000,search_first_car,0.011481,2.831311,-0.106131,0,1,1,1,-0.1:1778:582:1,0,0,,,,,,,,80,0,search_first_car:0/2
35.520000,search_first_car,0.011516,2.831256,-0.106207,0,1,1,1,-0.1:1770:581:1,0,0,,,,,,,,80,0,search_first_car:0/2
35.620000,search_first_car,0.011554,2.831192,-0.106225,0,1,1,1,-0.1:1772:580:1,0,0,,,,,,,,80,0,search_first_car:0/2
35.720000,search_first_car,0.011589,2.831130,-0.106103,0,1,1,1,-0.1:1777:581:1,0,0,,,,,,,,80,0,search_first_car:0/2
35.820000,search_first_car,0.011627,2.831072,-0.106236,0,1,1,1,-0.1:1773:581:1,0,0,,,,,,,,80,0,search_first_car:0/2
35.921000,search_first_car,0.011659,2.831024,-0.106361,0,1,1,1,-0.1:1766:582:1,0,0,,,,,,,,80,0,search_first_car:0/2
36.020000,search_first_car,-0.024608,0.535204,-90.106768,0,1,1,1,-0.1:1768:583:1,0,0,,,,,,,,80,0,search_first_car:0/2
36.120000,search_first_car,-0.024571,0.535144,-90.106619,0,1,1,1,-0.1:1766:583:1,0,0,,,,,,,,80,0,search_first_car:0/2
36.220000,search_first_car,-0.024539,0.535089,-90.106612,0,1,1,1,-0.1:1768:584:1,0,0,,,,,,,,80,0,search_first_car:0/2
36.320000,search_first_car,0.011784,2.830829,-0.106617,0,1,1,1,-0.1:1767:574:1,0,0,,,,,,,,80,0,search_first_car:0/2
36.420000,search_first_car,0.011814,2.830799,-0.107042,0,1,1,1,-0.1:1777:580:1,0,0,,,,,,,,80,0,search_first_car:0/2
36.521000,search_first_car,0.011843,2.830755,-0.107151,0,1,1,1,-0.1:1772:582:1,0,0,,,,,,,,80,0,search_first_car:0/2
36.620000,search_first_car,0.011875,2.830710,-0.107327,0,1,1,1,-0.1:1768:578:1,0,0,,,,,,,,80,0,search_first_car:0/2
36.720000,search_first_car,0.011915,2.830676,-0.108041,0,1,1,1,-0.1:1784:584:1,0,0,,,,,,,,80,0,search_first_car:0/2
36.820000,search_first_car,0.011948,2.830619,-0.107954,0,1,1,1,-0.1:1762:579:1,0,0,,,,,,,,80,0,search_first_car:0/2
36.920000,search_first_car,0.011983,2.830610,-0.108997,0,1,1,1,-0.1:1768:579:1,0,0,,,,,,,,80,0,search_first_car:0/2
37.020000,search_first_car,0.012021,2.830568,-0.109501,0,1,1,1,-0.1:1765:582:1,0,0,,,,,,,,80,0,search_first_car:0/2
37.120000,search_first_car,0.012054,2.830543,-0.110049,0,1,1,1,-0.1:1771:583:1,0,0,,,,,,,,80,0,search_first_car:0/2
37.220000,search_first_car,0.012088,2.830459,-0.109502,0,1,1,1,-0.1:1764:583:1,0,0,,,,,,,,80,0,search_first_car:0/2
37.320000,search_first_car,0.012126,2.830430,-0.110217,0,1,1,1,-0.1:1771:578:1,0,0,,,,,,,,80,0,search_first_car:0/2
37.421000,search_first_car,0.012168,2.830416,-0.111423,0,1,1,1,-0.1:1775:583:1,0,0,,,,,,,,80,0,search_first_car:0/2
37.520000,search_first_car,0.012212,2.830420,-0.113011,0,1,1,1,-0.1:1766:582:1,0,0,,,,,,,,80,0,search_first_car:0/2
37.623000,search_first_car,0.012247,2.830362,-0.113002,0,1,1,1,-0.1:1768:582:1,0,0,,,,,,,,80,0,search_first_car:0/2
37.721000,search_first_car,-0.024281,0.534535,-90.113307,0,1,1,1,-0.1:1773:581:1,0,0,,,,,,,,80,0,search_first_car:0/2
37.821000,search_first_car,-0.024268,0.534505,-90.113791,0,1,1,1,-0.1:1772:579:1,0,0,,,,,,,,80,0,search_first_car:0/2
37.921000,search_first_car,-0.024250,0.534468,-90.114188,0,1,1,1,-0.1:1769:579:1,0,0,,,,,,,,80,0,search_first_car:0/2
38.021000,search_first_car,0.012383,2.830237,-0.115204,0,1,1,1,-0.1:1766:579:1,0,0,,,,,,,,80,0,search_first_car:0/2
38.121000,search_first_car,0.012416,2.830219,-0.115961,0,1,1,1,-0.1:1774:577:1,0,0,,,,,,,,80,0,search_first_car:0/2
38.221000,search_first_car,0.012459,2.830196,-0.116984,0,1,1,1,-0.1:1779:578:1,0,0,,,,,,,,80,0,search_first_car:0/2
38.321000,search_first_car,0.012503,2.830182,-0.118235,0,1,1,1,-0.1:1759:576:1,0,0,,,,,,,,80,0,search_first_car:0/2
38.421000,search_first_car,0.012535,2.830128,-0.118213,0,1,1,1,-0.1:1768:582:1,0,0,,,,,,,,80,0,search_first_car:0/2
38.521000,search_first_car,0.012583,2.830086,-0.119023,0,1,1,1,-0.1:1764:578:1,0,0,,,,,,,,80,0,search_first_car:0/2
38.621000,search_first_car,0.012621,2.830054,-0.119653,0,1,1,1,-0.1:1773:573:1,0,0,,,,,,,,80,0,search_first_car:0/2
38.721000,search_first_car,0.012654,2.830005,-0.119813,0,1,1,1,-0.1:1775:581:1,0,0,,,,,,,,80,0,search_first_car:0/2
38.821000,search_first_car,0.012688,2.829948,-0.119797,0,1,1,1,-0.1:1761:577:1,0,0,,,,,,,,80,0,search_first_car:0/2
38.921000,search_first_car,0.012721,2.829883,-0.119584,0,1,1,1,-0.1:1769:585:1,0,0,,,,,,,,80,0,search_first_car:0/2
39.022000,search_first_car,0.012752,2.829827,-0.119528,0,1,1,1,-0.1:1761:582:1,0,0,,,,,,,,80,0,search_first_car:0/2
39.121000,search_first_car,0.012784,2.829785,-0.119708,0,1,1,1,-0.1:1766:578:1,0,0,,,,,,,,80,0,search_first_car:0/2
39.221000,search_first_car,0.012816,2.829726,-0.119628,0,1,1,1,-0.1:1765:583:1,0,0,,,,,,,,80,0,search_first_car:0/2
39.321000,search_first_car,0.012846,2.829675,-0.119606,0,1,1,1,-0.1:1766:582:1,0,0,,,,,,,,80,0,search_first_car:0/2
39.421000,search_first_car,-0.023948,0.533858,-90.119921,0,1,1,1,-0.1:1777:582:1,0,0,,,,,,,,80,0,search_first_car:0/2
39.521000,search_first_car,-0.023925,0.533814,-90.120177,0,1,1,1,-0.1:1771:585:1,0,0,,,,,,,,80,0,search_first_car:0/2
39.621000,search_first_car,-0.023884,0.533751,-90.119910,0,1,1,1,-0.1:1765:584:1,0,0,,,,,,,,80,0,search_first_car:0/2
39.721000,search_first_car,0.012969,2.829471,-0.119596,0,1,1,1,-0.1:1774:582:1,0,0,,,,,,,,80,0,search_first_car:0/2
39.821000,search_first_car,0.013001,2.829409,-0.119442,0,1,1,1,-0.1:1775:579:1,0,0,,,,,,,,80,0,search_first_car:0/2
39.921000,search_first_car,0.013033,2.829367,-0.119666,0,1,1,1,-0.1:1771:579:1,0,0,,,,,,,,80,0,search_first_car:0/2
40.021000,search_first_car,0.013062,2.829314,-0.119585,0,1,1,1,-0.1:1774:579:1,0,0,,,,,,,,80,0,search_first_car:0/2
40.121000,search_first_car,0.013090,2.829267,-0.119559,0,1,1,1,-0.1:1779:581:1,0,0,,,,,,,,80,0,search_first_car:0/2
40.221000,search_first_car,0.013119,2.829233,-0.119885,0,1,1,1,-0.1:1771:579:1,0,0,,,,,,,,80,0,search_first_car:0/2
40.323000,search_first_car,0.013147,2.829192,-0.119984,0,1,1,1,-0.1:1778:582:1,0,0,,,,,,,,80,0,search_first_car:0/2
40.422000,search_first_car,0.013177,2.829141,-0.119976,0,1,1,1,-0.1:1775:582:1,0,0,,,,,,,,80,0,search_first_car:0/2
40.522000,search_first_car,0.013209,2.829075,-0.119699,0,1,1,1,-0.1:1763:581:1,0,0,,,,,,,,80,0,search_first_car:0/2
40.623000,search_first_car,0.013239,2.829025,-0.119690,0,1,1,1,-0.1:1760:583:1,0,0,,,,,,,,80,0,search_first_car:0/2
40.722000,search_first_car,0.013270,2.828975,-0.119727,0,1,1,1,-0.1:1765:583:1,0,0,,,,,,,,80,0,search_first_car:0/2
40.822000,search_first_car,0.013301,2.828912,-0.119481,0,1,1,1,-0.1:1775:580:1,0,0,,,,,,,,80,0,search_first_car:0/2
40.922000,search_first_car,0.013332,2.828863,-0.119567,0,1,1,1,-0.1:1766:582:1,0,0,,,,,,,,80,0,search_first_car:0/2
41.022000,search_first_car,0.013363,2.828816,-0.119651,0,1,1,1,-0.1:1769:580:1,0,0,,,,,,,,80,0,search_first_car:0/2
41.122000,search_first_car,-0.023427,0.532993,-90.119749,0,1,1,1,-0.1:1766:579:1,0,0,,,,,,,,80,0,search_first_car:0/2
41.222000,search_first_car,-0.023396,0.532937,-90.119895,0,1,1,1,-0.1:1763:580:1,0,0,,,,,,,,80,0,search_first_car:0/2
41.322000,search_first_car,-0.023355,0.532876,-90.119702,0,1,1,1,-0.1:1769:581:1,0,0,,,,,,,,80,0,search_first_car:0/2
41.422000,search_first_car,-0.023331,0.532829,-90.119881,0,1,1,1,-0.1:1773:583:1,0,0,,,,,,,,80,0,search_first_car:0/2
41.522000,search_first_car,0.013518,2.828561,-0.119734,0,1,1,1,-0.1:1761:579:1,0,0,,,,,,,,80,0,search_first_car:0/2
41.622000,search_first_car,0.013553,2.828510,-0.119839,0,1,1,1,-0.1:1771:576:1,0,0,,,,,,,,80,0,search_first_car:0/2
41.722000,search_first_car,0.013585,2.828449,-0.119724,0,1,1,1,-0.1:1773:582:1,0,0,,,,,,,,80,0,search_first_car:0/2
41.822000,search_first_car,0.013618,2.828419,-0.120263,0,1,1,1,-0.1:1764:579:1,0,0,,,,,,,,80,0,search_first_car:0/2
41.922000,search_first_car,0.013649,2.828376,-0.120424,0,1,1,1,-0.1:1771:579:1,0,0,,,,,,,,80,0,search_first_car:0/2
42.022000,search_first_car,0.013682,2.828320,-0.120407,0,1,1,1,-0.1:1764:578:1,0,0,,,,,,,,80,0,search_first_car:0/2
42.122000,search_first_car,0.013714,2.828270,-0.120480,0,1,1,1,-0.1:1772:580:1,0,0,,,,,,,,80,0,search_first_car:0/2
42.222000,search_first_car,0.013746,2.828224,-0.120623,0,1,1,1,-0.1:1763:584:1,0,0,,,,,,,,80,0,search_first_car:0/2
42.323000,search_first_car,0.013774,2.828181,-0.120723,0,1,1,1,-0.1:1768:581:1,0,0,,,,,,,,80,0,search_first_car:0/2
42.423000,search_first_car,0.013805,2.828134,-0.120788,0,1,1,1,-0.1:1761:585:1,0,0,,,,,,,,80,0,search_first_car:0/2
42.522000,search_first_car,0.013833,2.828085,-0.120752,0,1,1,1,-0.1:1770:580:1,0,0,,,,,,,,80,0,search_first_car:0/2
42.623000,search_first_car,0.013864,2.828030,-0.120668,0,1,1,1,-0.1:1767:583:1,0,0,,,,,,,,80,0,search_first_car:0/2
42.722000,search_first_car,0.013892,2.827985,-0.120708,0,1,1,1,-0.1:1766:582:1,0,0,,,,,,,,80,0,search_first_car:0/2
42.822000,search_first_car,-0.022940,0.532160,-90.120726,0,1,1,1,-0.1:1768:582:1,0,0,,,,,,,,80,0,search_first_car:0/2
42.923000,search_first_car,-0.022914,0.532116,-90.120906,0,1,1,1,-0.1:1755:582:1,0,0,,,,,,,,80,0,search_first_car:0/2
43.022000,search_first_car,-0.022884,0.532066,-90.120874,0,1,1,1,-0.1:1776:579:1,0,0,,,,,,,,80,0,search_first_car:0/2
43.122000,search_first_car,-0.022861,0.532023,-90.121171,0,1,1,1,-0.1:1781:582:1,0,0,,,,,,,,80,0,search_first_car:0/2
43.222000,search_first_car,0.014045,2.827742,-0.120977,0,1,1,1,-0.1:1778:582:1,0,0,,,,,,,,80,0,search_first_car:0/2
43.322000,search_first_car,0.014081,2.827712,-0.121592,0,1,1,1,-0.1:1768:582:1,0,0,,,,,,,,80,0,search_first_car:0/2
43.422000,search_first_car,0.014121,2.827718,-0.123162,0,1,1,1,-0.1:1765:577:1,0,0,,,,,,,,80,0,search_first_car:0/2
43.523000,search_first_car,0.014159,2.827692,-0.123909,0,1,1,1,-0.1:1772:578:1,0,0,,,,,,,,80,0,search_first_car:0/2
43.622000,search_first_car,0.014198,2.827653,-0.124481,0,1,1,1,-0.1:1774:581:1,0,0,,,,,,,,80,0,search_first_car:0/2
43.722000,search_first_car,0.014229,2.827603,-0.124511,0,1,1,1,-0.1:1766:582:1,0,0,,,,,,,,80,0,search_first_car:0/2
43.822000,search_first_car,0.014266,2.827588,-0.125498,0,1,1,1,-0.1:1782:578:1,0,0,,,,,,,,80,0,search_first_car:0/2
43.922000,search_first_car,0.014299,2.827557,-0.126049,0,1,1,1,-0.1:1773:583:1,0,0,,,,,,,,80,0,search_first_car:0/2
44.022000,search_first_car,0.014326,2.827517,-0.126091,0,1,1,1,-0.1:1767:582:1,0,0,,,,,,,,80,0,search_first_car:0/2
44.122000,search_first_car,0.014355,2.827468,-0.126088,0,1,1,1,-0.1:1769:581:1,0,0,,,,,,,,80,0,search_first_car:0/2
44.222000,search_first_car,0.014388,2.827429,-0.126413,0,1,1,1,-0.1:1775:582:1,0,0,,,,,,,,80,0,search_first_car:0/2
44.322000,search_first_car,0.014417,2.827369,-0.126175,0,1,1,1,-0.1:1773:580:1,0,0,,,,,,,,80,0,search_first_car:0/2
44.422000,search_first_car,0.014446,2.827327,-0.126304,0,1,1,1,-0.1:1767:580:1,0,0,,,,,,,,80,0,search_first_car:0/2
44.522000,search_first_car,-0.022614,0.531509,-90.126417,0,1,1,1,-0.1:1761:580:1,0,0,,,,,,,,80,0,search_first_car:0/2
44.622000,search_first_car,-0.022579,0.531455,-90.126283,0,1,1,1,-0.1:1761:584:1,0,0,,,,,,,,80,0,search_first_car:0/2
44.723000,search_first_car,-0.022568,0.531428,-90.126836,0,1,1,1,-0.1:1765:582:1,0,0,,,,,,,,80,0,search_first_car:0/2
44.823000,search_first_car,-0.022543,0.531386,-90.126864,0,1,1,1,-0.1:1777:584:1,0,0,,,,,,,,80,0,search_first_car:0/2
44.922000,search_first_car,0.014585,2.827108,-0.126597,0,1,1,1,-0.1:1777:583:1,0,0,,,,,,,,80,0,search_first_car:0/2
45.022000,search_first_car,0.014611,2.827067,-0.126637,0,1,1,1,-0.1:1751:581:1,0,0,,,,,,,,80,0,search_first_car:0/2
45.122000,search_first_car,0.014642,2.827025,-0.126836,0,1,1,1,-0.1:1768:579:1,0,0,,,,,,,,80,0,search_first_car:0/2
45.223000,search_first_car,0.014669,2.826978,-0.126806,0,1,1,1,-0.1:1769:577:1,0,0,,,,,,,,80,0,search_first_car:0/2
45.322000,search_first_car,0.014694,2.826929,-0.126635,0,1,1,1,-0.1:1771:580:1,0,0,,,,,,,,80,0,search_first_car:0/2
45.422000,search_first_car,0.014723,2.826885,-0.126710,0,1,1,1,-0.1:1767:578:1,0,0,,,,,,,,80,0,search_first_car:0/2
45.522000,search_first_car,0.014752,2.826838,-0.126771,0,1,1,1,-0.1:1765:583:1,0,0,,,,,,,,80,0,search_first_car:0/2
45.627000,search_first_car,0.014786,2.826769,-0.126505,0,1,1,1,-0.1:1782:583:1,0,0,,,,,,,,80,0,search_first_car:0/2
45.722000,search_first_car,0.014808,2.826723,-0.126304,0,1,1,1,-0.1:1769:584:1,0,0,,,,,,,,80,0,search_first_car:0/2
45.822000,search_first_car,0.014836,2.826680,-0.126388,0,1,1,1,-0.1:1778:582:1,0,0,,,,,,,,80,0,search_first_car:0/2
45.922000,search_first_car,0.014864,2.826630,-0.126295,0,1,1,1,-0.1:1762:581:1,0,0,,,,,,,,80,0,search_first_car:0/2
46.022000,search_first_car,0.014889,2.826580,-0.126132,0,1,1,1,-0.1:1766:579:1,0,0,,,,,,,,80,0,search_first_car:0/2
46.122000,search_first_car,0.014914,2.826541,-0.126198,0,1,1,1,-0.1:1768:582:1,0,0,,,,,,,,80,0,search_first_car:0/2
46.222000,search_first_car,-0.022144,0.530728,-90.126418,0,1,1,1,-0.1:1775:582:1,0,0,,,,,,,,80,0,search_first_car:0/2
46.323000,search_first_car,-0.022123,0.530688,-90.126714,0,1,1,1,-0.1:1780:580:1,0,0,,,,,,,,80,0,search_first_car:0/2
46.422000,search_first_car,-0.022091,0.530634,-90.126741,0,1,1,1,-0.1:1757:582:1,0,0,,,,,,,,80,0,search_first_car:0/2
46.522000,search_first_car,-0.022062,0.530588,-90.126694,0,1,1,1,-0.1:1769:581:1,0,0,,,,,,,,80,0,search_first_car:0/2
46.622000,search_first_car,0.015061,2.826312,-0.126556,0,1,1,1,-0.1:1775:581:1,0,0,,,,,,,,80,0,search_first_car:0/2
46.722000,search_first_car,0.015092,2.826251,-0.126335,0,1,1,1,-0.1:1777:581:1,0,0,,,,,,,,80,0,search_first_car:0/2
46.822000,search_first_car,0.015118,2.826190,-0.125969,0,1,1,1,-0.1:1777:579:1,0,0,,,,,,,,80,0,search_first_car:0/2
46.922000,search_first_car,0.015148,2.826147,-0.126111,0,1,1,1,-0.1:1772:584:1,0,0,,,,,,,,80,0,search_first_car:0/2
47.023000,search_first_car,0.015180,2.826092,-0.126100,0,1,1,1,-0.1:1779:579:1,0,0,,,,,,,,80,0,search_first_car:0/2
47.122000,search_first_car,0.015209,2.826047,-0.126154,0,1,1,1,-0.1:1769:581:1,0,0,,,,,,,,80,0,search_first_car:0/2
47.222000,search_first_car,0.015238,2.825997,-0.126095,0,1,1,1,-0.1:1769:574:1,0,0,,,,,,,,80,0,search_first_car:0/2
47.322000,search_first_car,0.015266,2.825945,-0.126005,0,1,1,1,-0.1:1783:581:1,0,0,,,,,,,,80,0,search_first_car:0/2
47.423000,search_first_car,0.015294,2.825902,-0.126066,0,1,1,1,-0.1:1754:582:1,0,0,,,,,,,,80,0,search_first_car:0/2
47.522000,search_first_car,0.015322,2.825853,-0.126047,0,1,1,1,-0.1:1768:584:1,0,0,,,,,,,,80,0,search_first_car:0/2
47.623000,search_first_car,0.015352,2.825807,-0.126129,0,1,1,1,-0.1:1764:581:1,0,0,,,,,,,,80,0,search_first_car:0/2
47.722000,search_first_car,0.015384,2.825750,-0.125973,0,1,1,1,-0.1:1761:579:1,0,0,,,,,,,,80,0,search_first_car:0/2
47.823000,search_first_car,0.015410,2.825711,-0.126118,0,1,1,1,-0.1:1769:577:1,0,0,,,,,,,,80,0,search_first_car:0/2
47.922000,search_first_car,-0.021642,0.529894,-90.126323,0,1,1,1,-0.1:1767:581:1,0,0,,,,,,,,80,0,search_first_car:0/2
48.022000,search_first_car,-0.021614,0.529845,-90.126391,0,1,1,1,-0.1:1776:572:1,0,0,,,,,,,,80,0,search_first_car:0/2
48.123000,search_first_car,-0.021591,0.529806,-90.126469,0,1,1,1,-0.1:1777:582:1,0,0,,,,,,,,80,0,search_first_car:0/2
48.222000,search_first_car,-0.021578,0.529777,-90.126789,0,1,1,1,-0.1:1778:583:1,0,0,,,,,,,,80,0,search_first_car:0/2
48.322000,search_first_car,0.015550,2.825482,-0.126190,0,1,1,1,-0.1:1769:584:1,0,0,,,,,,,,80,0,search_first_car:0/2
48.422000,search_first_car,0.015580,2.825419,-0.125955,0,1,1,1,-0.1:1769:581:1,0,0,,,,,,,,80,0,search_first_car:0/2
48.523000,search_first_car,0.015612,2.825383,-0.126326,0,1,1,1,-0.1:1772:580:1,0,0,,,,,,,,80,0,search_first_car:0/2
48.623000,search_first_car,0.015641,2.825335,-0.126305,0,1,1,1,-0.1:1765:582:1,0,0,,,,,,,,80,0,search_first_car:0/2
48.722000,search_first_car,0.015666,2.825289,-0.126227,0,1,1,1,-0.1:1768:578:1,0,0,,,,,,,,80,0,search_first_car:0/2
48.822000,search_first_car,0.015695,2.825238,-0.126189,0,1,1,1,-0.1:1770:581:1,0,0,,,,,,,,80,0,search_first_car:0/2
48.922000,search_first_car,0.015725,2.825193,-0.126270,0,1,1,1,-0.1:1779:578:1,0,0,,,,,,,,80,0,search_first_car:0/2
49.022000,search_first_car,0.015753,2.825152,-0.126380,0,1,1,1,-0.1:1778:580:1,0,0,,,,,,,,80,0,search_first_car:0/2
49.122000,search_first_car,0.015783,2.825111,-0.126584,0,1,1,1,-0.1:1778:582:1,0,0,,,,,,,,80,0,search_first_car:0/2
49.222000,search_first_car,0.015807,2.825075,-0.126701,0,1,1,1,-0.1:1769:577:1,0,0,,,,,,,,80,0,search_first_car:0/2
49.322000,search_first_car,0.015837,2.825047,-0.127144,0,1,1,1,-0.1:1771:582:1,0,0,,,,,,,,80,0,search_first_car:0/2
49.422000,search_first_car,0.015860,2.825012,-0.127222,0,1,1,1,-0.1:1766:577:1,0,0,,,,,,,,80,0,search_first_car:0/2
49.522000,search_first_car,0.015886,2.824964,-0.127151,0,1,1,1,-0.1:1763:582:1,0,0,,,,,,,,80,0,search_first_car:0/2
49.622000,search_first_car,-0.021248,0.529193,-90.128529,0,1,1,1,-0.1:1773:577:1,0,0,,,,,,,,80,0,search_first_car:0/2
49.722000,search_first_car,-0.021211,0.529136,-90.128425,0,1,1,1,-0.1:1771:584:1,0,0,,,,,,,,80,0,search_first_car:0/2
49.822000,search_first_car,-0.021183,0.529089,-90.128444,0,1,1,1,-0.1:1776:582:1,0,0,,,,,,,,80,0,search_first_car:0/2
49.922000,search_first_car,-0.021148,0.529032,-90.128376,0,1,1,1,-0.1:1761:581:1,0,0,,,,,,,,80,0,search_first_car:0/2
50.022000,search_first_car,0.016042,2.824757,-0.128206,0,1,1,1,-0.1:1778:584:1,0,0,,,,,,,,80,0,search_first_car:0/2
50.122000,search_first_car,0.016068,2.824711,-0.128195,0,1,1,1,-0.1:1773:580:1,0,0,,,,,,,,80,0,search_first_car:0/2
50.222000,search_first_car,0.016102,2.824666,-0.128410,0,1,1,1,-0.1:1768:583:1,0,0,,,,,,,,80,0,search_first_car:0/2
50.323000,search_first_car,0.016132,2.824606,-0.128191,0,1,1,1,-0.1:1769:580:1,0,0,,,,,,,,80,0,search_first_car:0/2
50.422000,search_first_car,0.016162,2.824556,-0.128196,0,1,1,1,-0.1:1768:579:1,0,0,,,,,,,,80,0,search_first_car:0/2
50.522000,search_first_car,0.016198,2.824530,-0.128913,0,1,1,1,-0.1:1781:574:1,0,0,,,,,,,,80,0,search_first_car:0/2
50.622000,search_first_car,0.016226,2.824490,-0.129081,0,1,1,1,-0.1:1774:577:1,0,0,,,,,,,,80,0,search_first_car:0/2
50.722000,search_first_car,0.016266,2.824484,-0.130349,0,1,1,1,-0.1:1780:580:1,0,0,,,,,,,,80,0,search_first_car:0/2
50.823000,search_first_car,0.016303,2.824442,-0.130787,0,1,1,1,-0.1:1764:582:1,0,0,,,,,,,,80,0,search_first_car:0/2
50.923000,search_first_car,0.016329,2.824398,-0.130740,0,1,1,1,-0.1:1781:581:1,0,0,,,,,,,,80,0,search_first_car:0/2
51.023000,search_first_car,0.016362,2.824345,-0.130790,0,1,1,1,-0.1:1774:579:1,0,0,,,,,,,,80,0,search_first_car:0/2
51.123000,search_first_car,0.016395,2.824301,-0.131024,0,1,1,1,-0.1:1772:580:1,0,0,,,,,,,,80,0,search_first_car:0/2
51.223000,search_first_car,0.016434,2.824275,-0.131865,0,1,1,1,-0.1:1774:579:1,0,0,,,,,,,,80,0,search_first_car:0/2
51.323000,search_first_car,-0.020853,0.528461,-90.132387,0,1,1,1,-0.1:1773:583:1,0,0,,,,,,,,80,0,search_first_car:0/2
51.423000,search_first_car,-0.020821,0.528409,-90.132500,0,1,1,1,-0.1:1774:581:1,0,0,,,,,,,,80,0,search_first_car:0/2
51.523000,search_first_car,-0.020777,0.528340,-90.132248,0,1,1,1,-0.1:1755:577:1,0,0,,,,,,,,80,0,search_first_car:0/2
51.624000,search_first_car,-0.020754,0.528301,-90.132424,0,1,1,1,-0.1:1767:578:1,0,0,,,,,,,,80,0,search_first_car:0/2
51.723000,search_first_car,0.016604,2.824043,-0.132947,0,1,1,1,-0.1:1766:582:1,0,0,,,,,,,,80,0,search_first_car:0/2
51.823000,search_first_car,0.016636,2.823997,-0.133077,0,1,1,1,-0.1:1770:576:1,0,0,,,,,,,,80,0,search_first_car:0/2
51.923000,search_first_car,0.016667,2.823929,-0.132737,0,1,1,1,-0.1:1768:582:1,0,0,,,,,,,,80,0,search_first_car:0/2
52.023000,search_first_car,0.016695,2.823866,-0.132412,0,1,1,1,-0.1:1775:582:1,0,0,,,,,,,,80,0,search_first_car:0/2
52.123000,search_first_car,0.016724,2.823814,-0.132290,0,1,1,1,-0.1:1770:581:1,0,0,,,,,,,,80,0,search_first_car:0/2
52.223000,search_first_car,0.016762,2.823796,-0.133277,0,1,1,1,-0.1:1769:580:1,0,0,,,,,,,,80,0,search_first_car:0/2
52.323000,search_first_car,0.016794,2.823741,-0.133226,0,1,1,1,-0.1:1780:581:1,0,0,,,,,,,,80,0,search_first_car:0/2
52.423000,search_first_car,0.016823,2.823690,-0.133184,0,1,1,1,-0.1:1771:577:1,0,0,,,,,,,,80,0,search_first_car:0/2
52.523000,search_first_car,0.016857,2.823614,-0.132801,0,1,1,1,-0.1:1760:581:1,0,0,,,,,,,,80,0,search_first_car:0/2
52.623000,search_first_car,0.016892,2.823552,-0.132704,0,1,1,1,-0.1:1771:581:1,0,0,,,,,,,,80,0,search_first_car:0/2
52.723000,search_first_car,0.016925,2.823514,-0.133038,0,1,1,1,-0.1:1772:585:1,0,0,,,,,,,,80,0,search_first_car:0/2
52.823000,search_first_car,0.016963,2.823497,-0.134050,0,1,1,1,-0.1:1770:581:1,0,0,,,,,,,,80,0,search_first_car:0/2
52.924000,search_first_car,0.017000,2.823482,-0.135049,0,1,1,1,-0.1:1769:582:1,0,0,,,,,,,,80,0,search_first_car:0/2
53.023000,search_first_car,-0.020444,0.527706,-90.136416,0,1,1,1,-0.1:1772:579:1,0,0,,,,,,,,80,0,search_first_car:0/2
53.123000,search_first_car,-0.020420,0.527663,-90.136795,0,1,1,1,-0.1:1768:581:1,0,0,,,,,,,,80,0,search_first_car:0/2
53.223000,search_first_car,-0.020404,0.527622,-90.137373,0,1,1,1,-0.1:1765:578:1,0,0,,,,,,,,80,0,search_first_car:0/2
53.323000,search_first_car,-0.020360,0.527555,-90.136973,0,1,1,1,-0.1:1779:579:1,0,0,,,,,,,,80,0,search_first_car:0/2
53.423000,search_first_car,0.017176,2.823265,-0.136655,0,1,1,1,-0.1:1770:579:1,0,0,,,,,,,,80,0,search_first_car:0/2
53.524000,search_first_car,0.017211,2.823210,-0.136715,0,1,1,1,-0.1:1771:581:1,0,0,,,,,,,,80,0,search_first_car:0/2
