elapsed_s,lidar_timestamp,state,speed,steering,steering_offset,reason,valid_points,detected_vehicle_count,right_vehicle,is_near,pair_valid,angle_a_deg,angle_b_deg,angle_bisector_deg,dist_a_mm,dist_b_mm,distance_bias_ab_mm,angle_term,distance_term,paper_steering,dist_c_mm,dist_d_mm,distance_bias_cd_mm
0.000021,1785204045.414960861,idle,0,0,0,press_SPACE_to_start,65,0,0,0,1,-0.437500,1.203125,0.382812,3736.000000,3739.250000,,,,,,,
0.415000,0.000000000,idle,0,0,0,press_SPACE_to_start,0,0,0,0,0,,,,,,,,,,,,
0.502565,0.000000000,idle,0,0,0,press_SPACE_to_start,0,0,0,0,0,,,,,,,,,,,,
0.584046,0.000000000,idle,0,0,0,press_SPACE_to_start,0,0,0,0,0,,,,,,,,,,,,
0.666589,0.000000000,idle,0,0,0,press_SPACE_to_start,0,0,0,0,0,,,,,,,,,,,,
0.762468,0.000000000,idle,0,0,0,press_SPACE_to_start,0,0,0,0,0,,,,,,,,,,,,
0.845566,0.000000000,idle,0,0,0,press_SPACE_to_start,0,0,0,0,0,,,,,,,,,,,,
0.931567,0.000000000,idle,0,0,0,press_SPACE_to_start,0,0,0,0,0,,,,,,,,,,,,
1.014948,0.000000000,idle,0,0,0,press_SPACE_to_start,0,0,0,0,0,,,,,,,,,,,,
1.098565,0.000000000,idle,0,0,0,press_SPACE_to_start,0,0,0,0,0,,,,,,,,,,,,
1.181242,0.000000000,idle,0,0,0,press_SPACE_to_start,0,0,0,0,0,,,,,,,,,,,,
1.266775,0.000000000,idle,0,0,0,press_SPACE_to_start,0,0,0,0,0,,,,,,,,,,,,
1.355214,0.000000000,idle,0,0,0,press_SPACE_to_start,0,0,0,0,0,,,,,,,,,,,,
1.441937,0.000000000,idle,0,0,0,press_SPACE_to_start,0,0,0,0,0,,,,,,,,,,,,
1.529885,0.000000000,idle,0,0,0,press_SPACE_to_start,0,0,0,0,0,,,,,,,,,,,,
1.613954,0.000000000,idle,0,0,0,press_SPACE_to_start,0,0,0,0,0,,,,,,,,,,,,
1.700841,0.000000000,idle,0,0,0,press_SPACE_to_start,0,0,0,0,0,,,,,,,,,,,,
1.790461,0.000000000,idle,0,0,0,press_SPACE_to_start,0,0,0,0,0,,,,,,,,,,,,
1.878474,0.000000000,idle,0,0,0,press_SPACE_to_start,0,0,0,0,0,,,,,,,,,,,,
1.965752,0.000000000,idle,0,0,0,press_SPACE_to_start,0,0,0,0,0,,,,,,,,,,,,
2.052734,0.000000000,idle,0,0,0,press_SPACE_to_start,0,0,0,0,0,,,,,,,,,,,,
2.140573,0.000000000,idle,0,0,0,press_SPACE_to_start,0,0,0,0,0,,,,,,,,,,,,
2.227983,0.000000000,idle,0,0,0,press_SPACE_to_start,0,0,0,0,0,,,,,,,,,,,,
2.318183,0.000000000,idle,0,0,0,press_SPACE_to_start,0,0,0,0,0,,,,,,,,,,,,
2.406192,0.000000000,idle,0,0,0,press_SPACE_to_start,0,0,0,0,0,,,,,,,,,,,,
2.492711,0.000000000,idle,0,0,0,press_SPACE_to_start,0,0,0,0,0,,,,,,,,,,,,
2.578703,0.000000000,idle,0,0,0,press_SPACE_to_start,0,0,0,0,0,,,,,,,,,,,,
2.661457,0.000000000,idle,0,0,0,press_SPACE_to_start,0,0,0,0,0,,,,,,,,,,,,
2.743623,0.000000000,idle,0,0,0,press_SPACE_to_start,0,0,0,0,0,,,,,,,,,,,,
2.830867,0.000000000,idle,0,0,0,press_SPACE_to_start,0,0,0,0,0,,,,,,,,,,,,
2.921610,0.000000000,idle,0,0,0,press_SPACE_to_start,0,0,0,0,0,,,,,,,,,,,,
3.008000,0.000000000,idle,0,0,0,press_SPACE_to_start,0,0,0,0,0,,,,,,,,,,,,
3.092365,0.000000000,idle,0,0,0,press_SPACE_to_start,0,0,0,0,0,,,,,,,,,,,,
3.177907,0.000000000,idle,0,0,0,press_SPACE_to_start,0,0,0,0,0,,,,,,,,,,,,
3.262731,0.000000000,idle,0,0,0,press_SPACE_to_start,0,0,0,0,0,,,,,,,,,,,,
3.347574,0.000000000,idle,0,0,0,press_SPACE_to_start,0,0,0,0,0,,,,,,,,,,,,
3.433777,0.000000000,idle,0,0,0,press_SPACE_to_start,0,0,0,0,0,,,,,,,,,,,,
3.516330,0.000000000,idle,0,0,0,press_SPACE_to_start,0,0,0,0,0,,,,,,,,,,,,
3.601699,0.000000000,idle,0,0,0,press_SPACE_to_start,0,0,0,0,0,,,,,,,,,,,,
3.687113,0.000000000,idle,0,0,0,press_SPACE_to_start,0,0,0,0,0,,,,,,,,,,,,
3.772681,0.000000000,idle,0,0,0,press_SPACE_to_start,0,0,0,0,0,,,,,,,,,,,,
3.858009,0.000000000,idle,0,0,0,press_SPACE_to_start,0,0,0,0,0,,,,,,,,,,,,
3.943818,0.000000000,idle,0,0,0,press_SPACE_to_start,0,0,0,0,0,,,,,,,,,,,,
4.027987,0.000000000,idle,0,0,0,press_SPACE_to_start,0,0,0,0,0,,,,,,,,,,,,
4.113725,0.000000000,idle,0,0,0,press_SPACE_to_start,0,0,0,0,0,,,,,,,,,,,,
4.198700,1785204049.641392231,idle,0,0,0,press_SPACE_to_start,55,0,0,1,1,-1.375000,0.218750,-0.578125,3745.250000,3735.250000,,,,,519.000000,,
4.286013,1785204049.641392231,idle,0,0,0,press_SPACE_to_start,55,0,0,1,1,-1.375000,0.218750,-0.578125,3745.250000,3735.250000,,,,,519.000000,,
4.372035,1785204049.756914854,idle,0,0,0,press_SPACE_to_start,73,0,0,1,1,-0.968750,0.640625,-0.164062,3724.750000,3725.250000,,,,,449.750000,,
4.458187,1785204049.868431091,idle,0,0,0,press_SPACE_to_start,77,0,0,1,1,-0.656250,0.937500,0.140625,3723.500000,3734.000000,,,,,380.500000,,
4.544183,1785204049.982253075,idle,0,0,0,press_SPACE_to_start,81,0,0,1,1,-0.578125,1.015625,0.218750,3730.000000,3727.500000,,,,,328.750000,,
4.629478,1785204049.982253075,idle,0,0,0,press_SPACE_to_start,81,0,0,1,1,-0.578125,1.015625,0.218750,3730.000000,3727.500000,,,,,328.750000,,
4.713184,1785204050.098846912,idle,0,0,0,press_SPACE_to_start,78,0,0,1,1,-0.437500,1.156250,0.359375,3751.500000,3754.250000,,,,,309.000000,,
4.800596,1785204050.211549044,idle,0,0,0,press_SPACE_to_start,76,0,0,1,1,-0.156250,1.453125,0.648438,3726.250000,3747.500000,,,,,313.250000,,
4.886061,1785204050.326866865,idle,0,0,0,press_SPACE_to_start,74,0,0,1,1,-1.546875,0.078125,-0.734375,3740.500000,3748.250000,,,,,329.000000,,
4.972201,1785204050.326866865,idle,0,0,0,press_SPACE_to_start,74,0,0,1,1,-1.546875,0.078125,-0.734375,3740.500000,3748.250000,,,,,329.000000,,
5.057959,1785204050.442532063,idle,0,0,0,press_SPACE_to_start,66,0,0,1,1,-1.296875,0.312500,-0.492188,3733.500000,3736.500000,,,,,333.750000,,
5.144432,1785204050.555172205,idle,0,0,0,press_SPACE_to_start,73,0,0,1,1,-0.906250,0.703125,-0.101562,3725.750000,3725.250000,,,,,353.500000,,
5.229512,1785204050.667021990,idle,0,0,0,press_SPACE_to_start,76,0,0,1,1,-0.468750,1.156250,0.343750,3750.500000,3753.750000,,,,,372.000000,,
5.314895,1785204050.667021990,idle,0,0,0,press_SPACE_to_start,76,0,0,1,1,-0.468750,1.156250,0.343750,3750.500000,3753.750000,,,,,372.000000,,
5.400880,1785204050.782144070,idle,0,0,0,press_SPACE_to_start,72,0,0,1,1,-0.015625,1.609375,0.796875,3723.000000,3722.500000,,,,,391.750000,,
5.485460,1785204050.896176815,idle,0,0,0,press_SPACE_to_start,70,0,0,1,1,-1.031250,0.593750,-0.218750,3731.250000,3734.500000,,,,,415.500000,,
5.570872,1785204051.011471987,idle,0,0,0,press_SPACE_to_start,74,0,0,1,1,-0.468750,1.109375,0.320312,3749.750000,3749.750000,,,,,443.750000,,
5.656700,1785204051.011471987,idle,0,0,0,press_SPACE_to_start,74,0,0,1,1,-0.468750,1.109375,0.320312,3749.750000,3749.750000,,,,,443.750000,,
5.742779,1785204051.127118111,idle,0,0,0,press_SPACE_to_start,67,0,0,1,1,-1.593750,0.031250,-0.781250,3720.250000,3727.750000,,,,,474.000000,,
5.828491,1785204051.240636826,idle,0,0,0,press_SPACE_to_start,68,0,0,1,1,-1.218750,0.390625,-0.414062,3730.500000,3733.250000,,,,,502.000000,,
5.912766,1785204051.355443954,idle,0,0,0,press_SPACE_to_start,69,0,0,1,1,-0.828125,0.765625,-0.031250,3725.250000,3726.000000,,,,,525.000000,,
5.997968,1785204051.355443954,idle,0,0,0,press_SPACE_to_start,69,0,0,1,1,-0.828125,0.765625,-0.031250,3725.250000,3726.000000,,,,,525.000000,,
6.082669,1785204051.469659805,idle,0,0,0,press_SPACE_to_start,68,0,0,1,1,-0.312500,1.281250,0.484375,3731.500000,3734.000000,,,,,543.750000,,
6.168322,1785204051.583759785,idle,0,0,0,press_SPACE_to_start,64,0,0,1,1,-1.515625,0.109375,-0.703125,3734.500000,3733.250000,,,,,551.500000,,
6.253014,1785204051.698747873,idle,0,0,0,press_SPACE_to_start,68,0,0,1,1,-1.140625,0.484375,-0.328125,3729.500000,3730.500000,,,,,543.000000,,
6.339036,1785204051.698747873,idle,0,0,0,press_SPACE_to_start,68,0,0,1,1,-1.140625,0.484375,-0.328125,3729.500000,3730.500000,,,,,543.000000,,
6.425627,1785204051.810895205,idle,0,0,0,press_SPACE_to_start,70,0,0,1,1,-0.609375,1.015625,0.203125,3728.500000,3726.750000,,,,,502.500000,,
6.511762,1785204051.925118923,idle,0,0,0,press_SPACE_to_start,58,0,0,1,1,-1.609375,1.625000,0.007812,3721.750000,3730.750000,,,,,,,
6.597958,1785204052.039783001,idle,0,0,0,press_SPACE_to_start,63,0,0,0,1,-1.015625,0.578125,-0.218750,3730.500000,3729.500000,,,,,,,
6.684575,1785204052.039783001,idle,0,0,0,press_SPACE_to_start,63,0,0,0,1,-1.015625,0.578125,-0.218750,3730.500000,3729.500000,,,,,,,
6.770271,1785204052.154855967,idle,0,0,0,press_SPACE_to_start,73,0,0,0,1,-0.578125,1.062500,0.242188,3728.000000,3726.000000,,,,,,,
6.854715,1785204052.268971920,idle,0,0,0,press_SPACE_to_start,61,0,0,0,1,-0.265625,1.328125,0.531250,3714.000000,3729.000000,,,,,,,
6.939973,1785204052.383152962,idle,0,0,0,press_SPACE_to_start,62,0,0,0,1,-0.078125,1.546875,0.734375,3731.250000,3733.500000,,,,,,,
7.025786,1785204052.383152962,idle,0,0,0,press_SPACE_to_start,62,0,0,0,1,-0.078125,1.546875,0.734375,3731.250000,3733.500000,,,,,,,
7.112270,1785204052.497808933,idle,0,0,0,press_SPACE_to_start,59,0,0,0,1,-1.312500,0.281250,-0.515625,3732.750000,3733.000000,,,,,,,
7.198433,1785204052.612415075,idle,0,0,0,press_SPACE_to_start,68,0,0,0,1,-0.781250,0.828125,0.023438,3725.750000,3733.000000,,,,,,,
7.283869,1785204052.724112988,idle,0,0,0,press_SPACE_to_start,63,0,0,0,1,-1.578125,0.046875,-0.765625,3723.250000,3735.250000,,,,,,,
7.370187,1785204052.724112988,idle,0,0,0,press_SPACE_to_start,63,0,0,0,1,-1.578125,0.046875,-0.765625,3723.250000,3735.250000,,,,,,,
7.456288,1785204052.838492870,idle,0,0,0,press_SPACE_to_start,61,0,0,0,1,-0.781250,0.812500,0.015625,3726.250000,3732.250000,,,,,,,
7.541798,1785204052.953727961,idle,0,0,0,press_SPACE_to_start,62,0,0,0,1,-0.296875,1.312500,0.507813,3730.750000,3731.000000,,,,,,,
7.627322,1785204053.068180084,idle,0,0,0,press_SPACE_to_start,63,0,0,0,1,-1.437500,0.187500,-0.625000,3732.250000,3733.750000,,,,,,,
7.708483,1785204053.068180084,idle,0,0,0,press_SPACE_to_start,63,0,0,0,1,-1.437500,0.187500,-0.625000,3732.250000,3733.750000,,,,,,,
7.792327,1785204053.182223797,idle,0,0,0,press_SPACE_to_start,60,0,0,0,1,-1.187500,0.437500,-0.375000,3728.250000,3728.500000,,,,,,,
7.879865,1785204053.297090054,idle,0,0,0,press_SPACE_to_start,65,0,0,0,1,-1.015625,0.578125,-0.218750,3730.250000,3728.750000,,,,,,,
7.967317,1785204053.412266970,idle,0,0,0,press_SPACE_to_start,65,0,0,0,1,-0.796875,0.843750,0.023438,3728.250000,3732.500000,,,,,,,
8.053190,1785204053.412266970,idle,0,0,0,press_SPACE_to_start,65,0,0,0,1,-0.796875,0.843750,0.023438,3728.250000,3732.500000,,,,,,,
8.139589,1785204053.526005983,idle,0,0,0,press_SPACE_to_start,68,0,0,0,1,-0.421875,1.171875,0.375000,3731.500000,3735.250000,,,,,,,
8.225862,1785204053.637572050,idle,0,0,0,press_SPACE_to_start,65,0,0,0,1,-0.046875,1.562500,0.757812,3733.250000,3734.500000,,,,,,,
8.311780,1785204053.752274990,idle,0,0,0,press_SPACE_to_start,60,0,0,0,1,-1.296875,0.312500,-0.492188,3734.250000,3734.750000,,,,,,,
8.398473,1785204053.752274990,idle,0,0,0,press_SPACE_to_start,60,0,0,0,1,-1.296875,0.312500,-0.492188,3734.250000,3734.750000,,,,,,,
8.484164,1785204053.868538857,idle,0,0,0,press_SPACE_to_start,62,0,0,0,1,-0.906250,0.703125,-0.101562,3723.000000,3724.250000,,,,,,,
8.571237,1785204053.980911016,idle,0,0,0,press_SPACE_to_start,64,0,0,0,1,-0.828125,0.796875,-0.015625,3728.000000,3732.000000,,,,,,,
8.656985,1785204054.095988989,idle,0,0,0,press_SPACE_to_start,62,0,0,0,1,-0.921875,0.671875,-0.125000,3726.500000,3725.500000,,,,,,,
8.743193,1785204054.095988989,idle,0,0,0,press_SPACE_to_start,62,0,0,0,1,-0.921875,0.671875,-0.125000,3726.500000,3725.500000,,,,,,,
8.829072,1785204054.211317062,idle,0,0,0,press_SPACE_to_start,61,0,0,0,1,-0.906250,0.718750,-0.093750,3729.000000,3727.000000,,,,,,,
8.915131,1785204054.325356960,idle,0,0,0,press_SPACE_to_start,67,0,0,0,1,-0.750000,0.875000,0.062500,3726.000000,3732.000000,,,,,,,
9.000092,1785204054.440064907,idle,0,0,0,press_SPACE_to_start,66,0,0,0,1,-0.562500,1.046875,0.242188,3729.000000,3728.250000,,,,,,,
9.085981,1785204054.552016973,idle,0,0,0,press_SPACE_to_start,62,0,0,0,1,-0.312500,1.281250,0.484375,3735.000000,3739.750000,,,,,,,
9.171130,1785204054.552016973,idle,0,0,0,press_SPACE_to_start,62,0,0,0,1,-0.312500,1.281250,0.484375,3735.000000,3739.750000,,,,,,,
9.257298,1785204054.666378021,idle,0,0,0,press_SPACE_to_start,60,0,0,0,1,-1.437500,0.187500,-0.625000,3735.750000,3738.250000,,,,,,,
9.341945,1785204054.780482054,idle,0,0,0,press_SPACE_to_start,64,0,0,0,1,-1.000000,0.609375,-0.195312,3729.250000,3728.250000,,,,,,,
9.426172,1785204054.780482054,idle,0,0,0,press_SPACE_to_start,64,0,0,0,1,-1.000000,0.609375,-0.195312,3729.250000,3728.250000,,,,,,,
9.512423,1785204054.896355152,idle,0,0,0,press_SPACE_to_start,68,0,0,0,1,-0.609375,1.015625,0.203125,3730.000000,3732.750000,,,,,,,
9.600014,1785204055.009387016,idle,0,0,0,press_SPACE_to_start,65,0,0,0,1,-0.281250,1.343750,0.531250,3716.000000,3733.000000,,,,,,,
9.686123,1785204055.124358892,idle,0,0,0,press_SPACE_to_start,61,0,0,0,1,-1.437500,0.140625,-0.648438,3732.500000,3736.750000,,,,,,,
9.769968,1785204055.124358892,idle,0,0,0,press_SPACE_to_start,61,0,0,0,1,-1.437500,0.140625,-0.648438,3732.500000,3736.750000,,,,,,,
9.854707,1785204055.239938021,idle,0,0,0,press_SPACE_to_start,61,0,0,0,1,-1.375000,0.234375,-0.570312,3734.250000,3737.500000,,,,,,,
9.942223,1785204055.351247787,idle,0,0,0,press_SPACE_to_start,61,0,0,0,1,-1.578125,0.031250,-0.773438,3725.000000,3732.500000,,,,,,,
10.027300,1785204055.464998007,idle,0,0,0,press_SPACE_to_start,62,0,0,0,1,-1.546875,0.078125,-0.734375,3734.000000,3738.000000,,,,,,,
10.112996,1785204055.464998007,idle,0,0,0,press_SPACE_to_start,62,0,0,0,1,-1.546875,0.078125,-0.734375,3734.000000,3738.000000,,,,,,,
10.198571,1785204055.579567194,idle,0,0,0,press_SPACE_to_start,64,0,0,0,1,-1.265625,0.312500,-0.476562,3733.000000,3734.500000,,,,,,,
10.284395,1785204055.693771124,idle,0,0,0,press_SPACE_to_start,62,0,0,0,1,-0.937500,0.656250,-0.140625,3730.500000,3728.250000,,,,,,,
10.370191,1785204055.808959961,idle,0,0,0,press_SPACE_to_start,71,0,0,0,1,-0.218750,1.375000,0.578125,3717.000000,3731.250000,,,,,,,
10.455337,1785204055.808959961,idle,0,0,0,press_SPACE_to_start,71,0,0,0,1,-0.218750,1.375000,0.578125,3717.000000,3731.250000,,,,,,,
10.541695,1785204055.923238993,idle,0,0,0,press_SPACE_to_start,59,0,0,0,1,-1.156250,0.453125,-0.351562,3729.000000,3729.000000,,,,,,,
10.627964,1785204056.038405180,idle,0,0,0,press_SPACE_to_start,62,0,0,0,1,-0.890625,0.718750,-0.085938,3732.000000,3727.750000,,,,,,,
10.709852,1785204056.153120041,idle,0,0,0,press_SPACE_to_start,64,0,0,0,1,-0.734375,0.906250,0.085938,3727.000000,3734.750000,,,,,,,
10.796114,1785204056.153120041,idle,0,0,0,press_SPACE_to_start,64,0,0,0,1,-0.734375,0.906250,0.085938,3727.000000,3734.750000,,,,,,,
10.881780,1785204056.267502069,idle,0,0,0,press_SPACE_to_start,65,0,0,0,1,-0.562500,1.046875,0.242188,3731.250000,3732.500000,,,,,,,
10.967790,1785204056.378275156,idle,0,0,0,press_SPACE_to_start,66,0,0,0,1,-0.296875,1.296875,0.500000,3735.250000,3736.250000,,,,,,,
11.054366,1785204056.493158817,idle,0,0,0,press_SPACE_to_start,64,0,0,0,1,-0.062500,1.562500,0.750000,3734.000000,3737.250000,,,,,,,
11.142339,1785204056.608181953,idle,0,0,0,press_SPACE_to_start,65,0,0,0,1,-0.015625,1.578125,0.781250,3734.000000,3734.750000,,,,,,,
11.229017,1785204056.608181953,idle,0,0,0,press_SPACE_to_start,65,0,0,0,1,-0.015625,1.578125,0.781250,3734.000000,3734.750000,,,,,,,
11.314893,1785204056.722274065,idle,0,0,0,press_SPACE_to_start,65,0,0,0,1,-1.562500,0.046875,-0.757812,3730.500000,3737.500000,,,,,,,
11.397552,1785204056.837097883,idle,0,0,0,press_SPACE_to_start,64,0,0,0,1,-1.468750,0.156250,-0.656250,3730.500000,3737.250000,,,,,,,
11.482915,1785204056.837097883,idle,0,0,0,press_SPACE_to_start,64,0,0,0,1,-1.468750,0.156250,-0.656250,3730.500000,3737.250000,,,,,,,
11.569019,1785204056.953022003,idle,0,0,0,press_SPACE_to_start,63,0,0,0,1,-1.218750,0.406250,-0.406250,3730.750000,3734.250000,,,,,,,
11.655001,1785204057.066157103,idle,0,0,0,press_SPACE_to_start,60,0,0,0,1,-0.968750,0.640625,-0.164062,3729.750000,3728.500000,,,,,,,
11.741429,1785204057.177991867,idle,0,0,0,press_SPACE_to_start,65,0,0,0,1,-0.859375,0.750000,-0.054688,3731.250000,3729.000000,,,,,,,
11.827520,1785204057.292740107,idle,0,0,0,press_SPACE_to_start,67,0,0,0,1,-0.703125,0.906250,0.101562,3726.250000,3735.000000,,,,,,,
11.912563,1785204057.292740107,idle,0,0,0,press_SPACE_to_start,67,0,0,0,1,-0.703125,0.906250,0.101562,3726.250000,3735.000000,,,,,,,
11.999470,1785204057.407538891,idle,0,0,0,press_SPACE_to_start,64,0,0,0,1,-0.218750,1.390625,0.585938,3719.500000,3732.750000,,,,,,,
12.085361,1785204057.521594763,idle,0,0,0,press_SPACE_to_start,62,0,0,0,1,-1.187500,0.421875,-0.382812,3726.750000,3731.750000,,,,,,,
12.172049,1785204057.636571884,idle,0,0,0,press_SPACE_to_start,70,0,0,0,1,-0.531250,1.093750,0.281250,3732.000000,3731.750000,,,,,,,
12.256576,1785204057.636571884,idle,0,0,0,press_SPACE_to_start,70,0,0,0,1,-0.531250,1.093750,0.281250,3732.000000,3731.750000,,,,,,,
12.342722,1785204057.750725031,idle,0,0,0,press_SPACE_to_start,66,0,0,0,1,-1.578125,0.031250,-0.773438,3729.000000,3739.500000,,,,,,,
12.429909,1785204057.865522861,idle,0,0,0,press_SPACE_to_start,62,0,0,0,1,-1.218750,0.390625,-0.414062,3726.750000,3731.000000,,,,,,,
12.515337,1785204057.979997873,idle,0,0,0,press_SPACE_to_start,68,0,0,0,1,-0.828125,0.765625,-0.031250,3730.250000,3730.500000,,,,,,,
12.601179,1785204057.979997873,idle,0,0,0,press_SPACE_to_start,68,0,0,0,1,-0.828125,0.765625,-0.031250,3730.250000,3730.500000,,,,,,,
12.687961,1785204058.091079950,idle,0,0,0,press_SPACE_to_start,68,0,0,0,1,-0.656250,0.953125,0.148438,3730.000000,3736.750000,,,,,,,
12.773960,1785204058.206691980,idle,0,0,0,press_SPACE_to_start,70,0,0,0,1,-0.625000,0.968750,0.171875,3731.000000,3733.750000,,,,,,,
12.859857,1785204058.320482016,idle,0,0,0,press_SPACE_to_start,69,0,0,0,1,-0.531250,1.062500,0.265625,3733.250000,3734.000000,,,,,,,
12.945841,1785204058.320482016,idle,0,0,0,press_SPACE_to_start,69,0,0,0,1,-0.531250,1.062500,0.265625,3733.250000,3734.000000,,,,,,,
13.031818,1785204058.435801029,idle,0,0,0,press_SPACE_to_start,64,0,0,0,1,-0.031250,1.609375,0.789062,3739.500000,3737.500000,,,,,,,
13.117645,1785204058.550233126,idle,0,0,0,press_SPACE_to_start,66,0,0,0,1,-1.234375,0.390625,-0.421875,3725.750000,3730.000000,,,,,,,
13.204782,1785204058.664325953,idle,0,0,0,press_SPACE_to_start,64,0,0,0,1,-0.921875,0.656250,-0.132812,3732.750000,3729.000000,,,,,,,
13.293266,1785204058.664325953,idle,0,0,0,press_SPACE_to_start,64,0,0,0,1,-0.921875,0.656250,-0.132812,3732.750000,3729.000000,,,,,,,
13.379975,1785204058.779121876,idle,0,0,0,press_SPACE_to_start,67,0,0,0,1,-0.546875,1.062500,0.257812,3732.500000,3734.000000,,,,,,,
13.465619,1785204058.894506931,idle,0,0,0,press_SPACE_to_start,68,0,0,0,1,-0.250000,1.359375,0.554688,3723.000000,3732.500000,,,,,,,
13.551398,1785204059.005434990,idle,0,0,0,press_SPACE_to_start,63,0,0,0,1,-0.140625,1.500000,0.679688,3725.750000,3737.000000,,,,,,,
13.635966,1785204059.005434990,idle,0,0,0,press_SPACE_to_start,63,0,0,0,1,-0.140625,1.500000,0.679688,3725.750000,3737.000000,,,,,,,
13.716120,1785204059.120432138,idle,0,0,0,press_SPACE_to_start,65,0,0,0,1,-1.500000,0.109375,-0.695312,3730.750000,3740.500000,,,,,,,
13.802524,1785204059.235285044,idle,0,0,0,press_SPACE_to_start,62,0,0,0,1,-1.437500,0.187500,-0.625000,3729.250000,3738.000000,,,,,,,
13.890160,1785204059.349434853,idle,0,0,0,press_SPACE_to_start,62,0,0,0,1,-1.375000,0.218750,-0.578125,3730.500000,3737.250000,,,,,,,
13.976179,1785204059.349434853,idle,0,0,0,press_SPACE_to_start,62,0,0,0,1,-1.375000,0.218750,-0.578125,3730.500000,3737.250000,,,,,,,
14.062491,1785204059.464076996,idle,0,0,0,press_SPACE_to_start,60,0,0,0,1,-1.234375,0.359375,-0.437500,3722.750000,3730.500000,,,,,,,
14.147491,1785204059.579102039,idle,0,0,0,press_SPACE_to_start,62,0,0,0,1,-0.828125,0.796875,-0.015625,3732.250000,3736.000000,,,,,,,
14.232332,1785204059.692784786,idle,0,0,0,press_SPACE_to_start,66,0,0,0,1,-0.359375,1.234375,0.437500,3732.750000,3736.250000,,,,,,,
14.318724,1785204059.692784786,idle,0,0,0,press_SPACE_to_start,66,0,0,0,1,-0.359375,1.234375,0.437500,3732.750000,3736.250000,,,,,,,
14.404259,1785204059.804464817,idle,0,0,0,press_SPACE_to_start,63,0,0,0,1,-0.234375,1.375000,0.570312,3728.250000,3735.500000,,,,,,,
14.490131,1785204059.918764114,idle,0,0,0,press_SPACE_to_start,60,0,0,0,1,-0.156250,1.421875,0.632812,3730.000000,3737.750000,,,,,,,
14.574900,1785204060.034532070,idle,0,0,0,press_SPACE_to_start,56,0,0,0,1,-0.859375,0.765625,-0.046875,3748.250000,3743.250000,,,,,,,
14.659805,1785204060.034532070,idle,0,0,0,press_SPACE_to_start,56,0,0,0,1,-0.859375,0.765625,-0.046875,3748.250000,3743.250000,,,,,,,
14.744298,1785204060.148769140,idle,0,0,0,press_SPACE_to_start,57,0,0,0,1,-0.609375,1.015625,0.203125,3732.500000,3733.750000,,,,,,,
14.828812,1785204060.263132811,idle,0,0,0,press_SPACE_to_start,61,0,0,0,1,-1.203125,0.421875,-0.390625,3729.000000,3756.500000,,,,,,,
14.915281,1785204060.377923012,idle,0,0,0,press_SPACE_to_start,60,0,0,0,1,-1.234375,0.375000,-0.429688,3726.500000,3736.000000,,,,,,,
14.999433,1785204060.377923012,idle,0,0,0,press_SPACE_to_start,60,0,0,0,1,-1.234375,0.375000,-0.429688,3726.500000,3736.000000,,,,,,,
15.084073,1785204060.492147923,idle,0,0,0,press_SPACE_to_start,61,0,0,0,1,-1.468750,0.156250,-0.656250,3734.500000,3736.250000,,,,,,,
15.169432,1785204060.606714964,idle,0,0,0,press_SPACE_to_start,57,0,0,0,1,-1.203125,0.406250,-0.398437,3728.000000,3736.750000,,,,,,,
15.254632,1785204060.717765808,idle,0,0,0,press_SPACE_to_start,60,0,0,0,1,-1.328125,0.296875,-0.515625,3724.000000,3731.750000,,,,,,,
15.340254,1785204060.717765808,idle,0,0,0,press_SPACE_to_start,60,0,0,0,1,-1.328125,0.296875,-0.515625,3724.000000,3731.750000,,,,,,,
15.425752,1785204060.832711935,idle,0,0,0,press_SPACE_to_start,54,0,0,0,1,-0.296875,1.296875,0.500000,3733.000000,3739.500000,,,,,,,
15.510453,1785204060.947996855,idle,0,0,0,press_SPACE_to_start,58,0,0,0,1,-0.062500,1.578125,0.757812,3737.000000,3736.750000,,,,,,,
15.596412,1785204061.061544895,idle,0,0,0,press_SPACE_to_start,64,0,0,0,1,-0.437500,1.171875,0.367188,3732.250000,3739.750000,,,,,,,
15.683239,1785204061.061544895,idle,0,0,0,press_SPACE_to_start,64,0,0,0,1,-0.437500,1.171875,0.367188,3732.250000,3739.750000,,,,,,,
15.768800,1785204061.177287817,idle,0,0,0,press_SPACE_to_start,66,0,0,0,1,-0.109375,1.500000,0.695313,3729.500000,3738.250000,,,,,,,
15.855650,1785204061.291584969,idle,0,0,0,press_SPACE_to_start,60,0,0,0,1,-1.375000,0.218750,-0.578125,3714.750000,3713.250000,,,,,,,
15.940606,1785204061.402741909,idle,0,0,0,press_SPACE_to_start,65,0,0,0,1,-1.281250,0.328125,-0.476562,3724.500000,3730.750000,,,,,,,
16.026058,1785204061.402741909,idle,0,0,0,press_SPACE_to_start,65,0,0,0,1,-1.281250,0.328125,-0.476562,3724.500000,3730.750000,,,,,,,
16.113010,1785204061.517317772,idle,0,0,0,press_SPACE_to_start,63,0,0,0,1,-1.203125,0.375000,-0.414062,3724.500000,3728.250000,,,,,,,
16.199296,1785204061.632606030,idle,0,0,0,press_SPACE_to_start,61,0,0,0,1,-0.953125,0.656250,-0.148438,3744.000000,3742.250000,,,,,,,
16.284851,1785204061.746888876,idle,0,0,0,press_SPACE_to_start,63,0,0,0,1,-0.640625,0.968750,0.164062,3729.000000,3730.500000,,,,,,,
16.369658,1785204061.746888876,idle,0,0,0,press_SPACE_to_start,63,0,0,0,1,-0.640625,0.968750,0.164062,3729.000000,3730.500000,,,,,,,
16.455309,1785204061.861339808,idle,0,0,0,press_SPACE_to_start,65,0,0,0,1,-0.421875,1.187500,0.382812,3729.500000,3737.750000,,,,,,,
16.540134,1785204061.975637913,idle,0,0,0,press_SPACE_to_start,66,0,0,0,1,-0.468750,1.125000,0.328125,3728.750000,3737.500000,,,,,,,
16.625713,1785204062.089962006,idle,0,0,0,press_SPACE_to_start,60,0,0,0,1,-0.593750,1.000000,0.203125,3726.250000,3729.000000,,,,,,,
16.711398,1785204062.089962006,idle,0,0,0,press_SPACE_to_start,60,0,0,0,1,-0.593750,1.000000,0.203125,3726.250000,3729.000000,,,,,,,
16.792294,1785204062.202334881,idle,0,0,0,press_SPACE_to_start,64,0,0,0,1,-0.703125,0.906250,0.101562,3717.250000,3734.250000,,,,,,,
16.879627,1785204062.316367865,idle,0,0,0,press_SPACE_to_start,61,0,0,0,1,-0.890625,0.703125,-0.093750,3741.500000,3738.750000,,,,,,,
16.967187,1785204062.431578875,idle,0,0,0,press_SPACE_to_start,63,0,0,0,1,-0.921875,0.703125,-0.109375,3738.750000,3736.000000,,,,,,,
17.047786,1785204062.431578875,idle,0,0,0,press_SPACE_to_start,63,0,0,0,1,-0.921875,0.703125,-0.109375,3738.750000,3736.000000,,,,,,,
17.126178,1785204062.546113014,idle,0,0,0,press_SPACE_to_start,62,0,0,0,1,-0.859375,0.765625,-0.046875,3716.500000,3728.750000,,,,,,,
17.204738,1785204062.659986019,idle,0,0,0,press_SPACE_to_start,65,0,0,0,1,-0.609375,1.046875,0.218750,3724.000000,3729.500000,,,,,,,
17.284241,1785204062.659986019,idle,0,0,0,press_SPACE_to_start,65,0,0,0,1,-0.609375,1.046875,0.218750,3724.000000,3729.500000,,,,,,,
17.362143,1785204062.775205135,idle,0,0,0,press_SPACE_to_start,65,0,0,0,1,-0.625000,1.000000,0.187500,3723.250000,3727.750000,,,,,,,
17.440992,1785204062.888859987,idle,0,0,0,press_SPACE_to_start,61,0,0,0,1,-0.968750,0.656250,-0.156250,3738.500000,3741.000000,,,,,,,
17.519971,1785204062.888859987,idle,0,0,0,press_SPACE_to_start,61,0,0,0,1,-0.968750,0.656250,-0.156250,3738.500000,3741.000000,,,,,,,
17.600860,1785204063.001405001,idle,0,0,0,press_SPACE_to_start,64,0,0,0,1,-1.250000,0.375000,-0.437500,3726.000000,3729.250000,,,,,,,
17.678531,1785204063.115679026,search_first_car,80,0,0,paper_search_first_vehicle,62,0,0,0,1,-1.468750,0.140625,-0.664062,3714.250000,3714.250000,,,,,,,
17.759817,1785204063.115679026,search_first_car,80,0,0,paper_search_first_vehicle,62,0,0,0,1,-1.468750,0.140625,-0.664062,3714.250000,3714.250000,,,,,,,
17.847321,1785204063.230490923,search_first_car,80,0,0,paper_search_first_vehicle,63,0,0,0,1,-0.062500,1.578125,0.757812,3736.250000,3739.500000,,,,,,,
17.939281,1785204063.344702005,search_first_car,80,0,0,paper_search_first_vehicle,64,0,0,0,1,-0.890625,0.718750,-0.085938,3755.500000,3744.250000,,,,,,,
18.027589,1785204063.459105015,search_first_car,80,0,0,paper_search_first_vehicle,64,0,0,0,1,-0.203125,1.406250,0.601562,3786.500000,3794.000000,,,,,,,
18.115592,1785204063.574213982,search_first_car,80,0,0,paper_search_first_vehicle,69,0,0,0,1,-1.140625,0.484375,-0.328125,3814.250000,3803.750000,,,,,,,
18.198910,1785204063.574213982,search_first_car,80,0,0,paper_search_first_vehicle,69,0,0,0,1,-1.140625,0.484375,-0.328125,3814.250000,3803.750000,,,,,,,
18.284231,1785204063.688711882,search_first_car,80,0,0,paper_search_first_vehicle,64,0,0,0,1,-0.562500,1.046875,0.242188,3814.500000,3814.000000,,,,,,,
18.371606,1785204063.800482988,search_first_car,80,0,0,paper_search_first_vehicle,65,0,0,0,1,-1.531250,0.062500,-0.734375,3833.500000,3841.250000,,,,,,,
18.458120,1785204063.914515972,search_first_car,80,0,0,paper_search_first_vehicle,64,0,0,0,1,-0.796875,0.796875,0.000000,3868.750000,3868.000000,,,,,,,
18.543150,1785204063.914515972,search_first_car,80,0,0,paper_search_first_vehicle,64,0,0,0,1,-0.796875,0.796875,0.000000,3868.750000,3868.000000,,,,,,,
18.628600,1785204064.029410124,search_first_car,80,0,0,paper_search_first_vehicle,73,0,0,0,1,-0.187500,1.421875,0.617188,3905.000000,3916.000000,,,,,,,
18.714104,1785204064.144232035,search_first_car,80,0,0,paper_search_first_vehicle,69,0,0,0,1,-0.015625,1.609375,0.796875,3936.750000,3952.750000,,,,,,,
18.793240,1785204064.144232035,search_first_car,80,0,0,paper_search_first_vehicle,69,0,0,0,1,-0.015625,1.609375,0.796875,3936.750000,3952.750000,,,,,,,
18.876964,1785204064.259295940,search_first_car,80,0,0,paper_search_first_vehicle,71,0,0,0,1,-1.203125,0.406250,-0.398437,3975.750000,3982.000000,,,,,,,
18.963928,1785204064.373672009,search_first_car,80,0,0,paper_search_first_vehicle,72,0,0,0,1,-0.562500,1.046875,0.242188,4017.000000,4011.250000,,,,,,,
19.051810,1785204064.487356901,search_first_car,80,0,0,paper_search_first_vehicle,70,0,0,0,1,-1.500000,0.093750,-0.703125,4033.000000,4025.750000,,,,,,,
19.137951,1785204064.602052212,search_first_car,80,0,0,paper_search_first_vehicle,74,0,0,0,1,-1.093750,0.500000,-0.296875,4051.250000,4056.250000,,,,,,,
19.222532,1785204064.602052212,search_first_car,80,0,0,paper_search_first_vehicle,74,0,0,0,1,-1.093750,0.500000,-0.296875,4051.250000,4056.250000,,,,,,,
19.306501,1785204064.717056990,search_first_car,80,0,0,paper_search_first_vehicle,69,0,0,0,1,-0.515625,1.093750,0.289062,4086.250000,4094.750000,,,,,,,
19.391555,1785204064.831926107,search_first_car,80,0,0,paper_search_first_vehicle,71,0,0,0,1,-0.281250,1.375000,0.546875,4121.500000,4120.500000,,,,,,,
19.477304,1785204064.831926107,search_first_car,80,0,0,paper_search_first_vehicle,71,0,0,0,1,-0.281250,1.375000,0.546875,4121.500000,4120.500000,,,,,,,
19.563789,1785204064.943325996,search_first_car,80,0,0,paper_search_first_vehicle,71,0,0,0,1,-0.015625,1.593750,0.789062,4174.250000,4164.000000,,,,,,,
19.649584,1785204065.057687044,search_first_car,80,0,0,paper_search_first_vehicle,65,0,0,0,1,-1.343750,0.296875,-0.523438,4198.750000,4193.000000,,,,,,,
19.735630,1785204065.171790123,search_first_car,80,0,0,paper_search_first_vehicle,68,0,0,0,1,-1.062500,0.531250,-0.265625,4224.250000,4225.250000,,,,,,,
19.814874,1785204065.171790123,search_first_car,80,0,0,paper_search_first_vehicle,68,0,0,0,1,-1.062500,0.531250,-0.265625,4224.250000,4225.250000,,,,,,,
19.901421,1785204065.287256002,search_first_car,80,0,0,paper_search_first_vehicle,74,0,0,0,1,-0.687500,0.937500,0.125000,4246.000000,4255.750000,,,,,,,
19.987284,1785204065.401046991,search_first_car,80,0,0,paper_search_first_vehicle,70,0,0,0,1,-0.265625,1.343750,0.539062,4266.250000,4265.000000,,,,,,,
20.074716,1785204065.516396999,search_first_car,80,0,0,paper_search_first_vehicle,70,0,0,0,1,-1.390625,0.234375,-0.578125,4293.750000,4296.000000,,,,,,,
20.161437,1785204065.516396999,search_first_car,80,0,0,paper_search_first_vehicle,70,0,0,0,1,-1.390625,0.234375,-0.578125,4293.750000,4296.000000,,,,,,,
20.246894,1785204065.631315947,search_first_car,80,0,0,paper_search_first_vehicle,64,0,0,0,1,-0.750000,0.828125,0.039062,4325.250000,4351.750000,,,,,,,
20.333455,1785204065.745712042,search_first_car,80,0,0,paper_search_first_vehicle,72,0,0,0,1,-0.250000,1.359375,0.554688,4358.750000,4366.250000,,,,,,,
20.417557,1785204065.856873035,search_first_car,80,0,0,paper_search_first_vehicle,76,0,0,0,1,-1.500000,0.109375,-0.695312,4404.500000,4399.750000,,,,,,,
20.501504,1785204065.856873035,search_first_car,80,0,0,paper_search_first_vehicle,76,0,0,0,1,-1.500000,0.109375,-0.695312,4404.500000,4399.750000,,,,,,,
20.585963,1785204065.972117901,search_first_car,80,0,0,paper_search_first_vehicle,72,0,0,0,1,-1.171875,0.437500,-0.367188,4430.000000,4431.000000,,,,,,,
20.672173,1785204066.086658955,search_first_car,80,0,0,paper_search_first_vehicle,69,0,0,0,1,-0.953125,0.671875,-0.140625,4467.500000,4452.000000,,,,,,,
20.756638,1785204066.200140953,search_first_car,80,0,0,paper_search_first_vehicle,70,0,0,0,1,-1.000000,0.609375,-0.195312,4482.500000,4483.250000,,,,,,,
20.842209,1785204066.200140953,search_first_car,80,0,0,paper_search_first_vehicle,70,0,0,0,1,-1.000000,0.609375,-0.195312,4482.500000,4483.250000,,,,,,,
20.927058,1785204066.315613985,search_first_car,80,0,0,paper_search_first_vehicle,71,0,0,0,1,-0.921875,0.703125,-0.109375,4489.500000,4500.500000,,,,,,,
21.012162,1785204066.429651022,search_first_car,80,0,0,paper_search_first_vehicle,75,0,0,0,1,-0.562500,1.046875,0.242188,4512.500000,4517.000000,,,,,,,
21.098915,1785204066.545011044,search_first_car,80,0,0,paper_search_first_vehicle,74,0,0,0,1,-0.125000,1.468750,0.671875,4534.250000,4540.000000,,,,,,,
21.185884,1785204066.545011044,search_first_car,80,0,0,paper_search_first_vehicle,74,0,0,0,1,-0.125000,1.468750,0.671875,4534.250000,4540.000000,,,,,,,
21.272287,1785204066.655942917,search_first_car,80,0,0,paper_search_first_vehicle,70,0,0,0,1,-1.515625,0.109375,-0.703125,4582.000000,4596.750000,,,,,,,
21.357732,1785204066.770328999,search_first_car,80,0,0,paper_search_first_vehicle,76,0,0,0,1,-1.187500,0.421875,-0.382812,4616.750000,4624.500000,,,,,,,
21.443103,1785204066.885427952,search_first_car,80,0,0,paper_search_first_vehicle,79,0,0,0,1,-1.062500,0.546875,-0.257812,4634.250000,4641.500000,,,,,,,
21.529520,1785204066.885427952,search_first_car,80,0,0,paper_search_first_vehicle,79,0,0,0,1,-1.062500,0.546875,-0.257812,4634.250000,4641.500000,,,,,,,
21.615592,1785204067.000419140,search_first_car,80,0,0,paper_search_first_vehicle,80,0,0,0,1,-1.062500,0.531250,-0.265625,4637.750000,4647.500000,,,,,,,
21.700250,1785204067.114231110,search_first_car,80,0,0,paper_search_first_vehicle,84,0,0,0,1,-0.906250,0.718750,-0.093750,4695.500000,4701.500000,,,,,,,
21.785930,1785204067.229161024,search_first_car,80,0,0,paper_search_first_vehicle,70,0,0,0,1,-0.984375,0.625000,-0.179688,4718.250000,4729.750000,,,,,,,
21.870830,1785204067.229161024,search_first_car,80,0,0,paper_search_first_vehicle,70,0,0,0,1,-0.984375,0.625000,-0.179688,4718.250000,4729.750000,,,,,,,
21.956713,1785204067.344101906,search_first_car,80,0,0,paper_search_first_vehicle,72,0,0,0,1,-1.062500,0.531250,-0.265625,4743.000000,4733.250000,,,,,,,
22.041970,1785204067.455028057,search_first_car,80,0,0,paper_search_first_vehicle,65,0,0,0,1,-1.234375,0.375000,-0.429688,4782.750000,4762.000000,,,,,,,
22.127002,1785204067.569014072,search_first_car,80,0,0,paper_search_first_vehicle,66,0,0,0,1,-1.359375,0.265625,-0.546875,4795.250000,4782.750000,,,,,,,
22.211715,1785204067.569014072,search_first_car,80,0,0,paper_search_first_vehicle,66,0,0,0,1,-1.359375,0.265625,-0.546875,4795.250000,4782.750000,,,,,,,
22.297152,1785204067.684005976,search_first_car,80,0,0,paper_search_first_vehicle,60,0,0,0,1,-1.531250,0.078125,-0.726562,4819.000000,4827.500000,,,,,,,
22.382709,1785204067.798887968,search_first_car,80,0,0,paper_search_first_vehicle,63,0,0,0,1,-0.093750,1.546875,0.726562,4843.750000,4845.250000,,,,,,,
22.468956,1785204067.913317919,search_first_car,80,0,0,paper_search_first_vehicle,55,0,0,0,1,-0.328125,1.296875,0.484375,4888.500000,4869.500000,,,,,,,
22.555039,1785204067.913317919,search_first_car,80,0,0,paper_search_first_vehicle,55,0,0,0,1,-0.328125,1.296875,0.484375,4888.500000,4869.500000,,,,,,,
22.640559,1785204068.027875185,search_first_car,80,0,0,paper_search_first_vehicle,64,0,0,0,1,-0.562500,1.031250,0.234375,4906.000000,4915.250000,,,,,,,
22.727395,1785204068.140094995,search_first_car,80,0,0,paper_search_first_vehicle,60,0,0,0,1,-0.703125,0.906250,0.101562,4910.250000,4950.000000,,,,,,,
22.812409,1785204068.254528999,search_first_car,80,0,0,paper_search_first_vehicle,61,0,0,0,1,-0.656250,0.953125,0.148438,4987.000000,4980.750000,,,,,,,
22.894907,1785204068.254528999,search_first_car,80,0,0,paper_search_first_vehicle,61,0,0,0,1,-0.656250,0.953125,0.148438,4987.000000,4980.750000,,,,,,,
22.982459,1785204068.369014025,search_first_car,80,0,0,paper_search_first_vehicle,62,0,0,0,1,-0.328125,1.265625,0.468750,4996.000000,5003.500000,,,,,,,
23.069262,1785204068.483406067,search_first_car,80,0,0,paper_search_first_vehicle,55,0,0,0,1,-1.484375,0.125000,-0.679688,5060.500000,5048.000000,,,,,,,
23.156320,1785204068.597872972,search_first_car,80,0,0,paper_search_first_vehicle,57,0,0,0,1,-1.171875,0.437500,-0.367188,5071.500000,5087.000000,,,,,,,
23.241046,1785204068.597872972,search_first_car,80,0,0,paper_search_first_vehicle,57,0,0,0,1,-1.171875,0.437500,-0.367188,5071.500000,5087.000000,,,,,,,
23.327557,1785204068.712403059,search_first_car,80,0,0,paper_search_first_vehicle,56,0,0,0,1,-0.968750,0.656250,-0.156250,5109.000000,5111.500000,,,,,,,
23.413908,1785204068.827005863,search_first_car,80,0,0,paper_search_first_vehicle,61,0,0,0,1,-0.984375,0.640625,-0.171875,5109.750000,5115.500000,,,,,,,
23.498383,1785204068.941772938,search_first_car,80,0,0,paper_search_first_vehicle,54,0,0,0,1,-0.828125,0.796875,-0.015625,5138.500000,5148.500000,,,,,,,
23.583783,1785204068.941772938,search_first_car,80,0,0,paper_search_first_vehicle,54,0,0,0,1,-0.828125,0.796875,-0.015625,5138.500000,5148.500000,,,,,,,
23.669042,1785204069.053216934,search_first_car,80,0,0,paper_search_first_vehicle,52,0,0,0,1,-0.468750,1.140625,0.335938,5162.500000,5160.000000,,,,,,,
23.755565,1785204069.168409109,search_first_car,80,0,0,paper_search_first_vehicle,53,0,0,0,1,-1.593750,0.015625,-0.789062,5193.500000,5175.000000,,,,,,,
23.840784,1785204069.283030987,search_first_car,80,0,0,paper_search_first_vehicle,58,0,0,0,1,-1.250000,0.359375,-0.445312,5216.500000,5210.500000,,,,,,,
23.925265,1785204069.283030987,search_first_car,80,0,0,paper_search_first_vehicle,58,0,0,0,1,-1.250000,0.359375,-0.445312,5216.500000,5210.500000,,,,,,,
24.011987,1785204069.397593021,search_first_car,80,0,0,paper_search_first_vehicle,61,0,0,0,1,-0.843750,0.765625,-0.039062,5238.750000,5240.500000,,,,,,,
24.097795,1785204069.511653185,search_first_car,80,0,0,paper_search_first_vehicle,71,0,0,0,1,-0.531250,1.078125,0.273438,5292.250000,5269.000000,,,,,,,
24.186192,1785204069.626256943,search_first_car,80,0,0,paper_search_first_vehicle,70,0,0,0,1,-0.203125,1.406250,0.601562,5326.000000,5322.250000,,,,,,,
24.272449,1785204069.626256943,search_first_car,80,0,0,paper_search_first_vehicle,70,0,0,0,1,-0.203125,1.406250,0.601562,5326.000000,5322.250000,,,,,,,
24.359083,1785204069.741903782,search_first_car,80,0,0,paper_search_first_vehicle,75,0,0,0,1,-0.078125,1.546875,0.734375,5340.000000,5352.750000,,,,,,,
24.445875,1785204069.852257967,search_first_car,80,0,0,paper_search_first_vehicle,77,0,0,0,1,-0.156250,1.468750,0.656250,5364.500000,5375.250000,,,,,,,
24.532640,1785204069.966781855,search_first_car,80,0,0,paper_search_first_vehicle,74,0,0,0,1,-1.578125,0.015625,-0.781250,5411.500000,5443.500000,,,,,,,
24.618601,1785204070.081456184,search_first_car,80,0,0,paper_search_first_vehicle,66,0,0,0,1,-1.359375,0.250000,-0.554688,5443.750000,5431.750000,,,,,,,
24.706308,1785204070.081456184,search_first_car,80,0,0,paper_search_first_vehicle,66,0,0,0,1,-1.359375,0.250000,-0.554688,5443.750000,5431.750000,,,,,,,
24.791921,1785204070.196540833,search_first_car,80,0,0,paper_search_first_vehicle,69,0,0,0,1,-0.984375,0.625000,-0.179688,5484.750000,5466.000000,,,,,,,
24.877890,1785204070.310559988,search_first_car,80,0,0,paper_search_first_vehicle,75,0,0,0,1,-0.375000,1.218750,0.421875,5521.750000,5515.000000,,,,,,,
24.963111,1785204070.425693989,search_first_car,80,0,0,paper_search_first_vehicle,77,0,0,0,1,-1.437500,0.171875,-0.632812,5550.500000,5553.250000,,,,,,,
25.048606,1785204070.425693989,search_first_car,80,0,0,paper_search_first_vehicle,77,0,0,0,1,-1.437500,0.171875,-0.632812,5550.500000,5553.250000,,,,,,,
25.133833,1785204070.540165901,search_first_car,80,0,0,paper_search_first_vehicle,66,0,0,0,1,-1.265625,0.343750,-0.460938,5575.500000,5569.500000,,,,,,,
25.217977,1785204070.651482105,search_first_car,80,0,0,paper_search_first_vehicle,60,0,0,0,1,-1.078125,0.531250,-0.273438,5578.500000,5586.250000,,,,,,,
25.303877,1785204070.766466141,search_first_car,80,0,0,paper_search_first_vehicle,60,0,0,0,1,-0.875000,0.750000,-0.062500,5610.750000,5610.750000,,,,,,,
25.390592,1785204070.766466141,search_first_car,80,0,0,paper_search_first_vehicle,60,0,0,0,1,-0.875000,0.750000,-0.062500,5610.750000,5610.750000,,,,,,,
25.474427,1785204070.880085945,search_first_car,80,0,0,paper_search_first_vehicle,64,0,0,0,1,-0.671875,0.953125,0.140625,5623.500000,5638.500000,,,,,,,
25.559857,1785204070.995507956,search_first_car,80,0,0,paper_search_first_vehicle,53,0,0,0,1,-0.437500,1.187500,0.375000,5658.500000,5644.500000,,,,,,,
25.645993,1785204071.109985113,search_first_car,80,0,0,paper_search_first_vehicle,55,0,0,0,1,-0.218750,1.406250,0.593750,5675.500000,5650.500000,,,,,,,
25.730936,1785204071.109985113,search_first_car,80,0,0,paper_search_first_vehicle,55,0,0,0,1,-0.218750,1.406250,0.593750,5675.500000,5650.500000,,,,,,,
25.814629,1785204071.224752188,search_first_car,80,0,0,paper_search_first_vehicle,53,0,0,0,1,-0.125000,1.484375,0.679688,5691.500000,5686.500000,,,,,,,
25.895998,1785204071.339001179,search_first_car,80,0,0,paper_search_first_vehicle,61,0,0,0,1,-1.562500,0.046875,-0.757812,5723.250000,5732.250000,,,,,,,
25.981921,1785204071.339001179,search_first_car,80,0,0,paper_search_first_vehicle,61,0,0,0,1,-1.562500,0.046875,-0.757812,5723.250000,5732.250000,,,,,,,
26.067339,1785204071.453690767,search_first_car,80,0,0,paper_search_first_vehicle,56,0,0,0,1,-1.406250,0.218750,-0.593750,5733.250000,5726.250000,,,,,,,
26.152712,1785204071.565544844,search_first_car,80,0,0,paper_search_first_vehicle,60,0,0,0,1,-1.578125,0.046875,-0.765625,5748.750000,5740.500000,,,,,,,
26.238090,1785204071.680184126,search_first_car,80,0,0,paper_search_first_vehicle,60,0,0,0,1,-0.234375,1.390625,0.578125,5780.000000,5790.250000,,,,,,,
26.324768,1785204071.680184126,search_first_car,80,0,0,paper_search_first_vehicle,60,0,0,0,1,-0.234375,1.390625,0.578125,5780.000000,5790.250000,,,,,,,
26.410131,1785204071.794082165,search_first_car,80,0,0,paper_search_first_vehicle,60,0,0,0,1,-0.343750,1.281250,0.468750,5831.750000,5845.500000,,,,,,,
26.495680,1785204071.909455061,search_first_car,80,0,0,paper_search_first_vehicle,61,0,0,0,1,-0.328125,1.296875,0.484375,5893.750000,5887.250000,,,,,,,
26.581107,1785204072.023742914,search_first_car,80,0,0,paper_search_first_vehicle,65,0,0,0,1,-0.171875,1.453125,0.640625,5926.500000,5919.750000,,,,,,,
26.665310,1785204072.023742914,search_first_car,80,0,0,paper_search_first_vehicle,65,0,0,0,1,-0.171875,1.453125,0.640625,5926.500000,5919.750000,,,,,,,
26.750468,1785204072.138279915,search_open_space,80,0,0,paper_passing_first_vehicle,66,1,1,0,1,-1.562500,0.046875,-0.757812,5966.250000,5946.250000,,,,,,1600.500000,
26.835525,1785204072.249782085,search_open_space,80,0,0,paper_passing_first_vehicle,74,1,1,0,1,-1.078125,0.531250,-0.273438,5998.750000,6034.000000,,,,,,1606.000000,
26.921471,1785204072.364385128,search_second_car,80,0,0,paper_between_detected_vehicles,73,1,0,0,1,-0.890625,0.734375,-0.078125,6060.000000,6052.000000,,,,,,,
27.006718,1785204072.364385128,search_second_car,80,0,0,paper_search_second_vehicle,73,1,0,0,1,-0.890625,0.734375,-0.078125,6060.000000,6052.000000,,,,,,,
27.092085,1785204072.478586197,reverse_align,-80,-2,0,eq5_reverse bisector=+0.3 biasAB=+0 paperSteer=-0.11,74,2,1,0,1,-0.500000,1.125000,0.312500,6088.750000,6088.750000,0.000000,-0.109375,0.000000,-0.109375,,1585.000000,
27.177490,1785204072.594191790,reverse_align,-80,-4,0,eq5_reverse bisector=+0.6 biasAB=+13 paperSteer=-0.20,75,2,1,0,1,-0.234375,1.375000,0.570312,6142.750000,6129.750000,13.000000,-0.199609,0.003286,-0.196323,,1558.250000,
27.262847,1785204072.707780123,reverse_align,-80,6,0,eq5_reverse bisector=-0.8 biasAB=-12 paperSteer=+0.28,80,2,1,0,1,-1.609375,0.015625,-0.796875,6149.750000,6161.500000,-11.750000,0.278906,-0.002685,0.276222,,1505.750000,
27.348663,1785204072.707780123,reverse_align,-80,6,0,eq5_reverse bisector=-0.8 biasAB=-12 paperSteer=+0.28,80,2,1,0,1,-1.609375,0.015625,-0.796875,6149.750000,6161.500000,-11.750000,0.278906,-0.002685,0.276222,,1505.750000,
27.434900,1785204072.822896242,reverse_align,-80,5,0,eq5_reverse bisector=-0.7 biasAB=+1 paperSteer=+0.25,79,2,1,0,1,-1.531250,0.078125,-0.726562,6146.000000,6145.000000,1.000000,0.254297,0.000019,0.254316,,1528.250000,
27.520033,1785204072.937047005,reverse_align,-80,5,0,eq5_reverse bisector=-0.7 biasAB=+3 paperSteer=+0.24,76,2,0,0,1,-1.484375,0.125000,-0.679688,6143.750000,6141.000000,2.750000,0.237891,0.000147,0.238038,,,
27.606683,1785204073.052034140,reverse_align,-80,3,0,eq5_reverse bisector=-0.4 biasAB=+18 paperSteer=+0.15,74,2,1,0,1,-1.218750,0.390625,-0.414062,6104.250000,6086.500000,17.750000,0.144922,0.006126,0.151048,,1545.500000,
27.692965,1785204073.052034140,reverse_align,-80,3,0,eq5_reverse bisector=-0.4 biasAB=+18 paperSteer=+0.15,74,2,1,0,1,-1.218750,0.390625,-0.414062,6104.250000,6086.500000,17.750000,0.144922,0.006126,0.151048,,1545.500000,
27.776905,1785204073.167114973,reverse_align,-80,0,0,eq5_reverse bisector=+0.1 biasAB=+24 paperSteer=-0.01,71,2,1,0,1,-0.734375,0.859375,0.062500,6093.500000,6069.250000,24.250000,-0.021875,0.011435,-0.010440,,1598.500000,
27.861833,1785204073.278514862,reverse_align,-80,-4,0,eq5_reverse bisector=+0.6 biasAB=+6 paperSteer=-0.20,64,2,0,0,1,-0.234375,1.375000,0.570312,6038.500000,6032.750000,5.750000,-0.199609,0.000643,-0.198966,,,
27.948174,1785204073.392207861,reverse_align,-80,5,0,eq5_reverse bisector=-0.7 biasAB=+21 paperSteer=+0.25,65,2,1,0,1,-1.515625,0.109375,-0.703125,5991.000000,5969.750000,21.250000,0.246094,0.008780,0.254874,,1601.000000,
28.033639,1785204073.392207861,reverse_align,-80,5,0,eq5_reverse bisector=-0.7 biasAB=+21 paperSteer=+0.25,65,2,1,0,1,-1.515625,0.109375,-0.703125,5991.000000,5969.750000,21.250000,0.246094,0.008780,0.254874,,1601.000000,
28.119811,1785204073.506859064,reverse_align,-80,5,0,eq5_reverse bisector=-0.6 biasAB=+16 paperSteer=+0.21,67,2,0,0,1,-1.390625,0.203125,-0.593750,5973.000000,5957.500000,15.500000,0.207813,0.004672,0.212484,,,
28.206564,1785204073.621946812,reverse_align,-80,4,0,eq5_reverse bisector=-0.6 biasAB=+3 paperSteer=+0.20,68,2,0,0,1,-1.375000,0.234375,-0.570312,5877.500000,5874.250000,3.250000,0.199609,0.000205,0.199815,,,
28.290529,1785204073.737087965,reverse_align,-80,3,0,eq5_reverse bisector=-0.4 biasAB=-2 paperSteer=+0.14,68,2,0,0,1,-1.203125,0.390625,-0.406250,5868.000000,5870.000000,-2.000000,0.142187,-0.000078,0.142110,,,
28.376528,1785204073.737087965,reverse_align,-80,3,0,eq5_reverse bisector=-0.4 biasAB=-2 paperSteer=+0.14,68,2,0,0,1,-1.203125,0.390625,-0.406250,5868.000000,5870.000000,-2.000000,0.142187,-0.000078,0.142110,,,
28.459823,1785204073.851166010,reverse_align,-80,4,0,eq5_reverse bisector=-0.5 biasAB=+27 paperSteer=+0.19,62,2,0,0,1,-1.312500,0.312500,-0.500000,5819.750000,5792.500000,27.250000,0.175000,0.014439,0.189439,,,
28.544069,1785204073.962958097,reverse_align,-80,5,0,eq5_reverse bisector=-0.7 biasAB=+8 paperSteer=+0.24,58,2,0,0,1,-1.500000,0.125000,-0.687500,5753.000000,5744.750000,8.250000,0.240625,0.001323,0.241948,,,
28.631581,1785204074.076798916,reverse_align,-80,4,0,eq5_reverse bisector=-0.5 biasAB=-8 paperSteer=+0.17,58,2,0,0,1,-1.312500,0.312500,-0.500000,5750.750000,5759.250000,-8.500000,0.175000,-0.001405,0.173595,,,
28.717956,1785204074.076798916,reverse_align,-80,4,0,eq5_reverse bisector=-0.5 biasAB=-8 paperSteer=+0.17,58,2,0,0,1,-1.312500,0.312500,-0.500000,5750.750000,5759.250000,-8.500000,0.175000,-0.001405,0.173595,,,
28.803843,1785204074.192197800,reverse_align,-80,2,0,eq5_reverse bisector=-0.2 biasAB=-8 paperSteer=+0.08,59,2,0,0,1,-1.046875,0.578125,-0.234375,5705.750000,5714.000000,-8.250000,0.082031,-0.001323,0.080708,,,
28.888715,1785204074.306418896,reverse_align,-80,1,0,eq5_reverse bisector=-0.2 biasAB=+16 paperSteer=+0.06,59,2,0,0,1,-0.968750,0.625000,-0.171875,5702.750000,5687.250000,15.500000,0.060156,0.004672,0.064828,,,
28.971798,1785204074.421351910,reverse_align,-80,1,0,eq5_reverse bisector=-0.2 biasAB=+14 paperSteer=+0.06,55,2,0,0,1,-0.984375,0.640625,-0.171875,5694.500000,5680.250000,14.250000,0.060156,0.003948,0.064105,,,
29.058775,1785204074.421351910,reverse_align,-80,1,0,eq5_reverse bisector=-0.2 biasAB=+14 paperSteer=+0.06,55,2,0,0,1,-0.984375,0.640625,-0.171875,5694.500000,5680.250000,14.250000,0.060156,0.003948,0.064105,,,
29.145251,1785204074.535669088,reverse_align,-80,3,0,eq5_reverse bisector=-0.4 biasAB=+6 paperSteer=+0.12,57,2,0,0,1,-1.156250,0.453125,-0.351562,5660.500000,5654.500000,6.000000,0.123047,0.000700,0.123747,,,
29.231685,1785204074.647386074,reverse_align,-80,3,0,eq5_reverse bisector=-0.4 biasAB=+5 paperSteer=+0.15,51,2,0,0,1,-1.218750,0.390625,-0.414062,5651.000000,5646.250000,4.750000,0.144922,0.000439,0.145361,,,
29.317346,1785204074.761304140,reverse_align,-80,3,0,eq5_reverse bisector=-0.4 biasAB=+4 paperSteer=+0.14,55,2,0,0,1,-1.218750,0.406250,-0.406250,5617.500000,5613.000000,4.500000,0.142187,0.000394,0.142581,,,
29.404052,1785204074.761304140,reverse_align,-80,3,0,eq5_reverse bisector=-0.4 biasAB=+4 paperSteer=+0.14,55,2,0,0,1,-1.218750,0.406250,-0.406250,5617.500000,5613.000000,4.500000,0.142187,0.000394,0.142581,,,
29.490257,1785204074.875784874,reverse_align,-80,1,0,eq5_reverse bisector=-0.1 biasAB=+6 paperSteer=+0.03,61,2,0,0,1,-0.875000,0.703125,-0.085938,5587.250000,5581.250000,6.000000,0.030078,0.000700,0.030778,,,
29.577533,1785204074.991235018,reverse_align,-80,-4,0,eq5_reverse bisector=+0.5 biasAB=+10 paperSteer=-0.16,64,2,0,0,1,-0.328125,1.281250,0.476562,5569.500000,5559.000000,10.500000,-0.166797,0.002144,-0.164653,,,
29.663543,1785204075.104934931,reverse_align,-80,-5,0,eq5_reverse bisector=+0.7 biasAB=+7 paperSteer=-0.25,72,2,0,0,1,-0.078125,1.531250,0.726562,5564.750000,5558.000000,6.750000,-0.254297,0.000886,-0.253411,,,
29.748917,1785204075.104934931,reverse_align,-80,-5,0,eq5_reverse bisector=+0.7 biasAB=+7 paperSteer=-0.25,72,2,0,0,1,-0.078125,1.531250,0.726562,5564.750000,5558.000000,6.750000,-0.254297,0.000886,-0.253411,,,
29.834638,1785204075.219694138,reverse_align,-80,6,0,eq5_reverse bisector=-0.8 biasAB=+28 paperSteer=+0.28,72,2,0,0,1,-1.562500,0.031250,-0.765625,5524.500000,5497.000000,27.500000,0.267969,0.014705,0.282674,,,
29.919105,1785204075.334417820,reverse_align,-80,4,0,eq5_reverse bisector=-0.5 biasAB=-12 paperSteer=+0.18,74,2,0,0,1,-1.343750,0.281250,-0.531250,5490.500000,5502.750000,-12.250000,0.185938,-0.002918,0.183020,,,
30.005341,1785204075.449539185,reverse_align,-80,5,0,eq5_reverse bisector=-0.7 biasAB=-18 paperSteer=+0.24,70,2,0,0,1,-1.515625,0.093750,-0.710938,5477.250000,5495.250000,-18.000000,0.248828,-0.006300,0.242528,,,
30.091670,1785204075.449539185,reverse_align,-80,5,0,eq5_reverse bisector=-0.7 biasAB=-18 paperSteer=+0.24,70,2,0,0,1,-1.515625,0.093750,-0.710938,5477.250000,5495.250000,-18.000000,0.248828,-0.006300,0.242528,,,
30.178474,1785204075.560800076,reverse_align,-80,-5,0,eq5_reverse bisector=+0.6 biasAB=-18 paperSteer=-0.21,72,2,0,0,1,-0.218750,1.390625,0.585938,5428.000000,5446.500000,-18.500000,-0.205078,-0.006655,-0.211733,,,
30.265524,1785204075.675523996,reverse_align,-80,-2,0,eq5_reverse bisector=+0.2 biasAB=-14 paperSteer=-0.07,71,2,0,0,1,-0.593750,1.000000,0.203125,5383.250000,5396.750000,-13.500000,-0.071094,-0.003544,-0.074637,,,
30.351749,1785204075.790654898,reverse_align,-80,-1,0,eq5_reverse bisector=+0.1 biasAB=+18 paperSteer=-0.04,64,2,0,0,1,-0.671875,0.953125,0.140625,5378.000000,5359.500000,18.500000,-0.049219,0.006655,-0.042564,,,
30.437249,1785204075.790654898,reverse_align,-80,-1,0,eq5_reverse bisector=+0.1 biasAB=+18 paperSteer=-0.04,64,2,0,0,1,-0.671875,0.953125,0.140625,5378.000000,5359.500000,18.500000,-0.049219,0.006655,-0.042564,,,
30.523701,1785204075.905247927,reverse_align,-80,-3,0,eq5_reverse bisector=+0.4 biasAB=+24 paperSteer=-0.13,70,2,0,0,1,-0.406250,1.203125,0.398438,5342.750000,5318.750000,24.000000,-0.139453,0.011200,-0.128253,,,
30.610207,1785204076.019232035,reverse_align,-80,6,0,eq5_reverse bisector=-0.7 biasAB=+0 paperSteer=+0.26,69,2,0,0,1,-1.531250,0.062500,-0.734375,5275.750000,5275.750000,0.000000,0.257031,0.000000,0.257031,,,
30.696368,1785204076.133746862,reverse_align,-80,2,0,eq5_reverse bisector=-0.3 biasAB=+1 paperSteer=+0.11,69,2,0,0,1,-1.125000,0.500000,-0.312500,5240.250000,5239.500000,0.750000,0.109375,0.000011,0.109386,,,
30.782172,1785204076.133746862,reverse_align,-80,2,0,eq5_reverse bisector=-0.3 biasAB=+1 paperSteer=+0.11,69,2,0,0,1,-1.125000,0.500000,-0.312500,5240.250000,5239.500000,0.750000,0.109375,0.000011,0.109386,,,
30.868887,1785204076.248690844,reverse_align,-80,-1,0,eq5_reverse bisector=+0.2 biasAB=+7 paperSteer=-0.06,63,2,0,0,1,-0.640625,0.968750,0.164062,5215.500000,5208.750000,6.750000,-0.057422,0.000886,-0.056536,,,
30.956131,1785204076.360009909,reverse_align,-80,-3,0,eq5_reverse bisector=+0.5 biasAB=+12 paperSteer=-0.16,55,2,0,0,1,-0.359375,1.265625,0.453125,5198.750000,5186.750000,12.000000,-0.158594,0.002800,-0.155794,,,
31.041578,1785204076.475017071,reverse_align,-80,-3,0,eq5_reverse bisector=+0.4 biasAB=+11 paperSteer=-0.15,56,2,0,0,1,-0.359375,1.234375,0.437500,5172.250000,5161.250000,11.000000,-0.153125,0.002353,-0.150772,,,
31.127458,1785204076.589051962,reverse_align,-80,-2,0,eq5_reverse bisector=+0.2 biasAB=+19 paperSteer=-0.07,56,2,0,0,1,-0.578125,1.031250,0.226562,5160.000000,5141.000000,19.000000,-0.079297,0.007019,-0.072277,,,
31.214536,1785204076.589051962,reverse_align,-80,-2,0,eq5_reverse bisector=+0.2 biasAB=+19 paperSteer=-0.07,56,2,0,0,1,-0.578125,1.031250,0.226562,5160.000000,5141.000000,19.000000,-0.079297,0.007019,-0.072277,,,
31.302277,1785204076.704250097,reverse_align,-80,-1,0,eq5_reverse bisector=+0.1 biasAB=-12 paperSteer=-0.04,58,2,0,0,1,-0.703125,0.921875,0.109375,5123.000000,5134.500000,-11.500000,-0.038281,-0.002572,-0.040853,,,
31.388479,1785204076.818191767,reverse_align,-80,-2,0,eq5_reverse bisector=+0.2 biasAB=+8 paperSteer=-0.08,60,2,0,0,1,-0.578125,1.031250,0.226562,5115.750000,5108.250000,7.500000,-0.079297,0.001094,-0.078203,,,
31.474181,1785204076.932848930,reverse_align,-80,-1,0,eq5_reverse bisector=+0.1 biasAB=+3 paperSteer=-0.04,57,2,0,0,1,-0.687500,0.921875,0.117188,5109.250000,5106.250000,3.000000,-0.041016,0.000175,-0.040841,,,
31.561619,1785204076.932848930,reverse_align,-80,-1,0,eq5_reverse bisector=+0.1 biasAB=+3 paperSteer=-0.04,57,2,0,0,1,-0.687500,0.921875,0.117188,5109.250000,5106.250000,3.000000,-0.041016,0.000175,-0.040841,,,
31.648665,1785204077.047130108,reverse_align,-80,1,0,eq5_reverse bisector=-0.1 biasAB=+11 paperSteer=+0.05,60,2,0,0,1,-0.937500,0.687500,-0.125000,5065.250000,5054.250000,11.000000,0.043750,0.002353,0.046103,,,
31.734558,1785204077.160626888,reverse_align,-80,0,0,eq5_reverse bisector=-0.0 biasAB=+7 paperSteer=+0.01,54,2,0,0,1,-0.843750,0.796875,-0.023437,5019.750000,5013.000000,6.750000,0.008203,0.000886,0.009089,,,
31.821553,1785204077.273277998,reverse_align,-80,0,0,eq5_reverse bisector=+0.0 biasAB=+12 paperSteer=-0.01,67,2,0,0,1,-0.781250,0.843750,0.031250,4997.750000,4986.250000,11.500000,-0.010937,0.002572,-0.008366,,,
31.908047,1785204077.273277998,reverse_align,-80,0,0,eq5_reverse bisector=+0.0 biasAB=+12 paperSteer=-0.01,67,2,0,0,1,-0.781250,0.843750,0.031250,4997.750000,4986.250000,11.500000,-0.010937,0.002572,-0.008366,,,
31.991147,1785204077.387612820,reverse_align,-80,2,0,eq5_reverse bisector=-0.1 biasAB=+43 paperSteer=+0.08,59,2,0,0,1,-0.906250,0.671875,-0.117188,4980.000000,4936.750000,43.250000,0.041016,0.036372,0.077388,,,
32.075605,1785204077.503007889,reverse_align,-80,2,0,eq5_reverse bisector=-0.3 biasAB=-4 paperSteer=+0.11,55,2,0,0,1,-1.125000,0.484375,-0.320312,4904.500000,4908.750000,-4.250000,0.112109,-0.000351,0.111758,,,
32.156306,1785204077.617015123,reverse_align,-80,2,0,eq5_reverse bisector=-0.3 biasAB=-34 paperSteer=+0.09,60,2,0,0,1,-1.140625,0.484375,-0.328125,4869.000000,4902.750000,-33.750000,0.114844,-0.022148,0.092695,,,
32.242302,1785204077.617015123,reverse_align,-80,2,0,eq5_reverse bisector=-0.3 biasAB=-34 paperSteer=+0.09,60,2,0,0,1,-1.140625,0.484375,-0.328125,4869.000000,4902.750000,-33.750000,0.114844,-0.022148,0.092695,,,
32.328955,1785204077.728971004,reverse_align,-80,3,0,eq5_reverse bisector=-0.4 biasAB=+14 paperSteer=+0.14,58,2,0,0,1,-1.203125,0.421875,-0.390625,4863.500000,4849.000000,14.500000,0.136719,0.004088,0.140807,,,
32.414691,1785204077.843165874,reverse_align,-80,3,0,eq5_reverse bisector=-0.4 biasAB=+11 paperSteer=+0.16,56,2,0,0,1,-1.250000,0.359375,-0.445312,4837.750000,4827.000000,10.750000,0.155859,0.002247,0.158106,,,
32.501634,1785204077.957726955,reverse_align,-80,1,0,eq5_reverse bisector=-0.1 biasAB=+6 paperSteer=+0.04,55,2,0,0,1,-0.921875,0.703125,-0.109375,4805.750000,4800.000000,5.750000,0.038281,0.000643,0.038924,,,
32.587086,1785204077.957726955,reverse_align,-80,1,0,eq5_reverse bisector=-0.1 biasAB=+6 paperSteer=+0.04,55,2,0,0,1,-0.921875,0.703125,-0.109375,4805.750000,4800.000000,5.750000,0.038281,0.000643,0.038924,,,
32.673034,1785204078.073235989,reverse_align,-80,-1,0,eq5_reverse bisector=+0.2 biasAB=+21 paperSteer=-0.05,61,2,0,0,1,-0.625000,0.968750,0.171875,4810.500000,4789.500000,21.000000,-0.060156,0.008575,-0.051581,,,
32.758604,1785204078.187800169,reverse_align,-80,-2,0,eq5_reverse bisector=+0.3 biasAB=+7 paperSteer=-0.09,62,2,0,0,1,-0.531250,1.078125,0.273438,4744.000000,4737.250000,6.750000,-0.095703,0.000886,-0.094817,,,
32.843919,1785204078.301876068,reverse_align,-80,-1,0,eq5_reverse bisector=+0.1 biasAB=-14 paperSteer=-0.03,69,2,0,0,1,-0.734375,0.875000,0.070312,4706.250000,4720.250000,-14.000000,-0.024609,-0.003811,-0.028420,,,
32.930447,1785204078.301876068,reverse_align,-80,-1,0,eq5_reverse bisector=+0.1 biasAB=-14 paperSteer=-0.03,69,2,0,0,1,-0.734375,0.875000,0.070312,4706.250000,4720.250000,-14.000000,-0.024609,-0.003811,-0.028420,,,
33.018166,1785204078.416998863,reverse_align,-80,1,0,eq5_reverse bisector=-0.1 biasAB=-2 paperSteer=+0.05,74,2,0,0,1,-0.953125,0.656250,-0.148438,4699.500000,4701.500000,-2.000000,0.051953,-0.000078,0.051875,,,
33.105245,1785204078.528401852,reverse_align,-80,3,0,eq5_reverse bisector=-0.4 biasAB=-0 paperSteer=+0.16,73,2,0,0,1,-1.250000,0.359375,-0.445312,4655.750000,4656.250000,-0.500000,0.155859,-0.000005,0.155855,,,
33.190819,1785204078.642338037,reverse_align,-80,5,0,eq5_reverse bisector=-0.6 biasAB=+3 paperSteer=+0.23,71,2,0,0,1,-1.453125,0.156250,-0.648438,4640.250000,4637.500000,2.750000,0.226953,0.000147,0.227100,,,
33.276606,1785204078.642338037,reverse_align,-80,5,0,eq5_reverse bisector=-0.6 biasAB=+3 paperSteer=+0.23,71,2,0,0,1,-1.453125,0.156250,-0.648438,4640.250000,4637.500000,2.750000,0.226953,0.000147,0.227100,,,
33.362149,1785204078.756954908,reverse_align,-80,6,0,eq5_reverse bisector=-0.8 biasAB=+14 paperSteer=+0.28,72,2,0,0,1,-1.593750,0.015625,-0.789062,4627.250000,4613.500000,13.750000,0.276172,0.003676,0.279848,,,
33.447277,1785204078.873402119,reverse_align,-80,5,0,eq5_reverse bisector=-0.6 biasAB=-6 paperSteer=+0.21,67,2,0,0,1,-1.406250,0.187500,-0.609375,4570.000000,4575.750000,-5.750000,0.213281,-0.000643,0.212638,,,
33.534437,1785204078.986494064,reverse_align,-80,2,0,eq5_reverse bisector=-0.2 biasAB=+18 paperSteer=+0.08,68,2,0,0,1,-1.000000,0.593750,-0.203125,4552.500000,4535.000000,17.500000,0.071094,0.005955,0.077049,,,
33.620084,1785204078.986494064,reverse_align,-80,2,0,eq5_reverse bisector=-0.2 biasAB=+18 paperSteer=+0.08,68,2,0,0,1,-1.000000,0.593750,-0.203125,4552.500000,4535.000000,17.500000,0.071094,0.005955,0.077049,,,
33.705883,1785204079.100754976,reverse_align,-80,0,0,eq5_reverse bisector=+0.0 biasAB=+18 paperSteer=-0.00,67,2,0,0,1,-0.765625,0.828125,0.031250,4531.750000,4513.750000,18.000000,-0.010937,0.006300,-0.004637,,,
33.791338,1785204079.216966867,reverse_align,-80,1,0,eq5_reverse bisector=-0.1 biasAB=+5 paperSteer=+0.03,63,2,0,0,1,-0.875000,0.734375,-0.070312,4515.750000,4510.750000,5.000000,0.024609,0.000486,0.025095,,,
33.877544,1785204079.327057838,reverse_align,-80,1,0,eq5_reverse bisector=-0.2 biasAB=+10 paperSteer=+0.06,69,2,0,0,1,-0.953125,0.640625,-0.156250,4501.500000,4491.750000,9.750000,0.054688,0.001848,0.056536,,,
33.962996,1785204079.327057838,reverse_align,-80,1,0,eq5_reverse bisector=-0.2 biasAB=+10 paperSteer=+0.06,69,2,0,0,1,-0.953125,0.640625,-0.156250,4501.500000,4491.750000,9.750000,0.054688,0.001848,0.056536,,,
34.049287,1785204079.441061020,reverse_align,-80,3,0,eq5_reverse bisector=-0.4 biasAB=-7 paperSteer=+0.15,70,2,0,0,1,-1.250000,0.359375,-0.445312,4465.250000,4472.500000,-7.250000,0.155859,-0.001022,0.154837,,,
34.134759,1785204079.556946039,reverse_align,-80,5,0,eq5_reverse bisector=-0.7 biasAB=-2 paperSteer=+0.25,75,2,0,0,1,-1.515625,0.093750,-0.710938,4430.500000,4432.750000,-2.250000,0.248828,-0.000098,0.248730,,,
34.220287,1785204079.670419931,reverse_align,-80,-6,0,eq5_reverse bisector=+0.8 biasAB=-7 paperSteer=-0.27,72,2,0,0,1,-0.031250,1.593750,0.781250,4384.750000,4392.000000,-7.250000,-0.273438,-0.001022,-0.274460,,,
34.304599,1785204079.670419931,reverse_align,-80,-6,0,eq5_reverse bisector=+0.8 biasAB=-7 paperSteer=-0.27,72,2,0,0,1,-0.031250,1.593750,0.781250,4384.750000,4392.000000,-7.250000,-0.273438,-0.001022,-0.274460,,,
34.390143,1785204079.785299063,reverse_align,-80,5,0,eq5_reverse bisector=-0.7 biasAB=+18 paperSteer=+0.25,79,2,0,0,1,-1.515625,0.093750,-0.710938,4379.250000,4361.500000,17.750000,0.248828,0.006126,0.254954,,,
34.475071,1785204079.897189856,reverse_align,-80,4,0,eq5_reverse bisector=-0.5 biasAB=+5 paperSteer=+0.19,76,2,0,0,1,-1.343750,0.265625,-0.539062,4335.500000,4330.250000,5.250000,0.188672,0.000536,0.189208,,,
34.560640,1785204080.011177063,reverse_align,-80,3,0,eq5_reverse bisector=-0.4 biasAB=-5 paperSteer=+0.13,75,2,0,0,1,-1.171875,0.437500,-0.367188,4291.500000,4296.500000,-5.000000,0.128516,-0.000486,0.128030,,,
34.646135,1785204080.011177063,reverse_align,-80,3,0,eq5_reverse bisector=-0.4 biasAB=-5 paperSteer=+0.13,75,2,0,0,1,-1.171875,0.437500,-0.367188,4291.500000,4296.500000,-5.000000,0.128516,-0.000486,0.128030,,,
34.731770,1785204080.125869036,reverse_align,-80,1,0,eq5_reverse bisector=-0.2 biasAB=+4 paperSteer=+0.06,72,2,0,0,1,-0.984375,0.625000,-0.179688,4273.250000,4269.500000,3.750000,0.062891,0.000273,0.063164,,,
34.817108,1785204080.240333080,reverse_align,-80,-2,0,eq5_reverse bisector=+0.3 biasAB=+2 paperSteer=-0.09,68,2,0,0,1,-0.546875,1.062500,0.257812,4255.750000,4253.750000,2.000000,-0.090234,0.000078,-0.090157,,,
34.902762,1785204080.355988979,reverse_align,-80,-2,0,eq5_reverse bisector=+0.3 biasAB=-0 paperSteer=-0.11,68,2,0,0,1,-0.500000,1.109375,0.304688,4232.250000,4232.750000,-0.500000,-0.106641,-0.000005,-0.106645,,,
34.984360,1785204080.355988979,reverse_align,-80,-2,0,eq5_reverse bisector=+0.3 biasAB=-0 paperSteer=-0.11,68,2,0,0,1,-0.500000,1.109375,0.304688,4232.250000,4232.750000,-0.500000,-0.106641,-0.000005,-0.106645,,,
35.071775,1785204080.470234871,reverse_align,-80,0,0,eq5_reverse bisector=+0.1 biasAB=+14 paperSteer=-0.02,75,2,0,0,1,-0.750000,0.875000,0.062500,4208.250000,4194.000000,14.250000,-0.021875,0.003948,-0.017927,,,
35.157652,1785204080.585208178,reverse_align,-80,2,0,eq5_reverse bisector=-0.2 biasAB=+13 paperSteer=+0.07,68,2,0,0,1,-1.000000,0.593750,-0.203125,4152.500000,4139.500000,13.000000,0.071094,0.003286,0.074380,,,
35.243281,1785204080.698852062,reverse_align,-80,1,0,eq5_reverse bisector=-0.1 biasAB=+6 paperSteer=+0.03,69,2,0,0,1,-0.890625,0.703125,-0.093750,4131.750000,4125.250000,6.500000,0.032813,0.000822,0.033634,,,
35.328609,1785204080.698852062,reverse_align,-80,1,0,eq5_reverse bisector=-0.1 biasAB=+6 paperSteer=+0.03,69,2,0,0,1,-0.890625,0.703125,-0.093750,4131.750000,4125.250000,6.500000,0.032813,0.000822,0.033634,,,
35.416121,1785204080.811015844,reverse_align,-80,1,0,eq5_reverse bisector=-0.1 biasAB=+0 paperSteer=+0.05,68,2,0,0,1,-0.953125,0.671875,-0.140625,4080.250000,4080.250000,0.000000,0.049219,0.000000,0.049219,,,
35.502657,1785204080.924847126,reverse_align,-80,2,0,eq5_reverse bisector=-0.2 biasAB=-2 paperSteer=+0.08,69,2,0,0,1,-1.046875,0.578125,-0.234375,4057.250000,4059.750000,-2.500000,0.082031,-0.000122,0.081910,,,
35.587965,1785204081.040357828,reverse_align,-80,3,0,eq5_reverse bisector=-0.4 biasAB=-6 paperSteer=+0.13,68,2,0,0,1,-1.187500,0.421875,-0.382812,4026.750000,4032.250000,-5.500000,0.133984,-0.000588,0.133396,,,
35.674529,1785204081.040357828,reverse_align,-80,3,0,eq5_reverse bisector=-0.4 biasAB=-6 paperSteer=+0.13,68,2,0,0,1,-1.187500,0.421875,-0.382812,4026.750000,4032.250000,-5.500000,0.133984,-0.000588,0.133396,,,
35.760406,1785204081.155076027,reverse_align,-80,5,0,eq5_reverse bisector=-0.7 biasAB=-3 paperSteer=+0.25,69,2,0,0,1,-1.531250,0.093750,-0.718750,4006.250000,4009.250000,-3.000000,0.251563,-0.000175,0.251388,,,
35.845568,1785204081.269713879,reverse_align,-80,-4,0,eq5_reverse bisector=+0.6 biasAB=-14 paperSteer=-0.20,62,2,0,0,1,-0.250000,1.375000,0.562500,3983.250000,3997.750000,-14.500000,-0.196875,-0.004088,-0.200963,,,
35.932283,1785204081.381030798,reverse_align,-80,-3,0,eq5_reverse bisector=+0.5 biasAB=-4 paperSteer=-0.16,64,2,0,0,1,-0.343750,1.265625,0.460938,3959.750000,3964.000000,-4.250000,-0.161328,-0.000351,-0.161679,,,
36.017745,1785204081.381030798,reverse_align,-80,-3,0,eq5_reverse bisector=+0.5 biasAB=-4 paperSteer=-0.16,64,2,0,0,1,-0.343750,1.265625,0.460938,3959.750000,3964.000000,-4.250000,-0.161328,-0.000351,-0.161679,,,
36.099510,1785204081.495163918,reverse_align,-80,-2,0,eq5_reverse bisector=+0.3 biasAB=-4 paperSteer=-0.10,72,2,0,0,1,-0.515625,1.109375,0.296875,3923.750000,3927.500000,-3.750000,-0.103906,-0.000273,-0.104180,,,
36.177581,1785204081.609889984,reverse_align,-80,0,0,eq5_reverse bisector=+0.0 biasAB=+6 paperSteer=-0.02,70,2,0,0,1,-0.750000,0.843750,0.046875,3891.750000,3886.250000,5.500000,-0.016406,0.000588,-0.015818,,,
36.256449,1785204081.609889984,reverse_align,-80,0,0,eq5_reverse bisector=+0.0 biasAB=+6 paperSteer=-0.02,70,2,0,0,1,-0.750000,0.843750,0.046875,3891.750000,3886.250000,5.500000,-0.016406,0.000588,-0.015818,,,
36.335595,1785204081.724771023,reverse_align,-80,1,0,eq5_reverse bisector=-0.1 biasAB=-13 paperSteer=+0.04,68,2,0,0,1,-0.921875,0.687500,-0.117188,3860.000000,3873.000000,-13.000000,0.041016,-0.003286,0.037730,,,
36.417507,1785204081.838315010,reverse_align,-80,-1,0,eq5_reverse bisector=+0.1 biasAB=-14 paperSteer=-0.04,62,2,0,0,1,-0.703125,0.890625,0.093750,3831.500000,3845.000000,-13.500000,-0.032813,-0.003544,-0.036356,,,
36.504527,1785204081.953058004,reverse_align,-80,-1,0,eq5_reverse bisector=+0.1 biasAB=+6 paperSteer=-0.04,62,2,0,0,1,-0.687500,0.921875,0.117188,3826.250000,3820.750000,5.500000,-0.041016,0.000588,-0.040427,,,
36.593948,1785204081.953058004,reverse_align,-80,-1,0,eq5_reverse bisector=+0.1 biasAB=+6 paperSteer=-0.04,62,2,0,0,1,-0.687500,0.921875,0.117188,3826.250000,3820.750000,5.500000,-0.041016,0.000588,-0.040427,,,
36.682055,1785204082.064619064,reverse_align,-80,0,0,eq5_reverse bisector=-0.0 biasAB=-15 paperSteer=+0.01,66,2,0,0,1,-0.843750,0.750000,-0.046875,3789.250000,3804.500000,-15.250000,0.016406,-0.004522,0.011884,,,
36.767654,1785204082.179026842,reverse_align,-80,2,0,eq5_reverse bisector=-0.3 biasAB=-8 paperSteer=+0.11,66,2,0,0,1,-1.125000,0.500000,-0.312500,3752.000000,3759.500000,-7.500000,0.109375,-0.001094,0.108281,,,
36.850305,1785204082.294327021,reverse_align,-80,4,0,eq5_reverse bisector=-0.6 biasAB=-20 paperSteer=+0.21,64,2,0,0,1,-1.421875,0.203125,-0.609375,3721.750000,3741.500000,-19.750000,0.213281,-0.007585,0.205697,,,
36.933929,1785204082.294327021,reverse_align,-80,4,0,eq5_reverse bisector=-0.6 biasAB=-20 paperSteer=+0.21,64,2,0,0,1,-1.421875,0.203125,-0.609375,3721.750000,3741.500000,-19.750000,0.213281,-0.007585,0.205697,,,
37.018528,1785204082.409256935,reverse_align,-80,-6,0,eq5_reverse bisector=+0.8 biasAB=-12 paperSteer=-0.27,67,2,0,0,1,-0.031250,1.578125,0.773438,3677.250000,3689.750000,-12.500000,-0.270703,-0.003038,-0.273741,,,
37.102447,1785204082.522821188,reverse_align,-80,-6,0,eq5_reverse bisector=+0.8 biasAB=-24 paperSteer=-0.28,65,2,0,0,1,-0.046875,1.593750,0.773438,3647.000000,3670.500000,-23.500000,-0.270703,-0.010738,-0.281441,,,
37.185777,1785204082.638123989,reverse_align,-80,-6,0,eq5_reverse bisector=+0.8 biasAB=-17 paperSteer=-0.27,60,2,0,0,1,-0.062500,1.562500,0.750000,3610.500000,3627.500000,-17.000000,-0.262500,-0.005619,-0.268119,,,
37.269774,1785204082.638123989,reverse_align,-80,-6,0,eq5_reverse bisector=+0.8 biasAB=-17 paperSteer=-0.27,60,2,0,0,1,-0.062500,1.562500,0.750000,3610.500000,3627.500000,-17.000000,-0.262500,-0.005619,-0.268119,,,
37.352926,1785204082.749846935,reverse_align,-80,-6,0,eq5_reverse bisector=+0.8 biasAB=+12 paperSteer=-0.26,63,2,0,0,1,-0.046875,1.562500,0.757812,3606.000000,3594.250000,11.750000,-0.265234,0.002685,-0.262550,,,
37.435708,1785204082.864380836,reverse_align,-80,-5,0,eq5_reverse bisector=+0.6 biasAB=+1 paperSteer=-0.23,61,2,0,0,1,-0.156250,1.453125,0.648438,3556.250000,3555.000000,1.250000,-0.226953,0.000030,-0.226923,,,
37.516995,1785204082.978614092,reverse_align,-80,-4,0,eq5_reverse bisector=+0.5 biasAB=-15 paperSteer=-0.18,63,2,0,0,1,-0.296875,1.312500,0.507813,3521.000000,3536.000000,-15.000000,-0.177734,-0.004375,-0.182109,,,
37.600353,1785204082.978614092,reverse_align,-80,-4,0,eq5_reverse bisector=+0.5 biasAB=-15 paperSteer=-0.18,63,2,0,0,1,-0.296875,1.312500,0.507813,3521.000000,3536.000000,-15.000000,-0.177734,-0.004375,-0.182109,,,
37.681606,1785204083.092974186,reverse_align,-80,-2,0,eq5_reverse bisector=+0.2 biasAB=+0 paperSteer=-0.07,59,2,0,0,1,-0.593750,1.015625,0.210938,3517.250000,3517.250000,0.000000,-0.073828,0.000000,-0.073828,,,
37.765603,1785204083.208261967,reverse_align,-80,1,0,eq5_reverse bisector=-0.1 biasAB=-1 paperSteer=+0.04,63,2,0,0,1,-0.921875,0.703125,-0.109375,3468.500000,3469.250000,-0.750000,0.038281,-0.000011,0.038270,,,
37.850744,1785204083.208261967,reverse_align,-80,1,0,eq5_reverse bisector=-0.1 biasAB=-1 paperSteer=+0.04,63,2,0,0,1,-0.921875,0.703125,-0.109375,3468.500000,3469.250000,-0.750000,0.038281,-0.000011,0.038270,,,
37.933381,1785204083.319218874,reverse_align,-80,5,0,eq5_reverse bisector=-0.7 biasAB=-5 paperSteer=+0.24,60,2,0,0,1,-1.500000,0.140625,-0.679688,3435.250000,3440.500000,-5.250000,0.237891,-0.000536,0.237355,,,
38.015575,1785204083.433585882,reverse_align,-80,-2,0,eq5_reverse bisector=+0.3 biasAB=-5 paperSteer=-0.11,68,2,0,0,1,-0.500000,1.140625,0.320313,3418.750000,3424.000000,-5.250000,-0.112109,-0.000536,-0.112645,,,
38.099313,1785204083.548046112,reverse_align,-80,-1,0,eq5_reverse bisector=+0.1 biasAB=-14 paperSteer=-0.04,64,2,0,0,1,-0.687500,0.890625,0.101562,3370.500000,3384.250000,-13.750000,-0.035547,-0.003676,-0.039223,,,
38.184171,1785204083.548046112,reverse_align,-80,-1,0,eq5_reverse bisector=+0.1 biasAB=-14 paperSteer=-0.04,64,2,0,0,1,-0.687500,0.890625,0.101562,3370.500000,3384.250000,-13.750000,-0.035547,-0.003676,-0.039223,,,
38.269986,1785204083.663070917,reverse_align,-80,1,0,eq5_reverse bisector=-0.1 biasAB=-8 paperSteer=+0.05,64,2,0,0,1,-0.953125,0.671875,-0.140625,3334.250000,3341.750000,-7.500000,0.049219,-0.001094,0.048125,,,
38.356375,1785204083.778038979,reverse_align,-80,3,0,eq5_reverse bisector=-0.4 biasAB=-16 paperSteer=+0.13,69,2,0,0,1,-1.187500,0.437500,-0.375000,3312.500000,3329.000000,-16.500000,0.131250,-0.005294,0.125956,,,
38.441192,1785204083.892773151,reverse_align,-80,4,0,eq5_reverse bisector=-0.5 biasAB=-17 paperSteer=+0.18,69,2,0,0,1,-1.343750,0.281250,-0.531250,3285.500000,3302.250000,-16.750000,0.185938,-0.005455,0.180482,,,
38.525721,1785204083.892773151,reverse_align,-80,4,0,eq5_reverse bisector=-0.5 biasAB=-17 paperSteer=+0.18,69,2,0,0,1,-1.343750,0.281250,-0.531250,3285.500000,3302.250000,-16.750000,0.185938,-0.005455,0.180482,,,
38.612403,1785204084.004400015,reverse_align,-80,4,0,eq5_reverse bisector=-0.6 biasAB=+5 paperSteer=+0.20,70,2,0,0,1,-1.375000,0.218750,-0.578125,3281.250000,3276.500000,4.750000,0.202344,0.000439,0.202782,,,
38.698263,1785204084.118799210,reverse_align,-80,5,0,eq5_reverse bisector=-0.6 biasAB=-2 paperSteer=+0.22,66,2,0,0,1,-1.453125,0.171875,-0.640625,3241.000000,3242.500000,-1.500000,0.224219,-0.000044,0.224175,,,
38.783123,1785204084.232847929,reverse_align,-80,5,0,eq5_reverse bisector=-0.6 biasAB=-3 paperSteer=+0.22,61,2,0,0,1,-1.437500,0.187500,-0.625000,3223.000000,3225.750000,-2.750000,0.218750,-0.000147,0.218603,,,
38.868919,1785204084.232847929,reverse_align,-80,5,0,eq5_reverse bisector=-0.6 biasAB=-3 paperSteer=+0.22,61,2,0,0,1,-1.437500,0.187500,-0.625000,3223.000000,3225.750000,-2.750000,0.218750,-0.000147,0.218603,,,
38.952427,1785204084.347460032,reverse_align,-80,4,0,eq5_reverse bisector=-0.6 biasAB=-8 paperSteer=+0.20,59,2,0,0,1,-1.375000,0.234375,-0.570312,3171.750000,3179.500000,-7.750000,0.199609,-0.001168,0.198441,,,
39.037208,1785204084.462379932,reverse_align,-80,5,0,eq5_reverse bisector=-0.6 biasAB=+4 paperSteer=+0.22,53,2,0,0,1,-1.421875,0.187500,-0.617188,3146.250000,3142.250000,4.000000,0.216016,0.000311,0.216327,,,
39.122184,1785204084.577283144,reverse_align,-80,6,0,eq5_reverse bisector=-0.8 biasAB=-1 paperSteer=+0.28,56,2,0,0,1,-1.593750,0.015625,-0.789062,3111.250000,3112.250000,-1.000000,0.276172,-0.000019,0.276152,,,
39.207878,1785204084.577283144,reverse_align,-80,6,0,eq5_reverse bisector=-0.8 biasAB=-1 paperSteer=+0.28,56,2,0,0,1,-1.593750,0.015625,-0.789062,3111.250000,3112.250000,-1.000000,0.276172,-0.000019,0.276152,,,
39.292601,1785204084.687998056,reverse_align,-80,-6,0,eq5_reverse bisector=+0.7 biasAB=+4 paperSteer=-0.26,63,2,0,0,1,-0.078125,1.546875,0.734375,3096.000000,3092.250000,3.750000,-0.257031,0.000273,-0.256758,,,
39.377689,1785204084.803002119,reverse_align,-80,5,0,eq5_reverse bisector=-0.8 biasAB=-19 paperSteer=+0.26,63,2,0,0,1,-1.546875,0.046875,-0.750000,3045.250000,3064.250000,-19.000000,0.262500,-0.007019,0.255481,,,
39.463142,1785204084.917315006,reverse_align,-80,4,0,eq5_reverse bisector=-0.6 biasAB=-1 paperSteer=+0.20,69,2,0,0,1,-1.375000,0.218750,-0.578125,3016.750000,3018.000000,-1.250000,0.202344,-0.000030,0.202313,,,
39.549070,1785204084.917315006,reverse_align,-80,4,0,eq5_reverse bisector=-0.6 biasAB=-1 paperSteer=+0.20,69,2,0,0,1,-1.375000,0.218750,-0.578125,3016.750000,3018.000000,-1.250000,0.202344,-0.000030,0.202313,,,
39.633864,1785204085.032366037,reverse_align,-80,3,0,eq5_reverse bisector=-0.4 biasAB=+2 paperSteer=+0.16,75,2,0,0,1,-1.250000,0.359375,-0.445312,2983.750000,2982.250000,1.500000,0.155859,0.000044,0.155903,,,
39.720348,1785204085.146860123,reverse_align,-80,5,0,eq5_reverse bisector=-0.6 biasAB=-1 paperSteer=+0.21,74,2,0,0,1,-1.406250,0.203125,-0.601562,2946.750000,2947.750000,-1.000000,0.210547,-0.000019,0.210527,,,
