elapsed_s,lidar_timestamp,state,speed,steering,steering_offset,reason,raw_points,valid_points,left_fov_points,right_fov_points,tangent_clusters,tangent_candidates,detected_vehicle_count,right_vehicle,right_vehicle_raw,right_cluster_points,right_seen_scans,right_missing_scans,right_track_id,is_prealign_near,is_near,pair_source_scans,pair_valid,angle_a_deg,angle_b_deg,angle_bisector_deg,dist_a_mm,dist_b_mm,control_pair_valid,control_angle_a_deg,control_angle_b_deg,control_angle_bisector_deg,control_dist_a_mm,control_dist_b_mm,control_gap_width_mm,control_gap_center_angle_deg,control_pair_reason,distance_bias_ab_mm,angle_term,distance_term,paper_steering,applied_paper_steering,entry_center_angle_deg,realigning_after_dropout,prealign_near_seen,prealign_ready_scans,pair_hold_scans,center_observation_scans,dist_c_mm,dist_d_mm,distance_bias_cd_mm,cd_balance_ratio,cd_balance_error,cd_balance_span,cd_center_ready_scans,left_side_heading_deg,left_side_line_points,left_side_line_extent_mm,left_side_line_linearity,right_side_heading_deg,right_side_line_points,right_side_line_extent_mm,right_side_line_linearity,observed_slot_heading_deg,filtered_slot_heading_deg,slot_heading_span_deg,parallel_heading_ready_scans,parallel_correction_cycles,parallel_cd_missing_scans,parallel_no_improvement_scans,parallel_best_heading_deg
0.000004,1785219424.547073126,idle,0,0,-29,press_SPACE_to_start,72,72,49,23,0,0,0,0,0,0,0,1,0,0,0,1,0,,,,,,0,,,,,,,,two_tangents_not_visible,,,,,,,0,0,0,0,0,,,,,,,0,,0,,,,0,,,,,,0,0,0,0,
0.184832,1785219424.773057938,idle,0,0,-29,press_SPACE_to_start,73,73,50,23,0,0,0,0,0,0,0,2,0,0,0,2,0,,,,,,0,,,,,,,,two_tangents_not_visible,,,,,,,0,0,0,0,0,,,,,,,0,,0,,,,0,,,,,,0,0,0,0,
0.277887,1785219424.885048151,idle,0,0,-29,press_SPACE_to_start,68,68,45,23,1,0,0,0,0,0,0,3,0,0,0,3,0,,,,,,0,,,,,,,,two_tangents_not_visible,,,,,,,0,0,0,0,0,,,,,,,0,,0,,,,0,,,,,,0,0,0,0,
0.367145,1785219424.996659040,idle,0,0,-29,press_SPACE_to_start,74,74,51,23,1,0,0,0,0,0,0,4,0,0,0,4,0,,,,,,0,,,,,,,,two_tangents_not_visible,,,,,,,0,0,0,0,0,,,,,,,0,,0,,,,0,,,,,,0,0,0,0,
0.455401,1785219424.996659040,idle,0,0,-29,press_SPACE_to_start,74,74,51,23,1,0,0,0,0,0,0,4,0,0,0,4,0,,,,,,0,,,,,,,,two_tangents_not_visible,,,,,,,0,0,0,0,0,,,,,,,0,,0,,,,0,,,,,,0,0,0,0,
0.505542,1785219425.107475042,idle,0,0,-29,press_SPACE_to_start,72,72,49,23,1,0,0,0,0,0,0,5,0,0,0,5,0,,,,,,0,,,,,,,,two_tangents_not_visible,,,,,,,0,0,0,0,0,,,,,,,0,,0,,,,0,,,,,,0,0,0,0,
0.595501,1785219425.218437195,idle,0,0,-29,press_SPACE_to_start,74,74,48,26,1,0,0,0,0,0,0,6,0,0,0,5,0,,,,,,0,,,,,,,,two_tangents_not_visible,,,,,,,0,0,0,0,0,,,,,,,0,,0,,,,0,,,,,,0,0,0,0,
0.686546,1785219425.218437195,idle,0,0,-29,press_SPACE_to_start,74,74,48,26,1,0,0,0,0,0,0,6,0,0,0,5,0,,,,,,0,,,,,,,,two_tangents_not_visible,,,,,,,0,0,0,0,0,,,,,,,0,,0,,,,0,,,,,,0,0,0,0,
0.781529,1785219425.330934048,idle,0,0,-29,press_SPACE_to_start,72,72,49,23,1,0,0,0,0,0,0,7,0,0,0,5,0,,,,,,0,,,,,,,,two_tangents_not_visible,,,,,,,0,0,0,0,0,,,,,,,0,,0,,,,0,,,,,,0,0,0,0,
0.871795,1785219425.444346905,idle,0,0,-29,press_SPACE_to_start,72,72,47,25,1,0,0,0,0,0,0,8,0,0,0,5,0,,,,,,0,,,,,,,,two_tangents_not_visible,,,,,,,0,0,0,0,0,,,,,,,0,,0,,,,0,,,,,,0,0,0,0,
0.961005,1785219425.556908131,idle,0,0,-29,press_SPACE_to_start,68,68,46,22,1,0,0,0,0,0,0,9,0,0,0,5,0,,,,,,0,,,,,,,,two_tangents_not_visible,,,,,,,0,0,0,0,0,,,,,,,0,,0,,,,0,,,,,,0,0,0,0,
1.051368,1785219425.667732000,idle,0,0,-29,press_SPACE_to_start,69,69,45,24,1,0,0,0,0,0,0,10,0,0,0,5,0,,,,,,0,,,,,,,,two_tangents_not_visible,,,,,,,0,0,0,0,0,,,,,,,0,,0,,,,0,,,,,,0,0,0,0,
1.141164,1785219425.667732000,idle,0,0,-29,press_SPACE_to_start,69,69,45,24,1,0,0,0,0,0,0,10,0,0,0,5,0,,,,,,0,,,,,,,,two_tangents_not_visible,,,,,,,0,0,0,0,0,,,,,,,0,,0,,,,0,,,,,,0,0,0,0,
1.232786,1785219425.779201984,idle,0,0,-29,press_SPACE_to_start,73,73,48,25,1,0,0,0,0,0,0,11,0,0,0,5,0,,,,,,0,,,,,,,,two_tangents_not_visible,,,,,,,0,0,0,0,0,,,,,,,0,,0,,,,0,,,,,,0,0,0,0,
1.328239,1785219425.890830994,idle,0,0,-29,press_SPACE_to_start,75,75,51,24,1,0,0,0,0,0,0,12,0,0,0,5,0,,,,,,0,,,,,,,,two_tangents_not_visible,,,,,,,0,0,0,0,0,,,,,,,0,,0,,,,0,,,,,,0,0,0,0,
1.419302,1785219426.001715899,idle,0,0,-29,press_SPACE_to_start,69,69,45,24,0,0,0,0,0,0,0,13,0,0,0,5,0,,,,,,0,,,,,,,,two_tangents_not_visible,,,,,,,0,0,0,0,0,,,,,,,0,,0,,,,0,,,,,,0,0,0,0,
1.508829,1785219426.116331100,idle,0,0,-29,press_SPACE_to_start,72,72,49,23,0,0,0,0,0,0,0,14,0,0,0,5,0,,,,,,0,,,,,,,,two_tangents_not_visible,,,,,,,0,0,0,0,0,,,,,,,0,,0,,,,0,,,,,,0,0,0,0,
1.589013,1785219426.116331100,search_first_car,50,-29,-29,paper_search_first_vehicle,72,72,49,23,0,0,0,0,0,0,0,1,0,0,0,1,0,,,,,,0,,,,,,,,two_tangents_not_visible,,,,,,,0,0,0,0,0,,,,,,,0,,0,,,,0,,,,,,0,0,0,0,
1.674935,1785219426.227995872,search_first_car,50,-29,-29,paper_search_first_vehicle,70,70,47,23,0,0,0,0,0,0,0,2,0,0,0,2,0,,,,,,0,,,,,,,,two_tangents_not_visible,,,,,,,0,0,0,0,0,,,,,,,0,,0,,,,0,,,,,,0,0,0,0,
1.763315,1785219426.338762045,search_first_car,50,-29,-29,paper_search_first_vehicle,72,72,49,23,2,0,0,0,0,0,0,3,0,0,0,3,0,,,,,,0,,,,,,,,two_tangents_not_visible,,,,,,,0,0,0,0,0,,,,,,,0,,0,,,,0,,,,,,0,0,0,0,
1.855894,1785219426.450525045,search_first_car,50,-29,-29,paper_search_first_vehicle,72,72,48,24,2,0,0,0,0,0,0,4,0,0,0,4,0,,,,,,0,,,,,,,,two_tangents_not_visible,,,,,,,0,0,0,0,0,,,,,,,0,,0,,,,0,,,,,,0,0,0,0,
1.944356,1785219426.565165997,search_first_car,50,-29,-29,paper_search_first_vehicle,80,80,56,24,2,0,0,0,0,0,0,5,0,0,0,5,0,,,,,,0,,,,,,,,two_tangents_not_visible,,,,,,,0,0,0,0,0,,,,,,,0,,0,,,,0,,,,,,0,0,0,0,
2.035426,1785219426.565165997,search_first_car,50,-29,-29,paper_search_first_vehicle,80,80,56,24,2,0,0,0,0,0,0,5,0,0,0,5,0,,,,,,0,,,,,,,,two_tangents_not_visible,,,,,,,0,0,0,0,0,,,,,,,0,,0,,,,0,,,,,,0,0,0,0,
2.125848,1785219426.676650047,search_first_car,50,-29,-29,paper_search_first_vehicle,73,73,50,23,1,0,0,0,0,0,0,6,0,0,0,5,0,,,,,,0,,,,,,,,two_tangents_not_visible,,,,,,,0,0,0,0,0,,,,,,,0,,0,,,,0,,,,,,0,0,0,0,
2.216743,1785219426.787654877,search_first_car,50,-29,-29,paper_search_first_vehicle,70,70,49,21,3,0,0,0,0,0,0,7,0,0,0,5,0,,,,,,0,,,,,,,,two_tangents_not_visible,,,,,,,0,0,0,0,0,,,,,,,0,,0,,,,0,,,,,,0,0,0,0,
2.306551,1785219426.899245977,search_first_car,50,-29,-29,paper_search_first_vehicle,69,69,47,22,0,0,0,0,0,0,0,8,0,0,0,5,0,,,,,,0,,,,,,,,two_tangents_not_visible,,,,,,,0,0,0,0,0,,,,,,,0,,0,,,,0,,,,,,0,0,0,0,
2.399719,1785219427.010564089,search_first_car,50,-29,-29,paper_search_first_vehicle,72,72,49,23,0,0,0,0,0,0,0,9,0,0,0,5,0,,,,,,0,,,,,,,,two_tangents_not_visible,,,,,,,0,0,0,0,0,,,,,,,0,,0,,,,0,,,,,,0,0,0,0,
2.488287,1785219427.010564089,search_first_car,50,-29,-29,paper_search_first_vehicle,72,72,49,23,0,0,0,0,0,0,0,9,0,0,0,5,0,,,,,,0,,,,,,,,two_tangents_not_visible,,,,,,,0,0,0,0,0,,,,,,,0,,0,,,,0,,,,,,0,0,0,0,
2.577980,1785219427.124783039,search_first_car,50,-29,-29,paper_search_first_vehicle,71,71,48,23,0,0,0,0,0,0,0,10,0,0,0,5,0,,,,,,0,,,,,,,,two_tangents_not_visible,,,,,,,0,0,0,0,0,,,,,,,0,,0,,,,0,,,,,,0,0,0,0,
2.667094,1785219427.236799955,search_first_car,50,-29,-29,paper_search_first_vehicle,74,74,49,25,0,0,0,0,0,0,0,11,0,0,0,5,0,,,,,,0,,,,,,,,two_tangents_not_visible,,,,,,,0,0,0,0,0,,,,,,,0,,0,,,,0,,,,,,0,0,0,0,
2.756626,1785219427.347687960,search_first_car,50,-29,-29,paper_search_first_vehicle,73,73,51,22,0,0,0,0,0,0,0,12,0,0,0,5,0,,,,,,0,,,,,,,,two_tangents_not_visible,,,,,,,0,0,0,0,0,,,,,,,0,,0,,,,0,,,,,,0,0,0,0,
2.846896,1785219427.458795071,search_first_car,50,-29,-29,paper_search_first_vehicle,71,71,47,24,0,0,0,0,0,0,0,13,0,0,0,5,0,,,,,,0,,,,,,,,two_tangents_not_visible,,,,,,,0,0,0,0,0,,,,,,,0,,0,,,,0,,,,,,0,0,0,0,
2.941117,1785219427.570261002,search_first_car,50,-29,-29,paper_search_first_vehicle,71,71,47,24,1,0,0,0,0,0,0,14,0,0,0,5,0,,,,,,0,,,,,,,,two_tangents_not_visible,,,,,,,0,0,0,0,0,,,,,,,0,,0,,,,0,,,,,,0,0,0,0,
3.030096,1785219427.570261002,search_first_car,50,-29,-29,paper_search_first_vehicle,71,71,47,24,1,0,0,0,0,0,0,14,0,0,0,5,0,,,,,,0,,,,,,,,two_tangents_not_visible,,,,,,,0,0,0,0,0,,,,,,,0,,0,,,,0,,,,,,0,0,0,0,
3.120285,1785219427.684742928,search_first_car,50,-29,-29,paper_search_first_vehicle,67,67,46,21,0,0,0,0,0,0,0,15,0,0,0,5,0,,,,,,0,,,,,,,,two_tangents_not_visible,,,,,,,0,0,0,0,0,,,,,,,0,,0,,,,0,,,,,,0,0,0,0,
3.210720,1785219427.796738148,search_first_car,50,-29,-29,paper_search_first_vehicle,63,63,44,19,0,0,0,0,0,0,0,16,0,0,0,5,0,,,,,,0,,,,,,,,two_tangents_not_visible,,,,,,,0,0,0,0,0,,,,,,,0,,0,,,,0,,,,,,0,0,0,0,
3.299824,1785219427.907811165,search_first_car,50,-29,-29,paper_search_first_vehicle,61,61,39,22,0,0,0,0,0,0,0,17,0,0,0,5,0,,,,,,0,,,,,,,,two_tangents_not_visible,,,,,,,0,0,0,0,0,,,,,,,0,,0,,,,0,,,,,,0,0,0,0,
3.390212,1785219428.019205093,search_first_car,50,-29,-29,paper_search_first_vehicle,71,71,46,25,0,0,0,0,0,0,0,18,0,0,0,5,0,,,,,,0,,,,,,,,two_tangents_not_visible,,,,,,,0,0,0,0,0,,,,,,,0,,0,,,,0,,,,,,0,0,0,0,
3.484222,1785219428.019205093,search_first_car,50,-29,-29,paper_search_first_vehicle,71,71,46,25,0,0,0,0,0,0,0,18,0,0,0,5,0,,,,,,0,,,,,,,,two_tangents_not_visible,,,,,,,0,0,0,0,0,,,,,,,0,,0,,,,0,,,,,,0,0,0,0,
3.572702,1785219428.131131887,search_first_car,50,-29,-29,paper_search_first_vehicle,64,64,42,22,0,0,0,0,0,0,0,19,0,0,0,5,0,,,,,,0,,,,,,,,two_tangents_not_visible,,,,,,,0,0,0,0,0,,,,,,,0,,0,,,,0,,,,,,0,0,0,0,
3.662549,1785219428.245489836,search_first_car,50,-29,-29,paper_search_first_vehicle,68,68,46,22,0,0,0,0,0,0,0,20,0,0,0,5,0,,,,,,0,,,,,,,,two_tangents_not_visible,,,,,,,0,0,0,0,0,,,,,,,0,,0,,,,0,,,,,,0,0,0,0,
3.752600,1785219428.356597900,search_first_car,50,-29,-29,paper_search_first_vehicle,71,71,50,21,7,0,0,0,0,0,0,21,0,0,0,5,0,,,,,,0,,,,,,,,two_tangents_not_visible,,,,,,,0,0,0,0,0,,,,,,,0,,0,,,,0,,,,,,0,0,0,0,
3.838656,1785219428.468442202,search_first_car,50,-29,-29,paper_search_first_vehicle,72,72,49,23,11,0,0,0,0,0,0,22,0,0,0,5,0,,,,,,0,,,,,,,,two_tangents_not_visible,,,,,,,0,0,0,0,0,,,,,,,0,,0,,,,0,,,,,,0,0,0,0,
3.926870,1785219428.468442202,search_first_car,50,-29,-29,paper_search_first_vehicle,72,72,49,23,11,0,0,0,0,0,0,22,0,0,0,5,0,,,,,,0,,,,,,,,two_tangents_not_visible,,,,,,,0,0,0,0,0,,,,,,,0,,0,,,,0,,,,,,0,0,0,0,
4.016520,1785219428.578586102,search_first_car,50,-29,-29,paper_search_first_vehicle,75,75,53,22,11,0,0,0,0,0,0,23,0,0,0,5,0,,,,,,0,,,,,,,,two_tangents_not_visible,,,,,,,0,0,0,0,0,,,,,,,0,,0,,,,0,,,,,,0,0,0,0,
4.103290,1785219428.691148043,search_first_car,50,-29,-29,paper_search_first_vehicle,72,72,51,21,7,0,0,0,0,0,0,24,0,0,0,5,0,,,,,,0,,,,,,,,two_tangents_not_visible,,,,,,,0,0,0,0,0,,,,,,,0,,0,,,,0,,,,,,0,0,0,0,
4.190984,1785219428.802286148,search_first_car,50,-29,-29,paper_search_first_vehicle,72,72,50,22,0,0,0,0,0,0,0,25,0,0,0,5,0,,,,,,0,,,,,,,,two_tangents_not_visible,,,,,,,0,0,0,0,0,,,,,,,0,,0,,,,0,,,,,,0,0,0,0,
4.278691,1785219428.802286148,search_first_car,50,-29,-29,paper_search_first_vehicle,72,72,50,22,0,0,0,0,0,0,0,25,0,0,0,5,0,,,,,,0,,,,,,,,two_tangents_not_visible,,,,,,,0,0,0,0,0,,,,,,,0,,0,,,,0,,,,,,0,0,0,0,
4.366413,1785219428.916342020,search_first_car,50,-29,-29,paper_search_first_vehicle,72,72,49,23,0,0,0,0,0,0,0,26,0,0,0,5,0,,,,,,0,,,,,,,,two_tangents_not_visible,,,,,,,0,0,0,0,0,,,,,,,0,,0,,,,0,,,,,,0,0,0,0,
4.452994,1785219429.027674198,search_first_car,50,-29,-29,paper_search_first_vehicle,69,69,46,23,0,0,0,0,0,0,0,27,0,0,0,5,0,,,,,,0,,,,,,,,two_tangents_not_visible,,,,,,,0,0,0,0,0,,,,,,,0,,0,,,,0,,,,,,0,0,0,0,
4.544981,1785219429.139266014,search_first_car,50,-29,-29,paper_search_first_vehicle,75,75,53,22,0,0,0,0,0,0,0,28,0,0,0,5,0,,,,,,0,,,,,,,,two_tangents_not_visible,,,,,,,0,0,0,0,0,,,,,,,0,,0,,,,0,,,,,,0,0,0,0,
4.632389,1785219429.251109123,search_first_car,50,-29,-29,paper_search_first_vehicle,81,81,59,22,1,0,0,0,0,0,0,29,0,0,0,5,0,,,,,,0,,,,,,,,two_tangents_not_visible,,,,,,,0,0,0,0,0,,,,,,,0,,0,,,,0,,,,,,0,0,0,0,
4.720279,1785219429.251109123,search_first_car,50,-29,-29,paper_search_first_vehicle,81,81,59,22,1,0,0,0,0,0,0,29,0,0,0,5,0,,,,,,0,,,,,,,,two_tangents_not_visible,,,,,,,0,0,0,0,0,,,,,,,0,,0,,,,0,,,,,,0,0,0,0,
4.807084,1785219429.362365007,search_first_car,50,-29,-29,paper_search_first_vehicle,78,78,56,22,1,0,0,0,0,0,0,30,0,0,0,5,0,,,,,,0,,,,,,,,two_tangents_not_visible,,,,,,,0,0,0,0,0,,,,,,,0,,0,,,,0,,,,,,0,0,0,0,
4.894365,1785219429.476585865,search_first_car,50,-29,-29,paper_search_first_vehicle,76,76,54,22,1,0,0,0,0,0,0,31,0,0,0,5,0,,,,,,0,,,,,,,,two_tangents_not_visible,,,,,,,0,0,0,0,0,,,,,,,0,,0,,,,0,,,,,,0,0,0,0,
4.981421,1785219429.587584019,search_first_car,50,-29,-29,paper_search_first_vehicle,80,80,58,22,1,0,0,0,0,0,0,32,0,0,0,5,0,,,,,,0,,,,,,,,two_tangents_not_visible,,,,,,,0,0,0,0,0,,,,,,,0,,0,,,,0,,,,,,0,0,0,0,
5.073329,1785219429.699277163,search_first_car,50,-29,-29,paper_search_first_vehicle,77,77,55,22,0,0,0,0,0,0,0,33,0,0,0,5,0,,,,,,0,,,,,,,,two_tangents_not_visible,,,,,,,0,0,0,0,0,,,,,,,0,,0,,,,0,,,,,,0,0,0,0,
5.160640,1785219429.699277163,search_first_car,50,-29,-29,paper_search_first_vehicle,77,77,55,22,0,0,0,0,0,0,0,33,0,0,0,5,0,,,,,,0,,,,,,,,two_tangents_not_visible,,,,,,,0,0,0,0,0,,,,,,,0,,0,,,,0,,,,,,0,0,0,0,
5.247777,1785219429.810621977,search_first_car,50,-29,-29,paper_search_first_vehicle,80,80,58,22,0,0,0,0,0,0,0,34,0,0,0,5,0,,,,,,0,,,,,,,,two_tangents_not_visible,,,,,,,0,0,0,0,0,,,,,,,0,,0,,,,0,,,,,,0,0,0,0,
5.336580,1785219429.921905994,search_first_car,50,-29,-29,paper_search_first_vehicle,74,74,54,20,1,0,0,0,0,0,0,35,0,0,0,5,0,,,,,,0,,,,,,,,two_tangents_not_visible,,,,,,,0,0,0,0,0,,,,,,,0,,0,,,,0,,,,,,0,0,0,0,
5.423216,1785219430.036912203,search_first_car,50,-29,-29,paper_search_first_vehicle,65,65,45,20,1,0,0,0,0,0,0,36,0,0,0,5,0,,,,,,0,,,,,,,,two_tangents_not_visible,,,,,,,0,0,0,0,0,,,,,,,0,,0,,,,0,,,,,,0,0,0,0,
5.510309,1785219430.036912203,search_first_car,50,-29,-29,paper_search_first_vehicle,65,65,45,20,1,0,0,0,0,0,0,36,0,0,0,5,0,,,,,,0,,,,,,,,two_tangents_not_visible,,,,,,,0,0,0,0,0,,,,,,,0,,0,,,,0,,,,,,0,0,0,0,
5.603012,1785219430.148133039,search_first_car,50,-29,-29,paper_search_first_vehicle,64,64,44,20,0,0,0,0,0,0,0,37,0,0,0,5,0,,,,,,0,,,,,,,,two_tangents_not_visible,,,,,,,0,0,0,0,0,,,,,,,0,,0,,,,0,,,,,,0,0,0,0,
5.690592,1785219430.259856939,search_first_car,50,-29,-29,paper_search_first_vehicle,60,60,39,21,0,0,0,0,0,0,0,38,0,0,0,5,0,,,,,,0,,,,,,,,two_tangents_not_visible,,,,,,,0,0,0,0,0,,,,,,,0,,0,,,,0,,,,,,0,0,0,0,
5.776457,1785219430.370906115,search_first_car,50,-29,-29,paper_search_first_vehicle,62,62,40,22,0,0,0,0,0,0,0,39,0,0,0,5,0,,,,,,0,,,,,,,,two_tangents_not_visible,,,,,,,0,0,0,0,0,,,,,,,0,,0,,,,0,,,,,,0,0,0,0,
5.862531,1785219430.482142925,search_first_car,50,-29,-29,paper_search_first_vehicle,64,64,39,25,0,0,0,0,0,0,0,40,0,0,0,5,0,,,,,,0,,,,,,,,two_tangents_not_visible,,,,,,,0,0,0,0,0,,,,,,,0,,0,,,,0,,,,,,0,0,0,0,
5.949856,1785219430.482142925,search_first_car,50,-29,-29,paper_search_first_vehicle,64,64,39,25,0,0,0,0,0,0,0,40,0,0,0,5,0,,,,,,0,,,,,,,,two_tangents_not_visible,,,,,,,0,0,0,0,0,,,,,,,0,,0,,,,0,,,,,,0,0,0,0,
6.035972,1785219430.596746922,search_first_car,50,-29,-29,paper_search_first_vehicle,64,64,41,23,2,0,0,0,0,0,0,41,0,0,0,5,0,,,,,,0,,,,,,,,two_tangents_not_visible,,,,,,,0,0,0,0,0,,,,,,,0,,0,,,,0,,,,,,0,0,0,0,
6.127622,1785219430.708378792,search_first_car,50,-29,-29,paper_search_first_vehicle,66,66,42,24,1,0,0,0,0,0,0,42,0,0,0,5,0,,,,,,0,,,,,,,,two_tangents_not_visible,,,,,,,0,0,0,0,0,,,,,,,0,,0,,,,0,,,,,,0,0,0,0,
6.214969,1785219430.819335938,search_first_car,50,-29,-29,paper_search_first_vehicle,56,56,31,25,1,0,0,0,0,0,0,43,0,0,0,5,0,,,,,,0,,,,,,,,two_tangents_not_visible,,,,,,,0,0,0,0,0,,,,,,,0,,0,,,,0,,,,,,0,0,0,0,
6.302351,1785219430.930947065,search_first_car,50,-29,-29,paper_search_first_vehicle,65,65,42,23,1,0,0,0,0,0,0,44,0,0,0,5,0,,,,,,0,,,,,,,,two_tangents_not_visible,,,,,,,0,0,0,0,0,,,,,,,0,,0,,,,0,,,,,,0,0,0,0,
6.385060,1785219430.930947065,search_first_car,50,-29,-29,paper_search_first_vehicle,65,65,42,23,1,0,0,0,0,0,0,44,0,0,0,5,0,,,,,,0,,,,,,,,two_tangents_not_visible,,,,,,,0,0,0,0,0,,,,,,,0,,0,,,,0,,,,,,0,0,0,0,
6.468517,1785219431.042040110,search_first_car,50,-29,-29,paper_search_first_vehicle,56,56,38,18,1,0,0,0,0,0,0,45,0,0,0,5,0,,,,,,0,,,,,,,,two_tangents_not_visible,,,,,,,0,0,0,0,0,,,,,,,0,,0,,,,0,,,,,,0,0,0,0,
6.555161,1785219431.154018164,search_first_car,50,-29,-29,paper_search_first_vehicle,65,65,43,22,0,0,0,0,0,0,0,46,0,0,0,5,0,,,,,,0,,,,,,,,two_tangents_not_visible,,,,,,,0,0,0,0,0,,,,,,,0,,0,,,,0,,,,,,0,0,0,0,
6.648131,1785219431.268577099,search_first_car,50,-29,-29,paper_search_first_vehicle,63,63,45,18,0,0,0,0,0,0,0,47,0,0,0,5,0,,,,,,0,,,,,,,,two_tangents_not_visible,,,,,,,0,0,0,0,0,,,,,,,0,,0,,,,0,,,,,,0,0,0,0,
6.735784,1785219431.268577099,search_first_car,50,-29,-29,paper_search_first_vehicle,63,63,45,18,0,0,0,0,0,0,0,47,0,0,0,5,0,,,,,,0,,,,,,,,two_tangents_not_visible,,,,,,,0,0,0,0,0,,,,,,,0,,0,,,,0,,,,,,0,0,0,0,
6.823736,1785219431.380067110,search_first_car,50,-29,-29,paper_search_first_vehicle,69,69,50,19,0,0,0,0,0,0,0,48,0,0,0,5,0,,,,,,0,,,,,,,,two_tangents_not_visible,,,,,,,0,0,0,0,0,,,,,,,0,,0,,,,0,,,,,,0,0,0,0,
6.910059,1785219431.491089821,search_first_car,50,-29,-29,paper_search_first_vehicle,69,69,49,20,0,0,0,0,0,0,0,49,0,0,0,5,0,,,,,,0,,,,,,,,two_tangents_not_visible,,,,,,,0,0,0,0,0,,,,,,,0,,0,,,,0,,,,,,0,0,0,0,
6.993880,1785219431.601797819,search_first_car,50,-29,-29,paper_search_first_vehicle,70,70,50,20,0,0,0,0,0,0,0,50,0,0,0,5,0,,,,,,0,,,,,,,,two_tangents_not_visible,,,,,,,0,0,0,0,0,,,,,,,0,,0,,,,0,,,,,,0,0,0,0,
7.082388,1785219431.601797819,search_first_car,50,-29,-29,paper_search_first_vehicle,70,70,50,20,0,0,0,0,0,0,0,50,0,0,0,5,0,,,,,,0,,,,,,,,two_tangents_not_visible,,,,,,,0,0,0,0,0,,,,,,,0,,0,,,,0,,,,,,0,0,0,0,
7.173314,1785219431.716346025,search_first_car,50,-29,-29,paper_search_first_vehicle,70,70,48,22,0,0,0,0,0,0,0,51,0,0,0,5,0,,,,,,0,,,,,,,,two_tangents_not_visible,,,,,,,0,0,0,0,0,,,,,,,0,,0,,,,0,,,,,,0,0,0,0,
7.261000,1785219431.828119040,search_first_car,50,-29,-29,paper_search_first_vehicle,61,61,42,19,0,0,0,0,0,0,0,52,0,0,0,5,0,,,,,,0,,,,,,,,two_tangents_not_visible,,,,,,,0,0,0,0,0,,,,,,,0,,0,,,,0,,,,,,0,0,0,0,
7.346684,1785219431.941434860,search_first_car,50,-29,-29,paper_search_first_vehicle,66,66,45,21,0,0,0,0,0,0,0,53,0,0,0,5,0,,,,,,0,,,,,,,,two_tangents_not_visible,,,,,,,0,0,0,0,0,,,,,,,0,,0,,,,0,,,,,,0,0,0,0,
7.434429,1785219432.050982952,search_first_car,50,-29,-29,paper_search_first_vehicle,58,58,38,20,0,0,0,0,0,0,0,54,0,0,0,5,0,,,,,,0,,,,,,,,two_tangents_not_visible,,,,,,,0,0,0,0,0,,,,,,,0,,0,,,,0,,,,,,0,0,0,0,
7.521879,1785219432.050982952,search_first_car,50,-29,-29,paper_search_first_vehicle,58,58,38,20,0,0,0,0,0,0,0,54,0,0,0,5,0,,,,,,0,,,,,,,,two_tangents_not_visible,,,,,,,0,0,0,0,0,,,,,,,0,,0,,,,0,,,,,,0,0,0,0,
7.610123,1785219432.162612915,search_first_car,50,-29,-29,paper_search_first_vehicle,56,56,36,20,0,0,0,0,0,0,0,55,0,0,0,5,0,,,,,,0,,,,,,,,two_tangents_not_visible,,,,,,,0,0,0,0,0,,,,,,,0,,0,,,,0,,,,,,0,0,0,0,
7.701717,1785219432.273410082,search_first_car,50,-29,-29,paper_search_first_vehicle,56,56,38,18,0,0,0,0,0,0,0,56,0,0,0,5,0,,,,,,0,,,,,,,,two_tangents_not_visible,,,,,,,0,0,0,0,0,,,,,,,0,,0,,,,0,,,,,,0,0,0,0,
7.787552,1785219432.387749910,search_first_car,50,-29,-29,paper_search_first_vehicle,52,52,33,19,0,0,0,0,0,0,0,57,0,0,0,5,0,,,,,,0,,,,,,,,two_tangents_not_visible,,,,,,,0,0,0,0,0,,,,,,,0,,0,,,,0,,,,,,0,0,0,0,
7.875101,1785219432.499722004,search_first_car,50,-29,-29,paper_search_first_vehicle,50,50,32,18,0,0,0,0,0,0,0,58,0,0,0,5,0,,,,,,0,,,,,,,,two_tangents_not_visible,,,,,,,0,0,0,0,0,,,,,,,0,,0,,,,0,,,,,,0,0,0,0,
7.963881,1785219432.499722004,search_first_car,50,-29,-29,paper_search_first_vehicle,50,50,32,18,0,0,0,0,0,0,0,58,0,0,0,5,0,,,,,,0,,,,,,,,two_tangents_not_visible,,,,,,,0,0,0,0,0,,,,,,,0,,0,,,,0,,,,,,0,0,0,0,
8.052296,1785219432.610961914,search_first_car,50,-29,-29,paper_search_first_vehicle,52,52,34,18,0,0,0,0,0,0,0,59,0,0,0,5,0,,,,,,0,,,,,,,,two_tangents_not_visible,,,,,,,0,0,0,0,0,,,,,,,0,,0,,,,0,,,,,,0,0,0,0,
8.140060,1785219432.721840143,search_first_car,50,-29,-29,paper_search_first_vehicle,41,41,23,18,0,0,0,0,0,0,0,60,0,0,0,5,0,,,,,,0,,,,,,,,two_tangents_not_visible,,,,,,,0,0,0,0,0,,,,,,,0,,0,,,,0,,,,,,0,0,0,0,
8.231616,1785219432.836891890,search_first_car,50,-29,-29,paper_search_first_vehicle,39,39,21,18,0,0,0,0,0,0,0,61,0,0,0,5,0,,,,,,0,,,,,,,,two_tangents_not_visible,,,,,,,0,0,0,0,0,,,,,,,0,,0,,,,0,,,,,,0,0,0,0,
8.318997,1785219432.947813988,search_first_car,50,-29,-29,paper_search_first_vehicle,35,35,17,18,0,0,0,0,0,0,0,62,0,0,0,5,0,,,,,,0,,,,,,,,two_tangents_not_visible,,,,,,,0,0,0,0,0,,,,,,,0,,0,,,,0,,,,,,0,0,0,0,
8.405490,1785219432.947813988,search_first_car,50,-29,-29,paper_search_first_vehicle,35,35,17,18,0,0,0,0,0,0,0,62,0,0,0,5,0,,,,,,0,,,,,,,,two_tangents_not_visible,,,,,,,0,0,0,0,0,,,,,,,0,,0,,,,0,,,,,,0,0,0,0,
8.492993,1785219433.059675932,search_first_car,50,-29,-29,paper_search_first_vehicle,34,34,19,15,0,0,0,0,0,0,0,63,0,0,0,5,0,,,,,,0,,,,,,,,two_tangents_not_visible,,,,,,,0,0,0,0,0,,,,,,,0,,0,,,,0,,,,,,0,0,0,0,
8.580287,1785219433.171339035,search_first_car,50,-29,-29,paper_search_first_vehicle,36,36,17,19,0,0,0,0,0,0,0,64,0,0,0,5,0,,,,,,0,,,,,,,,two_tangents_not_visible,,,,,,,0,0,0,0,0,,,,,,,0,,0,,,,0,,,,,,0,0,0,0,
8.668209,1785219433.282308102,search_first_car,50,-29,-29,paper_search_first_vehicle,36,36,16,20,0,0,0,0,0,0,0,65,0,0,0,5,0,,,,,,0,,,,,,,,two_tangents_not_visible,,,,,,,0,0,0,0,0,,,,,,,0,,0,,,,0,,,,,,0,0,0,0,
8.760763,1785219433.282308102,search_first_car,50,-29,-29,paper_search_first_vehicle,36,36,16,20,0,0,0,0,0,0,0,65,0,0,0,5,0,,,,,,0,,,,,,,,two_tangents_not_visible,,,,,,,0,0,0,0,0,,,,,,,0,,0,,,,0,,,,,,0,0,0,0,
8.848571,1785219433.397644043,search_first_car,50,-29,-29,paper_search_first_vehicle,27,27,9,18,0,0,0,0,0,0,0,66,0,0,0,5,0,,,,,,0,,,,,,,,two_tangents_not_visible,,,,,,,0,0,0,0,0,,,,,,,0,,0,,,,0,,,,,,0,0,0,0,
8.937438,1785219433.508240938,search_first_car,50,-29,-29,paper_search_first_vehicle,38,38,19,19,0,0,0,0,0,0,0,67,0,0,0,5,0,,,,,,0,,,,,,,,two_tangents_not_visible,,,,,,,0,0,0,0,0,,,,,,,0,,0,,,,0,,,,,,0,0,0,0,
9.025651,1785219433.619431019,search_first_car,50,-29,-29,paper_search_first_vehicle,31,31,13,18,0,0,0,0,0,0,0,68,0,0,0,5,0,,,,,,0,,,,,,,,two_tangents_not_visible,,,,,,,0,0,0,0,0,,,,,,,0,,0,,,,0,,,,,,0,0,0,0,
9.113484,1785219433.731700897,search_first_car,50,-29,-29,paper_search_first_vehicle,27,27,11,16,0,0,0,0,0,0,0,69,0,0,0,5,0,,,,,,0,,,,,,,,two_tangents_not_visible,,,,,,,0,0,0,0,0,,,,,,,0,,0,,,,0,,,,,,0,0,0,0,
9.201902,1785219433.731700897,search_first_car,50,-29,-29,paper_search_first_vehicle,27,27,11,16,0,0,0,0,0,0,0,69,0,0,0,5,0,,,,,,0,,,,,,,,two_tangents_not_visible,,,,,,,0,0,0,0,0,,,,,,,0,,0,,,,0,,,,,,0,0,0,0,
9.294432,1785219433.842188120,search_first_car,50,-29,-29,paper_search_first_vehicle,35,35,14,21,0,0,0,0,0,0,0,70,0,0,0,5,0,,,,,,0,,,,,,,,two_tangents_not_visible,,,,,,,0,0,0,0,0,,,,,,,0,,0,,,,0,,,,,,0,0,0,0,
9.380482,1785219433.957446814,search_first_car,50,-29,-29,paper_search_first_vehicle,36,36,18,18,1,0,0,0,0,0,0,71,0,0,0,5,0,,,,,,0,,,,,,,,two_tangents_not_visible,,,,,,,0,0,0,0,0,,,,,,,0,,0,,,,0,,,,,,0,0,0,0,
9.467853,1785219434.068261147,search_first_car,50,-29,-29,paper_search_first_vehicle,27,27,9,18,1,0,0,0,0,0,0,72,0,0,0,5,0,,,,,,0,,,,,,,,two_tangents_not_visible,,,,,,,0,0,0,0,0,,,,,,,0,,0,,,,0,,,,,,0,0,0,0,
9.555479,1785219434.180358887,search_first_car,50,-29,-29,paper_search_first_vehicle,37,37,17,20,1,0,0,0,0,0,0,73,0,0,0,5,0,,,,,,0,,,,,,,,two_tangents_not_visible,,,,,,,0,0,0,0,0,,,,,,,0,,0,,,,0,,,,,,0,0,0,0,
9.642373,1785219434.180358887,search_first_car,50,-29,-29,paper_search_first_vehicle,37,37,17,20,1,0,0,0,0,0,0,73,0,0,0,5,0,,,,,,0,,,,,,,,two_tangents_not_visible,,,,,,,0,0,0,0,0,,,,,,,0,,0,,,,0,,,,,,0,0,0,0,
9.731171,1785219434.290966988,search_first_car,50,-29,-29,paper_search_first_vehicle,30,30,12,18,1,0,0,0,0,0,0,74,0,0,0,5,0,,,,,,0,,,,,,,,two_tangents_not_visible,,,,,,,0,0,0,0,0,,,,,,,0,,0,,,,0,,,,,,0,0,0,0,
9.823557,1785219434.403213024,search_first_car,50,-29,-29,paper_search_first_vehicle,27,27,12,15,1,0,0,0,0,0,0,75,0,0,0,5,0,,,,,,0,,,,,,,,two_tangents_not_visible,,,,,,,0,0,0,0,0,,,,,,,0,,0,,,,0,,,,,,0,0,0,0,
9.910676,1785219434.517637968,search_first_car,50,-29,-29,paper_search_first_vehicle,27,27,10,17,1,0,0,0,0,0,0,76,0,0,0,5,0,,,,,,0,,,,,,,,two_tangents_not_visible,,,,,,,0,0,0,0,0,,,,,,,0,,0,,,,0,,,,,,0,0,0,0,
9.994956,1785219434.517637968,search_first_car,50,-29,-29,paper_search_first_vehicle,27,27,10,17,1,0,0,0,0,0,0,76,0,0,0,5,0,,,,,,0,,,,,,,,two_tangents_not_visible,,,,,,,0,0,0,0,0,,,,,,,0,,0,,,,0,,,,,,0,0,0,0,
10.082672,1785219434.628820896,search_first_car,50,-29,-29,paper_search_first_vehicle,30,30,12,18,1,0,0,0,0,0,0,77,0,0,0,5,0,,,,,,0,,,,,,,,two_tangents_not_visible,,,,,,,0,0,0,0,0,,,,,,,0,,0,,,,0,,,,,,0,0,0,0,
10.170203,1785219434.740131140,search_first_car,50,-29,-29,paper_search_first_vehicle,25,25,9,16,1,0,0,0,0,0,0,78,0,0,0,5,0,,,,,,0,,,,,,,,two_tangents_not_visible,,,,,,,0,0,0,0,0,,,,,,,0,,0,,,,0,,,,,,0,0,0,0,
10.256366,1785219434.851478100,search_first_car,50,-29,-29,paper_search_first_vehicle,23,23,7,16,1,0,0,0,0,0,0,79,0,0,0,5,0,,,,,,0,,,,,,,,two_tangents_not_visible,,,,,,,0,0,0,0,0,,,,,,,0,,0,,,,0,,,,,,0,0,0,0,
10.347647,1785219434.962393045,search_first_car,50,-29,-29,paper_search_first_vehicle,20,20,7,13,2,1,0,0,0,0,0,80,0,0,0,5,1,-67.312500,-39.265625,-53.289062,3106.500000,3109.000000,0,,,,,,,,two_tangents_not_visible,,,,,,,0,0,0,0,0,,,,,,,0,,0,,,,0,,,,,,0,0,0,0,
10.433829,1785219434.962393045,search_first_car,50,-29,-29,paper_search_first_vehicle,20,20,7,13,2,1,0,0,0,0,0,80,0,0,0,5,1,-67.312500,-39.265625,-53.289062,3106.500000,3109.000000,0,,,,,,,,two_tangents_not_visible,,,,,,,0,0,0,0,0,,,,,,,0,,0,,,,0,,,,,,0,0,0,0,
10.521915,1785219435.076771021,search_first_car,50,-29,-29,paper_search_first_vehicle,22,22,7,15,1,0,0,0,0,0,0,81,0,0,0,5,0,,,,,,0,,,,,,,,two_tangents_not_visible,,,,,,,0,0,0,0,0,,,,,,,0,,0,,,,0,,,,,,0,0,0,0,
10.607996,1785219435.188163042,search_first_car,50,-29,-29,paper_search_first_vehicle,24,24,7,17,0,0,0,0,0,0,0,82,0,0,0,5,0,,,,,,0,,,,,,,,two_tangents_not_visible,,,,,,,0,0,0,0,0,,,,,,,0,,0,,,,0,,,,,,0,0,0,0,
10.694514,1785219435.300082922,search_first_car,50,-29,-29,paper_search_first_vehicle,26,26,8,18,0,0,0,0,0,0,0,83,0,0,0,5,0,,,,,,0,,,,,,,,two_tangents_not_visible,,,,,,,0,0,0,0,0,,,,,,,0,,0,,,,0,,,,,,0,0,0,0,
10.781327,1785219435.411929131,search_first_car,50,-29,-29,paper_search_first_vehicle,23,23,9,14,0,0,0,0,0,0,0,84,0,0,0,5,0,,,,,,0,,,,,,,,two_tangents_not_visible,,,,,,,0,0,0,0,0,,,,,,,0,,0,,,,0,,,,,,0,0,0,0,
10.873239,1785219435.411929131,search_first_car,50,-29,-29,paper_search_first_vehicle,23,23,9,14,0,0,0,0,0,0,0,84,0,0,0,5,0,,,,,,0,,,,,,,,two_tangents_not_visible,,,,,,,0,0,0,0,0,,,,,,,0,,0,,,,0,,,,,,0,0,0,0,
10.960957,1785219435.526488066,search_first_car,50,-29,-29,paper_search_first_vehicle,27,27,11,16,0,0,0,0,0,0,0,85,0,0,0,5,0,,,,,,0,,,,,,,,two_tangents_not_visible,,,,,,,0,0,0,0,0,,,,,,,0,,0,,,,0,,,,,,0,0,0,0,
11.045859,1785219435.637181997,search_first_car,50,-29,-29,paper_search_first_vehicle,24,24,10,14,1,0,0,0,0,0,0,86,0,0,0,5,0,,,,,,0,,,,,,,,two_tangents_not_visible,,,,,,,0,0,0,0,0,,,,,,,0,,0,,,,0,,,,,,0,0,0,0,
11.132302,1785219435.748815775,search_first_car,50,-29,-29,paper_search_first_vehicle,19,19,5,14,1,0,0,0,0,0,0,87,0,0,0,5,0,,,,,,0,,,,,,,,two_tangents_not_visible,,,,,,,0,0,0,0,0,,,,,,,0,,0,,,,0,,,,,,0,0,0,0,
11.218903,1785219435.748815775,search_first_car,50,-29,-29,paper_search_first_vehicle,19,19,5,14,1,0,0,0,0,0,0,87,0,0,0,5,0,,,,,,0,,,,,,,,two_tangents_not_visible,,,,,,,0,0,0,0,0,,,,,,,0,,0,,,,0,,,,,,0,0,0,0,
11.307130,1785219435.860172987,search_first_car,50,-29,-29,paper_search_first_vehicle,18,18,6,12,0,0,0,0,0,0,0,88,0,0,0,5,0,,,,,,0,,,,,,,,two_tangents_not_visible,,,,,,,0,0,0,0,0,,,,,,,0,,0,,,,0,,,,,,0,0,0,0,
11.399005,1785219435.970866919,search_first_car,50,-29,-29,paper_search_first_vehicle,28,28,8,20,0,0,0,0,0,0,0,89,0,0,0,5,0,,,,,,0,,,,,,,,two_tangents_not_visible,,,,,,,0,0,0,0,0,,,,,,,0,,0,,,,0,,,,,,0,0,0,0,
11.486356,1785219436.086640835,search_first_car,50,-29,-29,paper_search_first_vehicle,22,22,9,13,0,0,0,0,0,0,0,90,0,0,0,5,0,,,,,,0,,,,,,,,two_tangents_not_visible,,,,,,,0,0,0,0,0,,,,,,,0,,0,,,,0,,,,,,0,0,0,0,
11.573059,1785219436.197967768,search_first_car,50,-29,-29,paper_search_first_vehicle,22,22,8,14,0,0,0,0,0,0,0,91,0,0,0,5,0,,,,,,0,,,,,,,,two_tangents_not_visible,,,,,,,0,0,0,0,0,,,,,,,0,,0,,,,0,,,,,,0,0,0,0,
11.660807,1785219436.197967768,search_first_car,50,-29,-29,paper_search_first_vehicle,22,22,8,14,0,0,0,0,0,0,0,91,0,0,0,5,0,,,,,,0,,,,,,,,two_tangents_not_visible,,,,,,,0,0,0,0,0,,,,,,,0,,0,,,,0,,,,,,0,0,0,0,
11.748017,1785219436.309122086,search_first_car,50,-29,-29,paper_search_first_vehicle,21,21,9,12,0,0,0,0,0,0,0,92,0,0,0,5,0,,,,,,0,,,,,,,,two_tangents_not_visible,,,,,,,0,0,0,0,0,,,,,,,0,,0,,,,0,,,,,,0,0,0,0,
11.836570,1785219436.419872046,search_first_car,50,-29,-29,paper_search_first_vehicle,18,18,8,10,0,0,0,0,0,0,0,93,0,0,0,5,0,,,,,,0,,,,,,,,two_tangents_not_visible,,,,,,,0,0,0,0,0,,,,,,,0,,0,,,,0,,,,,,0,0,0,0,
11.928422,1785219436.531337023,search_first_car,50,-29,-29,paper_search_first_vehicle,22,22,11,11,0,0,0,0,0,0,0,94,0,0,0,5,0,,,,,,0,,,,,,,,two_tangents_not_visible,,,,,,,0,0,0,0,0,,,,,,,0,,0,,,,0,,,,,,0,0,0,0,
12.013918,1785219436.531337023,search_first_car,50,-29,-29,paper_search_first_vehicle,22,22,11,11,0,0,0,0,0,0,0,94,0,0,0,5,0,,,,,,0,,,,,,,,two_tangents_not_visible,,,,,,,0,0,0,0,0,,,,,,,0,,0,,,,0,,,,,,0,0,0,0,
12.101287,1785219436.646442890,search_first_car,50,-29,-29,paper_search_first_vehicle,21,21,9,12,0,0,0,0,0,0,0,95,0,0,0,5,0,,,,,,0,,,,,,,,two_tangents_not_visible,,,,,,,0,0,0,0,0,,,,,,,0,,0,,,,0,,,,,,0,0,0,0,
12.188449,1785219436.757230997,search_first_car,50,-29,-29,paper_search_first_vehicle,23,23,10,13,0,0,0,0,0,0,0,96,0,0,0,5,0,,,,,,0,,,,,,,,two_tangents_not_visible,,,,,,,0,0,0,0,0,,,,,,,0,,0,,,,0,,,,,,0,0,0,0,
12.274808,1785219436.869333029,search_first_car,50,-29,-29,paper_search_first_vehicle,20,20,9,11,0,0,0,0,0,0,0,97,0,0,0,5,0,,,,,,0,,,,,,,,two_tangents_not_visible,,,,,,,0,0,0,0,0,,,,,,,0,,0,,,,0,,,,,,0,0,0,0,
12.363487,1785219436.980259180,search_first_car,50,-29,-29,paper_search_first_vehicle,20,20,9,11,0,0,0,0,0,0,0,98,0,0,0,5,0,,,,,,0,,,,,,,,two_tangents_not_visible,,,,,,,0,0,0,0,0,,,,,,,0,,0,,,,0,,,,,,0,0,0,0,
12.456166,1785219436.980259180,search_first_car,50,-29,-29,paper_search_first_vehicle,20,20,9,11,0,0,0,0,0,0,0,98,0,0,0,5,0,,,,,,0,,,,,,,,two_tangents_not_visible,,,,,,,0,0,0,0,0,,,,,,,0,,0,,,,0,,,,,,0,0,0,0,
12.543406,1785219437.091372013,search_first_car,50,-29,-29,paper_search_first_vehicle,24,24,10,14,0,0,0,0,0,0,0,99,0,0,0,5,0,,,,,,0,,,,,,,,two_tangents_not_visible,,,,,,,0,0,0,0,0,,,,,,,0,,0,,,,0,,,,,,0,0,0,0,
12.631313,1785219437.206821918,search_first_car,50,-29,-29,paper_search_first_vehicle,21,21,10,11,0,0,0,0,0,0,0,100,0,0,0,5,0,,,,,,0,,,,,,,,two_tangents_not_visible,,,,,,,0,0,0,0,0,,,,,,,0,,0,,,,0,,,,,,0,0,0,0,
12.717766,1785219437.317996025,search_first_car,50,-29,-29,paper_search_first_vehicle,26,26,12,14,0,0,0,0,0,0,0,101,0,0,0,5,0,,,,,,0,,,,,,,,two_tangents_not_visible,,,,,,,0,0,0,0,0,,,,,,,0,,0,,,,0,,,,,,0,0,0,0,
12.804530,1785219437.429210186,search_first_car,50,-29,-29,paper_search_first_vehicle,28,28,16,12,2,0,0,0,0,0,0,102,0,0,0,5,0,,,,,,0,,,,,,,,two_tangents_not_visible,,,,,,,0,0,0,0,0,,,,,,,0,,0,,,,0,,,,,,0,0,0,0,
12.892388,1785219437.429210186,search_first_car,50,-29,-29,paper_search_first_vehicle,28,28,16,12,2,0,0,0,0,0,0,102,0,0,0,5,0,,,,,,0,,,,,,,,two_tangents_not_visible,,,,,,,0,0,0,0,0,,,,,,,0,,0,,,,0,,,,,,0,0,0,0,
12.982402,1785219437.540457010,search_first_car,50,-29,-29,paper_search_first_vehicle,22,22,7,15,2,0,0,0,0,0,0,103,0,0,0,5,0,,,,,,0,,,,,,,,two_tangents_not_visible,,,,,,,0,0,0,0,0,,,,,,,0,,0,,,,0,,,,,,0,0,0,0,
13.067871,1785219437.651294947,search_first_car,50,-29,-29,paper_search_first_vehicle,20,20,8,12,2,0,0,0,0,0,0,104,0,0,0,5,0,,,,,,0,,,,,,,,two_tangents_not_visible,,,,,,,0,0,0,0,0,,,,,,,0,,0,,,,0,,,,,,0,0,0,0,
13.155029,1785219437.766644001,search_first_car,50,-29,-29,paper_search_first_vehicle,21,21,8,13,2,0,0,0,0,0,0,105,0,0,0,5,0,,,,,,0,,,,,,,,two_tangents_not_visible,,,,,,,0,0,0,0,0,,,,,,,0,,0,,,,0,,,,,,0,0,0,0,
13.242394,1785219437.766644001,search_first_car,50,-29,-29,paper_search_first_vehicle,21,21,8,13,2,0,0,0,0,0,0,105,0,0,0,5,0,,,,,,0,,,,,,,,two_tangents_not_visible,,,,,,,0,0,0,0,0,,,,,,,0,,0,,,,0,,,,,,0,0,0,0,
13.330466,1785219437.877620935,search_first_car,50,-29,-29,paper_search_first_vehicle,15,15,6,9,2,0,0,0,0,0,0,106,0,0,0,5,0,,,,,,0,,,,,,,,two_tangents_not_visible,,,,,,,0,0,0,0,0,,,,,,,0,,0,,,,0,,,,,,0,0,0,0,
13.418940,1785219437.988898993,search_first_car,50,-29,-29,paper_search_first_vehicle,19,19,7,12,0,0,0,0,0,0,0,107,0,0,0,5,0,,,,,,0,,,,,,,,two_tangents_not_visible,,,,,,,0,0,0,0,0,,,,,,,0,,0,,,,0,,,,,,0,0,0,0,
13.510660,1785219438.100475788,search_first_car,50,-29,-29,paper_search_first_vehicle,22,22,10,12,1,0,0,0,0,0,0,108,0,0,0,5,0,,,,,,0,,,,,,,,two_tangents_not_visible,,,,,,,0,0,0,0,0,,1993.750000,,,,,0,,0,,,,0,,,,,,0,0,0,0,
13.598040,1785219438.211930037,search_first_car,50,-29,-29,paper_search_first_vehicle,14,14,4,10,2,1,0,0,0,0,0,109,0,0,0,5,1,-31.734375,99.406250,33.835938,3028.250000,1975.250000,0,,,,,,,,two_tangents_not_visible,,,,,,,0,0,0,0,0,,1975.250000,,,,,0,,0,,,,0,,,,,,0,0,0,0,
13.684607,1785219438.211930037,search_first_car,50,-29,-29,paper_search_first_vehicle,14,14,4,10,2,1,0,0,0,0,0,109,0,0,0,5,1,-31.734375,99.406250,33.835938,3028.250000,1975.250000,0,,,,,,,,two_tangents_not_visible,,,,,,,0,0,0,0,0,,1975.250000,,,,,0,,0,,,,0,,,,,,0,0,0,0,
13.772104,1785219438.326318026,search_first_car,50,-29,-29,paper_search_first_vehicle,19,19,7,12,1,0,0,0,0,0,0,110,0,0,0,5,0,,,,,,0,,,,,,,,two_tangents_not_visible,,,,,,,0,0,0,0,0,,1953.750000,,,,,0,,0,,,,0,,,,,,0,0,0,0,
13.859748,1785219438.438215017,search_first_car,50,-29,-29,paper_search_first_vehicle,21,21,7,14,1,0,0,0,0,0,0,111,0,0,0,5,0,,,,,,0,,,,,,,,two_tangents_not_visible,,,,,,,0,0,0,0,0,,1952.000000,,,,,0,,0,,,,0,,,,,,0,0,0,0,
13.946110,1785219438.549463987,search_first_car,50,-29,-29,paper_search_first_vehicle,22,22,9,13,2,1,0,0,1,3,1,0,0,0,0,5,1,-31.125000,96.796875,32.835938,3124.250000,1960.250000,0,,,,,,,,two_tangents_not_visible,,,,,,,0,0,0,0,0,,1947.500000,,,,,0,,0,,,,0,,,,,,0,0,0,0,
14.038378,1785219438.660234928,search_open_space,50,-29,-29,paper_first_vehicle_counted,20,20,8,12,1,0,1,1,1,3,2,0,1,0,0,5,0,,,,,,0,,,,,,,,two_tangents_not_visible,,,,,,,0,0,0,0,0,,1949.750000,,,,,0,,0,,,,0,,,,,,0,0,0,0,
14.125438,1785219438.660234928,search_open_space,50,-29,-29,paper_passing_first_vehicle,20,20,8,12,1,0,1,1,1,3,2,0,1,0,0,5,0,,,,,,0,,,,,,,,two_tangents_not_visible,,,,,,,0,0,0,0,0,,1949.750000,,,,,0,,0,,,,0,,,,,,0,0,0,0,
14.211938,1785219438.771845818,search_open_space,50,-29,-29,paper_passing_first_vehicle,23,23,8,15,1,0,1,1,1,3,3,0,1,0,0,5,0,,,,,,0,,,,,,,,two_tangents_not_visible,,,,,,,0,0,0,0,0,,1953.750000,,,,,0,,0,,,,0,,,,,,0,0,0,0,
14.299968,1785219438.883285999,search_open_space,50,-29,-29,paper_passing_first_vehicle,25,25,8,17,2,1,1,1,1,3,4,0,1,0,0,5,1,-61.718750,96.078125,17.179688,2995.250000,1962.000000,0,,,,,,,,two_tangents_not_visible,,,,,,,0,0,0,0,0,,1962.000000,,,,,0,,0,,,,0,,,,,,0,0,0,0,
14.387837,1785219438.998360157,search_open_space,50,-29,-29,paper_passing_first_vehicle,17,17,6,11,2,1,1,1,1,3,5,0,1,0,0,5,1,-61.718750,95.515625,16.898438,2995.250000,1951.000000,0,,,,,,,,two_tangents_not_visible,,,,,,,0,0,0,0,0,,1951.000000,,,,,0,,0,,,,0,,,,,,0,0,0,0,
14.474757,1785219438.998360157,search_open_space,50,-29,-29,paper_passing_first_vehicle,17,17,6,11,2,1,1,1,1,3,5,0,1,0,0,5,1,-61.718750,95.515625,16.898438,2995.250000,1951.000000,0,,,,,,,,two_tangents_not_visible,,,,,,,0,0,0,0,0,,1951.000000,,,,,0,,0,,,,0,,,,,,0,0,0,0,
14.567976,1785219439.108850956,search_open_space,50,-29,-29,paper_passing_first_vehicle,22,22,9,13,2,1,1,1,1,3,6,0,1,0,0,5,1,-60.343750,95.515625,17.585938,2963.250000,1951.000000,0,,,,,,,,two_tangents_not_visible,,,,,,,0,0,0,0,0,,1955.250000,,,,,0,,0,,,,0,,,,,,0,0,0,0,
14.655368,1785219439.221024990,search_open_space,50,-29,-29,paper_passing_first_vehicle,17,17,5,12,2,1,1,1,1,3,7,0,1,0,0,5,1,-60.343750,95.515625,17.585938,2963.250000,1951.000000,0,,,,,,,,two_tangents_not_visible,,,,,,,0,0,0,0,0,,1958.250000,,,,,0,,0,,,,0,,,,,,0,0,0,0,
14.742555,1785219439.332007885,search_open_space,50,-29,-29,paper_passing_first_vehicle,20,20,7,13,2,1,1,1,1,3,8,0,1,0,0,5,1,-60.343750,95.515625,17.585938,2963.250000,1951.000000,0,,,,,,,,two_tangents_not_visible,,,,,,,0,0,0,0,0,,1934.250000,,,,,0,,0,,,,0,,,,,,0,0,0,0,
14.830796,1785219439.446266174,search_open_space,50,-29,-29,paper_passing_first_vehicle,22,22,8,14,2,1,1,1,1,3,9,0,1,0,0,5,1,-55.078125,94.265625,19.593750,3100.750000,1971.000000,0,,,,,,,,two_tangents_not_visible,,,,,,,0,0,0,0,0,,1953.250000,,,,,0,,0,,,,0,,,,,,0,0,0,0,
14.918876,1785219439.446266174,search_open_space,50,-29,-29,paper_passing_first_vehicle,22,22,8,14,2,1,1,1,1,3,9,0,1,0,0,5,1,-55.078125,94.265625,19.593750,3100.750000,1971.000000,0,,,,,,,,two_tangents_not_visible,,,,,,,0,0,0,0,0,,1953.250000,,,,,0,,0,,,,0,,,,,,0,0,0,0,
15.005424,1785219439.557981014,search_open_space,50,-29,-29,paper_passing_first_vehicle,21,21,7,14,2,1,1,1,1,4,10,0,1,0,0,5,1,-55.078125,94.265625,19.593750,3100.750000,1971.000000,0,,,,,,,,two_tangents_not_visible,,,,,,,0,0,0,0,0,,1962.000000,,,,,0,,0,,,1.573998,4,171.919060,198.398472,1.573998,,,0,0,0,0,
15.098728,1785219439.668673038,search_open_space,50,-29,-29,paper_passing_first_vehicle,24,24,7,17,1,0,1,1,1,4,11,0,1,0,0,5,0,,,,,,0,,,,,,,,two_tangents_not_visible,,,,,,,0,0,0,0,0,,1951.750000,,,,,0,,0,,,2.771227,4,169.668892,166.018711,2.771227,,,0,0,0,0,
15.185291,1785219439.780554056,search_open_space,50,-29,-29,paper_passing_first_vehicle,22,22,8,14,1,0,1,1,1,4,12,0,1,0,0,5,0,,,,,,0,,,,,,,,two_tangents_not_visible,,,,,,,0,0,0,0,0,,1947.750000,,,,,0,,0,,,3.555679,4,169.516599,196.843244,3.555679,,,0,0,0,0,
15.272925,1785219439.891983032,search_open_space,50,-29,-29,paper_passing_first_vehicle,19,19,2,17,1,0,1,1,1,3,13,0,1,0,0,5,0,,,,,,0,,,,,,,,two_tangents_not_visible,,,,,,,0,0,0,0,0,,1941.000000,,,,,0,,0,,,,0,,,,,,0,0,0,0,
15.361354,1785219439.891983032,search_open_space,50,-29,-29,paper_passing_first_vehicle,19,19,2,17,1,0,1,1,1,3,13,0,1,0,0,5,0,,,,,,0,,,,,,,,two_tangents_not_visible,,,,,,,0,0,0,0,0,,1941.000000,,,,,0,,0,,,,0,,,,,,0,0,0,0,
15.450506,1785219440.003221035,search_open_space,50,-29,-29,paper_passing_first_vehicle,24,24,5,19,2,1,1,1,1,5,14,0,1,0,0,5,1,-61.640625,92.453125,15.406250,3093.750000,1961.250000,0,,,,,,,,two_tangents_not_visible,,,,,,,0,0,0,0,0,,1940.000000,,,,,0,,0,,,0.561216,5,227.487329,39.478962,0.561216,,,0,0,0,0,
15.501513,1785219440.117836952,search_open_space,50,-29,-29,paper_passing_first_vehicle,25,25,7,18,2,1,1,1,1,3,15,0,1,0,0,5,1,-62.046875,91.875000,14.914063,3085.750000,1949.000000,0,,,,,,,,two_tangents_not_visible,,,,,,,0,0,0,0,0,,1943.500000,,,,,0,,0,,,,0,,,,,,0,0,0,0,
15.592534,1785219440.117836952,search_open_space,50,-29,-29,paper_passing_first_vehicle,25,25,7,18,2,1,1,1,1,3,15,0,1,0,0,5,1,-62.046875,91.875000,14.914063,3085.750000,1949.000000,0,,,,,,,,two_tangents_not_visible,,,,,,,0,0,0,0,0,,1943.500000,,,,,0,,0,,,,0,,,,,,0,0,0,0,
15.678488,1785219440.230217934,search_open_space,50,-29,-29,paper_passing_first_vehicle,16,16,3,13,2,1,1,1,1,4,16,0,1,0,0,5,1,-62.046875,91.375000,14.664063,3085.750000,1941.750000,0,,,,,,,,two_tangents_not_visible,,,,,,,0,0,0,0,0,,1928.250000,,,,,0,,0,,,-1.325910,4,169.505960,41.955461,-1.325910,,,0,0,0,0,
15.765111,1785219440.340794086,search_open_space,50,-29,-29,paper_passing_first_vehicle,19,19,4,15,2,1,1,1,1,4,17,0,1,0,0,5,1,-62.046875,91.343750,14.648438,3085.750000,1929.250000,0,,,,,,,,two_tangents_not_visible,,,,,,,0,0,0,0,0,,1929.250000,,,,,0,,0,,,-4.847840,4,170.930947,245.847827,-4.847840,,,0,0,0,0,
15.852328,1785219440.451308966,search_open_space,50,-29,-29,paper_passing_first_vehicle,23,23,6,17,2,1,1,1,0,0,0,1,1,0,0,5,1,-62.046875,91.343750,14.648438,3085.750000,1929.250000,0,,,,,,,,two_tangents_not_visible,,,,,,,0,0,0,0,0,,1915.750000,,,,,0,,0,,,,0,,,,,,0,0,0,0,
15.938148,1785219440.562817097,search_open_space,50,-29,-29,paper_passing_first_vehicle,23,23,6,17,3,2,1,1,1,3,1,0,1,0,0,5,1,-63.031250,89.750000,13.359375,3106.500000,1939.250000,0,,,,,,,,two_tangents_not_visible,,,,,,,0,0,0,0,0,,1936.000000,,,,,0,,0,,,,0,,,,,,0,0,0,0,
16.024272,1785219440.562817097,search_open_space,50,-29,-29,paper_passing_first_vehicle,23,23,6,17,3,2,1,1,1,3,1,0,1,0,0,5,1,-63.031250,89.750000,13.359375,3106.500000,1939.250000,0,,,,,,,,two_tangents_not_visible,,,,,,,0,0,0,0,0,,1936.000000,,,,,0,,0,,,,0,,,,,,0,0,0,0,
16.115686,1785219440.677620888,search_open_space,50,-29,-29,paper_passing_first_vehicle,23,23,5,18,3,2,1,1,1,4,2,0,1,0,0,5,1,-63.031250,89.531250,13.250000,3106.500000,1928.500000,0,,,,,,,,two_tangents_not_visible,,,,,,,0,0,0,0,0,,1928.500000,,,,,0,,0,,,-6.302766,4,229.040777,114.596993,-6.302766,,,0,0,0,0,
16.202893,1785219440.789921045,search_open_space,50,-29,-29,paper_passing_first_vehicle,21,21,5,16,3,2,1,1,1,3,3,0,1,0,0,5,1,-63.031250,89.078125,13.023438,3106.500000,1923.000000,0,,,,,,,,two_tangents_not_visible,,,,,,,0,0,0,0,0,,1923.000000,,,,,0,,0,,,,0,,,,,,0,0,0,0,
16.289893,1785219440.900362015,search_open_space,50,-29,-29,paper_passing_first_vehicle,25,25,6,19,3,2,1,1,1,5,4,0,1,0,0,5,1,-62.578125,88.593750,13.007812,3105.000000,1929.750000,0,,,,,,,,two_tangents_not_visible,,,,,,,0,0,0,0,0,,1924.500000,,,,,0,,0,,,-10.273376,5,231.358415,49.597683,-10.273376,,,0,0,0,0,
16.378797,1785219440.900362015,search_open_space,50,-29,-29,paper_passing_first_vehicle,25,25,6,19,3,2,1,1,1,5,4,0,1,0,0,5,1,-62.578125,88.593750,13.007812,3105.000000,1929.750000,0,,,,,,,,two_tangents_not_visible,,,,,,,0,0,0,0,0,,1924.500000,,,,,0,,0,,,-10.273376,5,231.358415,49.597683,-10.273376,,,0,0,0,0,
16.467281,1785219441.011629105,search_open_space,50,-29,-29,paper_passing_first_vehicle,27,27,8,19,2,1,1,1,1,4,5,0,1,0,0,5,1,-100.703125,88.234375,-6.234375,2128.750000,1923.500000,0,,,,,,,,two_tangents_not_visible,,,,,,,0,0,0,0,0,,1923.500000,,,,,0,,0,,,-15.324925,4,171.839928,33.601383,-15.324925,,,0,0,0,0,
16.555065,1785219441.123125076,search_open_space,50,-29,-29,paper_passing_first_vehicle,22,22,6,16,2,1,1,1,1,3,6,0,1,0,0,5,1,-99.265625,86.406250,-6.429688,2139.500000,1950.750000,0,,,,,,,,two_tangents_not_visible,,,,,,,0,0,0,0,0,,1907.000000,,,,,0,,0,,,,0,,,,,,0,0,0,0,
16.648266,1785219441.238332987,search_open_space,50,-29,-29,paper_passing_first_vehicle,19,19,4,15,3,2,1,1,0,0,0,1,1,0,0,5,1,-49.609375,86.125000,18.257812,3134.000000,1951.750000,0,,,,,,,,two_tangents_not_visible,,,,,,,0,0,0,0,0,,1938.000000,,,,,0,,0,,,,0,,,,,,0,0,0,0,
16.735540,1785219441.349862814,search_open_space,50,-29,-29,paper_passing_first_vehicle,22,22,5,17,3,2,1,1,0,0,0,2,1,0,0,5,1,-49.609375,86.109375,18.250000,3134.000000,1924.000000,0,,,,,,,,two_tangents_not_visible,,,,,,,0,0,0,0,0,,1924.000000,,,,,0,,0,,,,0,,,,,,0,0,0,0,
16.821446,1785219441.349862814,search_open_space,50,-29,-29,paper_passing_first_vehicle,22,22,5,17,3,2,1,1,0,0,0,2,1,0,0,5,1,-49.609375,86.109375,18.250000,3134.000000,1924.000000,0,,,,,,,,two_tangents_not_visible,,,,,,,0,0,0,0,0,,1924.000000,,,,,0,,0,,,,0,,,,,,0,0,0,0,
16.911034,1785219441.460761070,search_second_car,50,-29,-29,paper_search_second_vehicle,21,21,5,16,3,2,1,0,0,0,0,3,1,0,0,5,1,-61.203125,85.906250,12.351562,3131.750000,1923.500000,0,,,,,,,,two_tangents_not_visible,,,,,,,0,0,0,0,0,,1923.500000,,,,,0,,0,,,,0,,,,,,0,0,0,0,
16.998553,1785219441.571770191,search_second_car,50,-29,-29,paper_search_second_vehicle,19,19,5,14,3,2,1,0,0,0,0,4,1,0,0,5,1,-61.531250,85.468750,11.968750,3173.000000,1929.250000,0,,,,,,,,two_tangents_not_visible,,,,,,,0,0,0,0,0,,1929.250000,,,,,0,,0,,,,0,,,,,,0,0,0,0,
17.086549,1785219441.683035851,search_second_car,50,-29,-29,paper_search_second_vehicle,19,19,3,16,3,2,1,0,0,0,0,5,1,0,0,5,1,-61.250000,84.968750,11.859375,3186.000000,1900.250000,0,,,,,,,,two_tangents_not_visible,,,,,,,0,0,0,0,0,,1900.250000,,,,,0,,0,,,,0,,,,,,0,0,0,0,
17.180437,1785219441.798346043,search_second_car,50,-29,-29,paper_search_second_vehicle,23,23,10,13,3,2,1,0,0,0,0,6,1,0,0,5,1,-59.953125,84.734375,12.390625,3113.500000,1900.500000,0,,,,,,,,two_tangents_not_visible,,,,,,,0,0,0,0,0,,1900.500000,,,,,0,,0,,,,0,,,,,,0,0,0,0,
17.267845,1785219441.798346043,search_second_car,50,-29,-29,paper_search_second_vehicle,23,23,10,13,3,2,1,0,0,0,0,6,1,0,0,5,1,-59.953125,84.734375,12.390625,3113.500000,1900.500000,0,,,,,,,,two_tangents_not_visible,,,,,,,0,0,0,0,0,,1900.500000,,,,,0,,0,,,,0,,,,,,0,0,0,0,
17.354200,1785219441.909461975,search_second_car,50,-29,-29,paper_search_second_vehicle,23,23,6,17,3,2,1,0,0,0,0,7,1,0,0,5,1,-59.953125,84.312500,12.179688,3113.500000,1918.500000,0,,,,,,,,two_tangents_not_visible,,,,,,,0,0,0,0,0,,1918.500000,,,,,0,,0,,,,0,,,,,,0,0,0,0,
17.439756,1785219442.020429134,search_second_car,50,-29,-29,paper_search_second_vehicle,19,19,6,13,3,2,1,0,0,0,0,8,1,0,0,5,1,-59.953125,83.984375,12.015625,3113.500000,1948.000000,0,,,,,,,,two_tangents_not_visible,,,,,,,0,0,0,0,0,,1948.000000,,,,,0,,0,,,,0,,,,,,0,0,0,0,
17.526299,1785219442.131558895,search_second_car,50,-29,-29,paper_search_second_vehicle,25,25,9,16,3,2,1,0,0,0,0,9,1,0,0,5,1,-59.953125,83.984375,12.015625,3113.500000,1948.000000,0,,,,,,,,two_tangents_not_visible,,,,,,,0,0,0,0,0,,1931.750000,,,,,0,,0,,,,0,,,,,,0,0,0,0,
17.613510,1785219442.243455887,search_second_car,50,-29,-29,paper_search_second_vehicle,20,20,5,15,3,2,1,0,0,0,0,10,1,0,0,5,1,-59.953125,83.984375,12.015625,3113.500000,1948.000000,0,,,,,,,,two_tangents_not_visible,,,,,,,0,0,0,0,0,,1916.500000,,,,,0,,0,,,,0,,,,,,0,0,0,0,
17.706267,1785219442.243455887,search_second_car,50,-29,-29,paper_search_second_vehicle,20,20,5,15,3,2,1,0,0,0,0,10,1,0,0,5,1,-59.953125,83.984375,12.015625,3113.500000,1948.000000,0,,,,,,,,two_tangents_not_visible,,,,,,,0,0,0,0,0,,1916.500000,,,,,0,,0,,,,0,,,,,,0,0,0,0,
17.793844,1785219442.355343103,search_second_car,50,-29,-29,paper_search_second_vehicle,24,24,5,19,2,1,1,0,1,4,1,0,1,0,0,5,1,-89.546875,83.984375,-2.781250,2143.750000,1948.000000,0,,,,,,,,two_tangents_not_visible,,,,,,,0,0,0,0,0,,1905.000000,,,,,0,,0,,,-11.592261,4,287.341594,89.193278,-11.592261,,,0,0,0,0,
17.879907,1785219442.469513893,prealign_left,50,-150,-29,figure7_second_vehicle_left_forward,24,24,7,17,2,1,2,1,1,4,2,0,2,0,0,5,1,-89.546875,83.984375,-2.781250,2143.750000,1948.000000,1,-89.546875,83.984375,-2.781250,2143.750000,1948.000000,4085.247156,-43.031527,figure7_gap_crossed_rear_centerline,,,,,,,0,0,0,0,0,,1902.250000,,,,,0,,0,,,-14.342752,4,288.256464,76.106173,-14.342752,,,0,0,0,0,
17.968255,1785219442.581300974,prealign_left,50,-150,-29,figure7_t_entry_left entryCenter=-46.7 target<=20.0 confirm=0/3,26,26,8,18,2,1,2,1,1,3,3,0,2,0,0,5,1,-89.546875,84.937500,-2.304688,2143.750000,1924.500000,1,-89.546875,84.460938,-2.542969,2143.750000,1936.250000,4074.437485,-46.720447,median_filtered_pair,,,,,,,0,0,0,0,0,,1924.500000,,,,,0,,0,,,,0,,,,,,0,0,0,0,
18.056126,1785219442.581300974,prealign_left,50,-150,-29,figure7_t_entry_left entryCenter=-46.7 target<=20.0 confirm=0/3,26,26,8,18,2,1,2,1,1,3,3,0,2,0,0,5,1,-89.546875,84.937500,-2.304688,2143.750000,1924.500000,1,-89.546875,84.460938,-2.542969,2143.750000,1936.250000,4074.437485,-46.720447,median_filtered_pair,,,,,,,0,0,0,0,0,,1924.500000,,,,,0,,0,,,,0,,,,,,0,0,0,0,
18.144639,1785219442.691704035,prealign_left,50,-150,-29,figure7_t_entry_left entryCenter=-43.0 target<=20.0 confirm=0/3,23,23,7,16,2,1,2,1,1,3,4,0,2,0,0,5,1,-89.546875,82.968750,-3.289062,2143.750000,1953.500000,1,-89.546875,83.984375,-2.781250,2143.750000,1948.000000,4085.247156,-43.031527,median_filtered_pair,,,,,,,0,0,0,0,0,,1953.500000,,,,,0,,0,,,,0,,,,,,0,0,0,0,
18.236054,1785219442.803390026,prealign_left,50,-150,-29,figure7_t_entry_left entryCenter=-42.4 target<=20.0 confirm=0/3,24,24,7,17,2,1,2,1,0,0,0,1,2,0,0,5,1,-88.218750,82.546875,-2.835937,2162.750000,1927.000000,1,-89.546875,82.968750,-2.835937,2143.750000,1927.000000,4062.095110,-42.437184,median_filtered_pair,,,,,,,0,0,0,0,0,,1922.250000,,,,,0,,0,,,,0,,,,,,0,0,0,0,
18.323269,1785219442.915091991,prealign_left,50,-150,-29,figure7_t_entry_left entryCenter=-38.4 target<=20.0 confirm=0/3,20,20,5,15,2,1,2,1,0,0,0,2,2,0,0,5,1,-88.218750,82.046875,-3.085937,2162.750000,1909.000000,1,-88.218750,82.546875,-3.085937,2162.750000,1927.000000,4076.522017,-38.354060,median_filtered_pair,,,,,,,0,0,0,0,0,,1909.000000,,,,,0,,0,,,,0,,,,,,0,0,0,0,
18.411503,1785219443.026199102,prealign_left,50,-150,-29,figure7_t_entry_left entryCenter=-39.3 target<=20.0 confirm=0/3,24,24,7,17,2,1,2,1,1,3,1,0,2,0,0,5,1,-88.218750,81.484375,-3.367187,2162.750000,1895.500000,1,-88.218750,82.046875,-3.085937,2162.750000,1909.000000,4057.124599,-39.284532,median_filtered_pair,,,,,,,0,0,0,0,0,,1869.250000,,,,,0,,0,,,,0,,,,,,0,0,0,0,
18.498618,1785219443.026199102,prealign_left,50,-150,-29,figure7_t_entry_left entryCenter=-39.3 target<=20.0 confirm=0/3,24,24,7,17,2,1,2,1,1,3,1,0,2,0,0,5,1,-88.218750,81.484375,-3.367187,2162.750000,1895.500000,1,-88.218750,82.046875,-3.085937,2162.750000,1909.000000,4057.124599,-39.284532,median_filtered_pair,,,,,,,0,0,0,0,0,,1869.250000,,,,,0,,0,,,,0,,,,,,0,0,0,0,
18.585984,1785219443.141474009,prealign_left,50,-150,-29,figure7_t_entry_left entryCenter=-38.0 target<=20.0 confirm=0/3,24,24,5,19,2,1,2,1,0,0,0,1,2,0,0,5,1,-88.218750,79.421875,-4.398437,2162.750000,1930.000000,1,-88.218750,81.484375,-3.367187,2162.750000,1909.000000,4055.386692,-38.037765,median_filtered_pair,,,,,,,0,0,0,0,0,,1898.250000,,,,,0,,0,,,,0,,,,,,0,0,0,0,
18.673410,1785219443.252299070,prealign_left,50,-150,-29,figure7_t_entry_left entryCenter=-35.7 target<=20.0 confirm=0/3,20,20,8,12,2,1,2,1,0,0,0,2,2,0,0,5,1,-88.218750,79.046875,-4.585937,2162.750000,1884.250000,1,-88.218750,79.421875,-4.398437,2162.750000,1895.500000,4034.770842,-35.706404,median_filtered_pair,,,,,,,0,0,0,0,0,,1884.250000,,,,,0,,0,,,,0,,,,,,0,0,0,0,
18.766354,1785219443.363568068,prealign_left,50,-150,-29,figure7_t_entry_left entryCenter=-31.6 target<=20.0 confirm=0/3,21,21,5,16,2,1,2,1,1,3,1,0,2,0,0,5,1,-89.281250,77.296875,-5.992187,2119.750000,1936.750000,1,-88.218750,79.046875,-4.585937,2162.750000,1930.000000,4067.586151,-31.590775,median_filtered_pair,,,,,,,0,0,0,0,0,,1862.000000,,,,,0,,0,,,,0,,,,,,0,0,0,0,
18.853894,1785219443.474965096,prealign_left,50,-150,-29,figure7_t_entry_left entryCenter=-32.6 target<=20.0 confirm=0/3,28,28,7,21,2,1,2,1,1,4,2,0,2,0,0,5,1,-89.281250,77.031250,-6.125000,2119.750000,1880.250000,1,-89.281250,77.296875,-5.992187,2119.750000,1884.250000,3976.661261,-32.550583,median_filtered_pair,,,,,,,0,0,0,0,0,,1852.250000,,,,,0,,0,,,-0.498539,4,163.566811,324.325479,-0.498539,,,0,0,0,0,
18.942286,1785219443.474965096,prealign_left,50,-150,-29,figure7_t_entry_left entryCenter=-32.6 target<=20.0 confirm=0/3,28,28,7,21,2,1,2,1,1,4,2,0,2,0,0,5,1,-89.281250,77.031250,-6.125000,2119.750000,1880.250000,1,-89.281250,77.296875,-5.992187,2119.750000,1884.250000,3976.661261,-32.550583,median_filtered_pair,,,,,,,0,0,0,0,0,,1852.250000,,,,,0,,0,,,-0.498539,4,163.566811,324.325479,-0.498539,,,0,0,0,0,
19.028195,1785219443.586125135,prealign_left,50,-150,-29,figure7_t_entry_left entryCenter=-32.6 target<=20.0 confirm=0/3,23,23,3,20,2,1,2,1,1,4,3,0,2,0,0,5,1,-89.718750,76.796875,-6.460938,2117.250000,1878.750000,1,-89.281250,77.031250,-6.125000,2119.750000,1880.250000,3971.601771,-32.638987,median_filtered_pair,,,,,,,0,0,0,0,0,,1850.500000,,,,,0,,0,,,-1.871111,4,162.345669,101.282869,-1.871111,,,0,0,0,0,
19.115276,1785219443.701271057,prealign_left,50,-150,-29,figure7_t_entry_left entryCenter=-33.3 target<=20.0 confirm=0/3,22,22,5,17,2,1,2,1,1,4,4,0,2,0,0,5,1,-90.890625,75.000000,-7.945313,2148.000000,1880.000000,1,-89.718750,76.796875,-6.460938,2119.750000,1880.000000,3972.189354,-33.347465,median_filtered_pair,,,,,,,0,0,0,0,0,,1853.250000,,,,,0,,0,,,-2.903233,4,162.511821,342.402678,-2.903233,,,0,0,0,0,
19.202717,1785219443.811903000,prealign_left,50,-150,-29,figure7_t_entry_left entryCenter=-36.3 target<=20.0 confirm=0/3,23,23,6,17,2,1,2,1,1,4,5,0,2,0,0,5,1,-90.890625,74.843750,-8.023438,2148.000000,1870.250000,1,-90.890625,75.000000,-7.945313,2148.000000,1878.750000,3996.401813,-36.328131,median_filtered_pair,,,,,,,0,0,0,0,0,,1848.250000,,,,,0,,0,,,-6.438325,4,160.359805,139.897465,-6.438325,,,0,0,0,0,
19.296709,1785219443.923856974,prealign_left,50,-150,-29,figure7_t_entry_left entryCenter=-36.0 target<=20.0 confirm=0/3,29,29,8,21,2,1,2,1,1,4,6,0,2,0,0,5,1,-90.890625,73.078125,-8.906250,2148.000000,1882.250000,1,-90.890625,74.843750,-8.023438,2148.000000,1880.000000,3996.965800,-36.022403,median_filtered_pair,,,,,,,0,0,0,0,0,,1849.500000,,,,,0,,0,,,-3.155212,4,164.537624,146.275029,-3.155212,,,0,0,0,0,
19.384710,1785219443.923856974,prealign_left,50,-150,-29,figure7_t_entry_left entryCenter=-36.0 target<=20.0 confirm=0/3,29,29,8,21,2,1,2,1,1,4,6,0,2,0,0,5,1,-90.890625,73.078125,-8.906250,2148.000000,1882.250000,1,-90.890625,74.843750,-8.023438,2148.000000,1880.000000,3996.965800,-36.022403,median_filtered_pair,,,,,,,0,0,0,0,0,,1849.500000,,,,,0,,0,,,-3.155212,4,164.537624,146.275029,-3.155212,,,0,0,0,0,
19.472326,1785219444.034801960,prealign_left,50,-150,-29,figure7_t_entry_left entryCenter=-35.1 target<=20.0 confirm=0/3,24,24,5,19,2,1,2,1,1,4,7,0,2,0,0,5,1,-90.890625,72.906250,-8.992188,2148.000000,1868.000000,1,-90.890625,73.078125,-8.906250,2148.000000,1870.250000,3979.180503,-35.050741,median_filtered_pair,,,,,,,0,0,0,0,0,,1847.750000,,,,,0,,0,,,-7.657150,4,159.779860,377.414707,-7.657150,,,0,0,0,0,
19.557676,1785219444.146721125,prealign_left,50,-150,-29,figure7_t_entry_left entryCenter=-33.9 target<=20.0 confirm=0/3,28,28,7,21,2,1,2,1,1,6,8,0,2,0,0,5,1,-89.937500,71.187500,-9.375000,2170.750000,1881.500000,1,-90.890625,72.906250,-8.992188,2148.000000,1881.500000,3989.461633,-33.912410,median_filtered_pair,,,,,,,0,0,0,0,0,,1845.250000,,,,,0,,0,,,-13.841177,6,269.283312,57.523141,-13.841177,,,0,0,0,0,
19.640518,1785219444.260776997,prealign_left,50,-150,-29,figure7_t_entry_left entryCenter=-33.6 target<=20.0 confirm=0/3,25,25,6,19,2,1,2,1,1,4,9,0,2,0,0,5,1,-89.937500,71.125000,-9.406250,2170.750000,1860.000000,1,-89.937500,71.187500,-9.375000,2170.750000,1868.000000,3984.395000,-33.649070,median_filtered_pair,,,,,,,0,0,0,0,0,,1839.500000,,,,,0,,0,,,-10.988063,4,159.803475,169.332831,-10.988063,,,0,0,0,0,
19.726242,1785219444.260776997,prealign_left,50,-150,-29,figure7_t_entry_left entryCenter=-33.6 target<=20.0 confirm=0/3,25,25,6,19,2,1,2,1,1,4,9,0,2,0,0,5,1,-89.937500,71.125000,-9.406250,2170.750000,1860.000000,1,-89.937500,71.187500,-9.375000,2170.750000,1868.000000,3984.395000,-33.649070,median_filtered_pair,,,,,,,0,0,0,0,0,,1839.500000,,,,,0,,0,,,-10.988063,4,159.803475,169.332831,-10.988063,,,0,0,0,0,
19.820648,1785219444.372658968,prealign_left,50,-150,-29,figure7_t_entry_left entryCenter=-33.3 target<=20.0 confirm=0/3,25,25,6,19,2,1,2,1,1,5,10,0,2,0,0,5,1,-89.937500,69.500000,-10.218750,2170.750000,1872.250000,1,-89.937500,71.125000,-9.406250,2170.750000,1872.250000,3988.218371,-33.284342,median_filtered_pair,,,,,,,0,0,0,0,0,,1840.500000,,,,,0,,0,,,-18.714257,6,269.717955,48.118200,-18.714257,,,0,0,0,0,
19.908891,1785219444.483319998,prealign_left,50,-150,-29,figure7_t_entry_left entryCenter=-32.4 target<=20.0 confirm=0/3,26,26,6,20,2,1,2,1,1,4,11,0,2,0,0,5,1,-89.937500,67.859375,-11.039062,2170.750000,1879.750000,1,-89.937500,69.500000,-10.218750,2170.750000,1872.250000,3978.440298,-32.366281,median_filtered_pair,,,,,,,0,0,0,0,0,,1841.000000,,,,,0,,0,,,-16.335762,6,267.771576,49.359515,-16.335762,,,0,0,0,0,
19.996446,1785219444.595416069,prealign_left,50,-150,-29,figure7_t_entry_left entryCenter=-31.7 target<=20.0 confirm=0/3,25,25,6,19,2,1,2,1,1,3,12,0,2,0,0,5,1,-89.937500,67.515625,-11.210937,2170.750000,1872.000000,1,-89.937500,67.859375,-11.039062,2170.750000,1872.250000,3967.761323,-31.658727,median_filtered_pair,,,,,,,0,0,0,0,0,,1846.750000,,,,,0,,0,,,-19.287121,5,215.509193,50.321015,-19.287121,,,0,0,0,0,
20.084284,1785219444.706350088,prealign_left,50,-150,-29,figure7_t_entry_left entryCenter=-31.0 target<=20.0 confirm=0/3,23,23,4,19,2,1,2,1,1,4,13,0,2,0,0,5,1,-89.953125,65.593750,-12.179688,2170.250000,1892.250000,1,-89.937500,67.515625,-11.210937,2170.750000,1879.750000,3972.754526,-31.030531,median_filtered_pair,,,,,,,0,0,0,0,0,,1845.250000,,,,,0,,0,,,-24.262585,7,329.536734,25.359881,-24.262585,,,0,0,0,0,
20.172570,1785219444.706350088,prealign_left,50,-150,-29,figure7_t_entry_left entryCenter=-31.0 target<=20.0 confirm=0/3,23,23,4,19,2,1,2,1,1,4,13,0,2,0,0,5,1,-89.953125,65.593750,-12.179688,2170.250000,1892.250000,1,-89.937500,67.515625,-11.210937,2170.750000,1879.750000,3972.754526,-31.030531,median_filtered_pair,,,,,,,0,0,0,0,0,,1845.250000,,,,,0,,0,,,-24.262585,7,329.536734,25.359881,-24.262585,,,0,0,0,0,
20.261929,1785219444.820930004,prealign_left,50,-150,-29,figure7_t_entry_left entryCenter=-29.7 target<=20.0 confirm=0/3,25,25,8,17,2,1,2,1,0,0,0,1,2,0,0,5,1,-90.640625,65.281250,-12.679688,2197.000000,1892.000000,1,-89.953125,65.593750,-12.179688,2170.750000,1892.000000,3971.036781,-29.748956,median_filtered_pair,,,,,,,0,0,0,0,0,,1854.500000,,,,,0,,0,,,-16.255487,5,211.713151,49.224271,-16.255487,,,0,0,0,0,
20.354392,1785219444.932400227,prealign_left,50,-150,-29,figure7_t_entry_left entryCenter=-32.0 target<=20.0 confirm=0/3,20,20,4,16,2,1,2,1,0,0,0,2,2,0,0,5,1,-90.640625,64.796875,-12.921875,2197.000000,1872.750000,1,-90.640625,65.281250,-12.679688,2197.000000,1892.000000,3999.570971,-31.956840,median_filtered_pair,,,,,,,0,0,0,0,0,,1881.750000,,,,,0,,0,,,-29.669400,6,275.082065,43.128599,-29.669400,,,0,0,0,0,
20.441783,1785219445.043756008,prealign_left,50,-150,-29,figure7_t_entry_left entryCenter=-31.8 target<=20.0 confirm=0/3,20,20,6,14,2,1,2,0,0,0,0,3,2,0,0,5,1,-90.640625,62.968750,-13.835938,2197.000000,1897.750000,1,-90.640625,64.796875,-12.921875,2197.000000,1892.000000,3995.950892,-31.835436,median_filtered_pair,,,,,,,0,0,0,0,0,,1879.750000,,,,,0,,0,,,-18.769908,6,270.267598,83.655128,-18.769908,,,0,0,0,0,
20.530465,1785219445.155564070,prealign_left,50,-150,-29,figure7_t_entry_left entryCenter=-31.1 target<=20.0 confirm=0/3,20,20,4,16,2,1,2,0,0,0,0,4,2,0,0,5,1,-90.640625,62.968750,-13.835938,2197.000000,1897.750000,1,-90.640625,62.968750,-13.835938,2197.000000,1897.750000,3987.223894,-31.148130,median_filtered_pair,,,,,,,0,0,0,0,0,,1897.000000,,,,,0,,0,,,-21.913285,6,272.869605,52.525034,-21.913285,,,0,0,0,0,
20.619114,1785219445.155564070,prealign_left,50,-150,-29,figure7_t_entry_left entryCenter=-31.1 target<=20.0 confirm=0/3,20,20,4,16,2,1,2,0,0,0,0,4,2,0,0,5,1,-90.640625,62.968750,-13.835938,2197.000000,1897.750000,1,-90.640625,62.968750,-13.835938,2197.000000,1897.750000,3987.223894,-31.148130,median_filtered_pair,,,,,,,0,0,0,0,0,,1897.000000,,,,,0,,0,,,-21.913285,6,272.869605,52.525034,-21.913285,,,0,0,0,0,
20.705443,1785219445.269906998,prealign_left,50,-150,-29,figure7_t_entry_left entryCenter=-31.1 target<=20.0 confirm=0/3,21,21,2,19,2,1,2,0,0,0,0,5,2,0,0,5,1,-90.640625,62.968750,-13.835938,2197.000000,1897.750000,1,-90.640625,62.968750,-13.835938,2197.000000,1897.750000,3987.223894,-31.148130,median_filtered_pair,,,,,,,0,0,0,0,0,,1911.750000,,,,,0,,0,,,-21.181740,5,274.239234,72.152162,-21.181740,,,0,0,0,0,
20.794474,1785219445.380446911,prealign_left,50,-150,-29,figure7_t_entry_left entryCenter=-31.1 target<=20.0 confirm=0/3,21,21,3,18,2,1,2,0,0,0,0,6,2,0,0,5,1,-93.140625,62.968750,-15.085938,2180.500000,1897.750000,1,-90.640625,62.968750,-13.835938,2197.000000,1897.750000,3987.223894,-31.148130,median_filtered_pair,,,,,,,0,0,0,0,0,,1927.250000,,,,,0,,0,,,-20.271251,6,276.780403,60.009561,-20.271251,,,0,0,0,0,
20.886183,1785219445.492835045,prealign_left,50,-150,-29,figure7_t_entry_left entryCenter=-33.2 target<=20.0 confirm=0/3,19,19,3,16,2,1,2,0,0,0,0,7,2,0,0,5,1,-93.140625,62.593750,-15.273438,2180.500000,1943.500000,1,-93.140625,62.968750,-15.085938,2180.500000,1897.750000,3990.367126,-33.230707,median_filtered_pair,,,,,,,0,0,0,0,0,,1925.750000,,,,,0,,0,,,-20.734594,5,274.161544,136.677650,-20.734594,,,0,0,0,0,
20.974559,1785219445.603564024,prealign_left,50,-150,-29,figure7_t_entry_left entryCenter=-31.6 target<=20.0 confirm=0/3,17,17,4,13,2,1,2,0,0,0,0,8,2,0,0,5,1,-95.484375,62.203125,-16.640625,2155.750000,1922.250000,1,-93.140625,62.593750,-15.273438,2180.500000,1922.250000,4011.474234,-31.593295,median_filtered_pair,,,,,,,0,0,0,0,0,,1941.000000,,,,,0,,0,,,-28.411618,6,276.949765,53.083509,-28.411618,,,0,0,0,0,
21.061764,1785219445.603564024,prealign_left,50,-150,-29,figure7_t_entry_left entryCenter=-31.6 target<=20.0 confirm=0/3,17,17,4,13,2,1,2,0,0,0,0,8,2,0,0,5,1,-95.484375,62.203125,-16.640625,2155.750000,1922.250000,1,-93.140625,62.593750,-15.273438,2180.500000,1922.250000,4011.474234,-31.593295,median_filtered_pair,,,,,,,0,0,0,0,0,,1941.000000,,,,,0,,0,,,-28.411618,6,276.949765,53.083509,-28.411618,,,0,0,0,0,
21.150269,1785219445.715261936,prealign_left,50,-150,-29,figure7_t_entry_left entryCenter=-32.0 target<=20.0 confirm=0/3,21,21,4,17,2,1,2,0,0,0,0,9,2,0,0,5,1,-95.484375,60.078125,-17.703125,2155.750000,1934.000000,1,-95.484375,62.203125,-16.640625,2155.750000,1934.000000,4012.696130,-32.013537,median_filtered_pair,,,,,,,0,0,0,0,0,,,,,,,0,,0,,,-21.464993,6,276.494692,36.924549,-21.464993,,,0,0,0,0,
21.237920,1785219445.827126026,prealign_left,50,-150,-29,figure7_t_entry_left entryCenter=-32.0 target<=20.0 confirm=0/3,22,22,3,19,2,1,2,0,0,0,0,10,2,0,0,5,1,-95.484375,59.609375,-17.937500,2155.750000,1930.500000,1,-95.484375,60.078125,-17.703125,2155.750000,1930.500000,3993.967424,-31.984722,median_filtered_pair,,,,,,,0,0,0,0,0,,,,,,,0,,0,,,-26.853570,6,276.174649,26.750214,-26.853570,,,0,0,0,0,
21.326228,1785219445.940874100,prealign_left,50,-150,-29,figure7_t_entry_left entryCenter=-32.0 target<=20.0 confirm=0/3,18,18,3,15,2,1,2,0,0,0,0,11,2,0,0,5,1,-95.484375,58.812500,-18.335938,2155.750000,1923.750000,1,-95.484375,59.609375,-17.937500,2155.750000,1930.500000,3990.407432,-31.952929,median_filtered_pair,,,,,,,0,0,0,0,0,,,,,,,0,,0,,,-24.256008,5,219.339490,41.555844,-24.256008,,,0,0,0,0,
21.418902,1785219445.940874100,prealign_left,50,-150,-29,figure7_t_entry_left entryCenter=-32.0 target<=20.0 confirm=0/3,18,18,3,15,2,1,2,0,0,0,0,11,2,0,0,5,1,-95.484375,58.812500,-18.335938,2155.750000,1923.750000,1,-95.484375,59.609375,-17.937500,2155.750000,1930.500000,3990.407432,-31.952929,median_filtered_pair,,,,,,,0,0,0,0,0,,,,,,,0,,0,,,-24.256008,5,219.339490,41.555844,-24.256008,,,0,0,0,0,
21.506508,1785219446.052921057,prealign_left,50,-150,-29,figure7_t_entry_left entryCenter=-32.3 target<=20.0 confirm=0/3,19,19,4,15,2,1,2,0,0,0,0,12,2,0,0,5,1,-95.484375,57.921875,-18.781250,2155.750000,1914.750000,1,-95.484375,58.812500,-18.335938,2155.750000,1923.750000,3977.641554,-32.333046,median_filtered_pair,,,,,,,0,0,0,0,0,,,,,,,0,,0,,,-23.900962,5,220.456360,61.812448,-23.900962,,,0,0,0,0,
21.594391,1785219446.164154053,prealign_left,50,-150,-29,figure7_t_entry_left entryCenter=-32.3 target<=20.0 confirm=0/3,22,22,5,17,2,1,2,0,0,0,0,13,2,0,0,5,1,-95.921875,55.953125,-19.984375,2150.000000,1952.500000,1,-95.484375,57.921875,-18.781250,2155.750000,1923.750000,3970.492954,-32.311350,median_filtered_pair,,,,,,,0,0,0,0,0,,,,,,,0,,0,,,-24.260665,6,278.718737,23.051130,-24.260665,,,0,0,0,0,
21.681679,1785219446.275930882,prealign_left,50,-150,-29,figure7_t_entry_left entryCenter=-32.0 target<=20.0 confirm=0/3,15,15,4,11,2,1,2,0,0,0,0,14,2,0,0,5,1,-96.062500,55.546875,-20.257812,2154.000000,1935.500000,1,-95.921875,55.953125,-19.984375,2154.000000,1935.500000,3967.298064,-32.025265,median_filtered_pair,,,,,,,0,0,0,0,0,,,,,,,0,,0,,,-22.294535,5,221.549260,50.065601,-22.294535,,,0,0,0,0,
21.770601,1785219446.386604071,prealign_left,50,-150,-29,figure7_t_entry_left entryCenter=-32.2 target<=20.0 confirm=0/3,17,17,5,12,2,1,2,0,0,0,0,15,2,0,0,5,1,-96.062500,55.265625,-20.398438,2154.000000,1925.250000,1,-96.062500,55.546875,-20.257812,2154.000000,1935.500000,3964.990887,-32.184746,median_filtered_pair,,,,,,,0,0,0,0,0,,,,,,,0,,0,,,-31.347608,5,220.976087,36.016914,-31.347608,,,0,0,0,0,
21.859036,1785219446.386604071,prealign_left,50,-150,-29,figure7_t_entry_left entryCenter=-32.2 target<=20.0 confirm=0/3,17,17,5,12,2,1,2,0,0,0,0,15,2,0,0,5,1,-96.062500,55.265625,-20.398438,2154.000000,1925.250000,1,-96.062500,55.546875,-20.257812,2154.000000,1935.500000,3964.990887,-32.184746,median_filtered_pair,,,,,,,0,0,0,0,0,,,,,,,0,,0,,,-31.347608,5,220.976087,36.016914,-31.347608,,,0,0,0,0,
21.951965,1785219446.498355865,prealign_left,50,-150,-29,figure7_t_entry_left entryCenter=-32.2 target<=20.0 confirm=0/3,17,17,4,13,2,1,2,0,0,0,0,16,2,0,0,5,1,-96.062500,53.187500,-21.437500,2154.000000,1957.000000,1,-96.062500,55.265625,-20.398438,2154.000000,1935.500000,3962.524847,-32.206864,median_filtered_pair,,,,,,,0,0,0,0,0,,,,,,,0,,0,,,-22.825797,5,223.921489,37.552042,-22.825797,,,0,0,0,0,
22.039895,1785219446.613076925,prealign_left,50,-150,-29,figure7_t_entry_left entryCenter=-32.1 target<=20.0 confirm=0/3,15,15,3,12,2,1,2,0,0,0,0,17,2,0,0,5,1,-97.562500,52.875000,-22.343750,2171.500000,1941.500000,1,-96.062500,53.187500,-21.437500,2154.000000,1941.500000,3949.328805,-32.123188,median_filtered_pair,,,,,,,0,0,0,0,0,,,,,,,0,,0,,,-30.054430,5,221.889314,36.613523,-30.054430,,,0,0,0,0,
22.123048,1785219446.723606110,prealign_left,50,-150,-29,figure7_t_entry_left entryCenter=-32.7 target<=20.0 confirm=0/3,16,16,4,12,2,1,2,0,0,0,0,18,2,0,0,5,1,-96.875000,51.046875,-22.914062,2168.000000,1974.750000,1,-96.875000,52.875000,-22.343750,2168.000000,1957.000000,3982.485919,-32.716353,median_filtered_pair,,,,,,,0,0,0,0,0,,,,,,,0,,0,,,-22.627621,5,228.630408,45.570681,-22.627621,,,0,0,0,0,
22.212330,1785219446.835752964,prealign_left,50,-150,-29,figure7_t_entry_left entryCenter=-33.2 target<=20.0 confirm=0/3,17,17,5,12,2,1,2,0,0,0,0,19,2,0,0,5,1,-95.437500,50.609375,-22.414062,2198.250000,1956.750000,1,-96.875000,51.046875,-22.414062,2171.500000,1956.750000,3967.995526,-33.170655,median_filtered_pair,,,,,,,0,0,0,0,0,,,,,,,0,,0,,,-30.256615,5,223.862555,41.193353,-30.256615,,,0,0,0,0,
22.301518,1785219446.835752964,prealign_left,50,-150,-29,figure7_t_entry_left entryCenter=-33.2 target<=20.0 confirm=0/3,17,17,5,12,2,1,2,0,0,0,0,19,2,0,0,5,1,-95.437500,50.609375,-22.414062,2198.250000,1956.750000,1,-96.875000,51.046875,-22.414062,2171.500000,1956.750000,3967.995526,-33.170655,median_filtered_pair,,,,,,,0,0,0,0,0,,,,,,,0,,0,,,-30.256615,5,223.862555,41.193353,-30.256615,,,0,0,0,0,
22.389711,1785219446.947056055,prealign_left,50,-150,-29,figure7_t_entry_left entryCenter=-33.2 target<=20.0 confirm=0/3,16,16,8,8,2,1,2,0,0,0,0,20,2,0,0,5,1,-95.437500,50.140625,-22.648438,2198.250000,1954.750000,1,-95.437500,50.609375,-22.648438,2198.250000,1956.750000,3974.568400,-33.193564,median_filtered_pair,,,,,,,0,0,0,0,0,,,,,,,0,,0,,,-30.136340,4,168.238205,123.062815,-30.136340,,,0,0,0,0,
22.483144,1785219447.058734179,prealign_left,50,-150,-29,figure7_t_entry_left entryCenter=-33.3 target<=20.0 confirm=0/3,16,16,7,9,2,1,2,0,0,0,0,21,2,0,0,5,1,-95.437500,48.125000,-23.656250,2198.250000,2008.000000,1,-95.437500,50.140625,-22.648438,2198.250000,1956.750000,3969.590190,-33.275700,median_filtered_pair,,,,,,,0,0,0,0,0,,,,,,,0,,0,,,-35.117516,4,168.717450,94.350475,-35.117516,,,0,0,0,0,
22.571155,1785219447.168997049,prealign_left,50,-150,-29,figure7_t_entry_left entryCenter=-32.1 target<=20.0 confirm=0/3,15,15,5,10,2,1,2,0,0,0,0,22,2,0,0,5,1,-95.437500,47.515625,-23.960938,2198.250000,1992.750000,1,-95.437500,48.125000,-23.656250,2198.250000,1992.750000,3981.422715,-32.129423,median_filtered_pair,,,,,,,0,0,0,0,0,,,,,,,0,,0,,,-30.061748,5,228.824116,30.432099,-30.061748,,,0,0,0,0,
22.659526,1785219447.283860922,prealign_left,50,-150,-29,figure7_t_entry_left entryCenter=-32.3 target<=20.0 confirm=0/3,14,14,5,9,2,1,2,0,0,0,0,23,2,0,0,5,1,-95.437500,46.984375,-24.226562,2198.250000,1990.250000,1,-95.437500,47.515625,-23.960938,2198.250000,1992.750000,3974.416372,-32.286906,median_filtered_pair,,,,,,,0,0,0,0,0,,,,,,,0,,0,,,-26.233315,4,174.290330,74.396315,-26.233315,,,0,0,0,0,
22.748040,1785219447.283860922,prealign_left,50,-150,-29,figure7_t_entry_left entryCenter=-32.3 target<=20.0 confirm=0/3,14,14,5,9,2,1,2,0,0,0,0,23,2,0,0,5,1,-95.437500,46.984375,-24.226562,2198.250000,1990.250000,1,-95.437500,47.515625,-23.960938,2198.250000,1992.750000,3974.416372,-32.286906,median_filtered_pair,,,,,,,0,0,0,0,0,,,,,,,0,,0,,,-26.233315,4,174.290330,74.396315,-26.233315,,,0,0,0,0,
22.837007,1785219447.395015955,prealign_left,50,-150,-29,figure7_t_entry_left entryCenter=-32.5 target<=20.0 confirm=0/3,15,15,7,8,2,1,2,0,0,0,0,24,2,0,0,5,1,-95.859375,46.343750,-24.757813,2195.250000,1988.250000,1,-95.437500,46.984375,-24.226562,2198.250000,1990.250000,3965.863915,-32.531149,median_filtered_pair,,,,,,,0,0,0,0,0,,,,,,,0,,0,,,-29.976580,4,170.777211,69.252050,-29.976580,,,0,0,0,0,
22.925374,1785219447.507321119,prealign_left,50,-150,-29,figure7_t_entry_left entryCenter=-33.0 target<=20.0 confirm=0/3,11,11,2,9,2,1,2,0,0,0,0,25,2,0,0,5,1,-96.359375,44.500000,-25.929688,2198.500000,2027.750000,1,-95.859375,46.343750,-24.757813,2198.250000,1990.250000,3963.288150,-33.011413,median_filtered_pair,,,,,,,0,0,0,0,0,,,,,,,0,,0,,,-36.464428,4,170.961632,58.076168,-36.464428,,,0,0,0,0,
23.017316,1785219447.618113041,prealign_left,50,-150,-29,figure7_t_entry_left entryCenter=-32.7 target<=20.0 confirm=0/3,13,13,3,10,2,1,2,0,0,0,0,26,2,0,0,5,1,-96.359375,44.171875,-26.093750,2198.500000,2020.000000,1,-96.359375,44.500000,-25.929688,2198.500000,2020.000000,3975.251736,-32.717416,median_filtered_pair,,,,,,,0,0,0,0,0,,,,,,,0,,0,,,,0,,,,,,0,0,0,0,
23.105712,1785219447.730056047,prealign_left,50,-150,-29,figure7_t_entry_left entryCenter=-32.5 target<=20.0 confirm=0/3,18,18,6,12,2,1,2,0,0,0,0,27,2,0,0,5,1,-95.875000,43.625000,-26.125000,2201.500000,2028.250000,1,-96.359375,44.171875,-26.093750,2198.500000,2027.750000,3978.452237,-32.519674,median_filtered_pair,,,,,,,0,0,0,0,0,,,,,,,0,,0,,,,0,,,,,,0,0,0,0,
23.193810,1785219447.730056047,prealign_left,50,-150,-29,figure7_t_entry_left entryCenter=-32.5 target<=20.0 confirm=0/3,18,18,6,12,2,1,2,0,0,0,0,27,2,0,0,5,1,-95.875000,43.625000,-26.125000,2201.500000,2028.250000,1,-96.359375,44.171875,-26.093750,2198.500000,2027.750000,3978.452237,-32.519674,median_filtered_pair,,,,,,,0,0,0,0,0,,,,,,,0,,0,,,,0,,,,,,0,0,0,0,
23.281557,1785219447.843581915,prealign_left,50,-150,-29,figure7_t_entry_left entryCenter=-32.5 target<=20.0 confirm=0/3,19,19,9,10,2,1,2,0,0,0,0,28,2,0,0,5,1,-95.875000,41.609375,-27.132812,2201.500000,2065.250000,1,-95.875000,43.625000,-26.125000,2201.500000,2028.250000,3968.767838,-32.460407,median_filtered_pair,,,,,,,0,0,0,0,0,,,,,,,0,,0,,,,0,,,,,,0,0,0,0,
23.370985,1785219447.955351114,prealign_left,50,-150,-29,figure7_t_entry_left entryCenter=-32.8 target<=20.0 confirm=0/3,15,15,4,11,2,1,2,0,0,0,0,29,2,0,0,5,1,-95.875000,40.859375,-27.507812,2201.500000,2039.000000,1,-95.875000,41.609375,-27.132812,2201.500000,2039.000000,3952.408916,-32.758437,median_filtered_pair,,,,,,,0,0,0,0,0,,,,,,,0,,0,,,,0,,,,,,0,0,0,0,
23.458497,1785219448.066420078,prealign_left,50,-150,-29,figure7_t_entry_left entryCenter=-33.0 target<=20.0 confirm=0/3,13,13,5,8,2,1,2,0,0,0,0,30,2,0,0,5,1,-95.734375,40.859375,-27.437500,2213.750000,2039.000000,1,-95.875000,40.859375,-27.437500,2201.500000,2039.000000,3942.277757,-33.026939,median_filtered_pair,,,,,,,0,0,0,0,0,,,,,,,0,,0,,,,0,,,,,,0,0,0,0,
23.552286,1785219448.178442955,prealign_left,50,-150,-29,figure7_t_entry_left entryCenter=-33.3 target<=20.0 confirm=0/3,13,13,5,8,2,1,2,0,0,0,0,31,2,0,0,5,1,-95.734375,40.859375,-27.437500,2213.750000,2039.000000,1,-95.734375,40.859375,-27.437500,2213.750000,2039.000000,3951.811177,-33.331884,median_filtered_pair,,,,,,,0,0,0,0,0,,,,,,,0,,0,,,,0,,,,,,0,0,0,0,
23.638721,1785219448.178442955,prealign_left,50,-150,-29,figure7_t_entry_left entryCenter=-33.3 target<=20.0 confirm=0/3,13,13,5,8,2,1,2,0,0,0,0,31,2,0,0,5,1,-95.734375,40.859375,-27.437500,2213.750000,2039.000000,1,-95.734375,40.859375,-27.437500,2213.750000,2039.000000,3951.811177,-33.331884,median_filtered_pair,,,,,,,0,0,0,0,0,,,,,,,0,,0,,,,0,,,,,,0,0,0,0,
23.725639,1785219448.289497137,prealign_left,50,-150,-29,figure7_t_entry_left entryCenter=-33.3 target<=20.0 confirm=0/3,16,16,8,8,2,1,2,0,0,0,0,32,2,0,0,5,1,-95.734375,39.859375,-27.937500,2213.750000,2063.000000,1,-95.734375,40.859375,-27.437500,2213.750000,2039.000000,3951.811177,-33.331884,median_filtered_pair,,,,,,,0,0,0,0,0,,,,,,,0,,0,,,,0,,,,,,0,0,0,0,
23.812576,1785219448.404227018,prealign_left,50,-150,-29,figure7_t_entry_left entryCenter=-32.9 target<=20.0 confirm=0/3,11,11,6,5,2,1,2,0,0,0,0,33,2,0,0,5,1,-95.734375,39.421875,-28.156250,2213.750000,2073.500000,1,-95.734375,39.859375,-27.937500,2213.750000,2063.000000,3960.038654,-32.873369,median_filtered_pair,,,,,,,0,0,0,0,0,,,,,,,0,,0,,,,0,,,,,,0,0,0,0,
23.900457,1785219448.515836954,prealign_left,50,-150,-29,figure7_t_entry_left entryCenter=-32.9 target<=20.0 confirm=0/3,23,23,13,10,3,1,2,0,0,0,0,34,2,0,0,5,1,-77.906250,39.000000,-19.453125,3191.000000,2098.000000,1,-95.734375,39.859375,-27.937500,2213.750000,2063.000000,3960.038654,-32.873369,rejected_outlier_held_pair,,,,,,,0,0,0,1,0,,,,,,,0,,0,,,,0,,,,,,0,0,0,0,
23.988151,1785219448.515836954,prealign_left,50,-150,-29,figure7_t_entry_left entryCenter=-32.9 target<=20.0 confirm=0/3,23,23,13,10,3,1,2,0,0,0,0,34,2,0,0,5,1,-77.906250,39.000000,-19.453125,3191.000000,2098.000000,1,-95.734375,39.859375,-27.937500,2213.750000,2063.000000,3960.038654,-32.873369,rejected_outlier_held_pair,,,,,,,0,0,0,1,0,,,,,,,0,,0,,,,0,,,,,,0,0,0,0,
24.080981,1785219448.627480984,prealign_left,50,-150,-29,figure7_t_entry_left entryCenter=-32.9 target<=20.0 confirm=0/3,26,26,20,6,4,2,2,0,0,0,0,35,2,0,0,5,1,-49.078125,39.000000,-5.039062,3193.000000,2098.000000,1,-95.734375,39.859375,-27.937500,2213.750000,2063.000000,3960.038654,-32.873369,rejected_outlier_held_pair,,,,,,,0,0,0,2,0,,,,,,,0,,0,,,,0,,,,,,0,0,0,0,
24.168360,1785219448.738299847,prealign_left,50,-150,-29,figure7_t_entry_left entryCenter=-32.9 target<=20.0 confirm=0/3,19,19,14,5,4,1,2,0,0,0,0,36,2,0,0,5,1,-47.859375,39.000000,-4.429688,3165.500000,2098.000000,1,-95.734375,39.859375,-27.937500,2213.750000,2063.000000,3960.038654,-32.873369,rejected_outlier_held_pair,,,,,,,0,0,0,3,0,,,,,,,0,,0,,,,0,,,,,,0,0,0,0,
24.254885,1785219448.849308968,prealign_left,50,-150,-29,figure7_left_forward_reacquire_ab missing=4/3,17,17,12,5,4,1,2,0,0,0,0,37,2,0,0,5,1,-47.859375,39.000000,-4.429688,3165.500000,2098.000000,0,,,,,,,,filtered_pair_unavailable,,,,,,,0,0,0,4,0,,,,,,,0,,0,,,,0,,,,,,0,0,0,0,
24.340302,1785219448.960736036,prealign_left,50,-150,-29,figure7_left_forward_reacquire_ab missing=5/3,22,22,16,6,4,1,2,0,0,0,0,38,2,0,0,5,1,-47.859375,38.187500,-4.835938,3165.500000,2099.250000,0,,,,,,,,filtered_pair_unavailable,,,,,,,0,0,0,5,0,,,,,,,0,,0,,,,0,,,,,,0,0,0,0,
24.425247,1785219448.960736036,prealign_left,50,-150,-29,figure7_left_forward_reacquire_ab missing=5/3,22,22,16,6,4,1,2,0,0,0,0,38,2,0,0,5,1,-47.859375,38.187500,-4.835938,3165.500000,2099.250000,0,,,,,,,,filtered_pair_unavailable,,,,,,,0,0,0,5,0,,,,,,,0,,0,,,,0,,,,,,0,0,0,0,
24.511866,1785219449.075975895,prealign_left,50,-150,-29,figure7_left_forward_reacquire_ab missing=6/3,24,24,16,8,4,1,2,0,0,0,0,39,2,0,0,5,1,-47.859375,37.890625,-4.984375,3165.500000,2085.250000,0,,,,,,,,filtered_pair_unavailable,,,,,,,0,0,0,6,0,,,,,,,0,,0,,,,0,,,,,,0,0,0,0,
24.602216,1785219449.186377048,prealign_left,50,-150,-29,figure7_left_forward_reacquire_ab missing=7/3,18,18,14,4,4,1,2,0,0,0,0,40,2,0,0,5,1,-47.859375,37.734375,-5.062500,3165.500000,2104.000000,0,,,,,,,,filtered_pair_unavailable,,,,,,,0,0,0,7,0,,,,,,,0,,0,,,,0,,,,,,0,0,0,0,
24.687786,1785219449.297906876,prealign_left,50,-150,-29,figure7_left_forward_reacquire_ab missing=8/3,25,25,16,9,4,1,2,0,0,0,0,41,2,0,0,5,1,-48.046875,37.734375,-5.156250,3181.250000,2104.000000,0,,,,,,,,filtered_pair_unavailable,,,,,,,0,0,0,8,0,,,,,,,0,,0,,,,0,,,,,,0,0,0,0,
24.773985,1785219449.297906876,prealign_left,50,-150,-29,figure7_left_forward_reacquire_ab missing=8/3,25,25,16,9,4,1,2,0,0,0,0,41,2,0,0,5,1,-48.046875,37.734375,-5.156250,3181.250000,2104.000000,0,,,,,,,,filtered_pair_unavailable,,,,,,,0,0,0,8,0,,,,,,,0,,0,,,,0,,,,,,0,0,0,0,
24.861763,1785219449.409491062,prealign_left,50,-150,-29,figure7_left_forward_reacquire_ab missing=9/3,26,26,18,8,4,1,2,0,0,0,0,42,2,0,0,5,1,-48.046875,37.734375,-5.156250,3181.250000,2104.000000,0,,,,,,,,filtered_pair_unavailable,,,,,,,0,0,0,9,0,,,,,,,0,,0,,,,0,,,,,,0,0,0,0,
24.948726,1785219449.521550179,prealign_left,50,-150,-29,figure7_left_forward_reacquire_ab missing=10/3,30,30,20,10,4,1,2,0,0,0,0,43,2,0,0,5,1,-48.046875,37.734375,-5.156250,3181.250000,2104.000000,0,,,,,,,,filtered_pair_unavailable,,,,,,,0,0,0,10,0,,,,,,,0,,0,,,,0,,,,,,0,0,0,0,
25.037224,1785219449.632282019,prealign_left,50,-150,-29,figure7_left_forward_reacquire_ab missing=11/3,18,18,10,8,4,1,2,0,0,0,0,44,2,0,0,5,1,-48.046875,37.734375,-5.156250,3181.250000,2104.000000,0,,,,,,,,filtered_pair_unavailable,,,,,,,0,0,0,11,0,,,,,,,0,,0,,,,0,,,,,,0,0,0,0,
