elapsed_s,lidar_timestamp,state,speed,steering,steering_offset,reason,raw_points,valid_points,left_fov_points,right_fov_points,tangent_clusters,tangent_candidates,detected_vehicle_count,right_vehicle,right_vehicle_raw,right_cluster_points,right_seen_scans,right_missing_scans,right_track_id,is_prealign_near,is_near,pair_source_scans,pair_valid,angle_a_deg,angle_b_deg,angle_bisector_deg,dist_a_mm,dist_b_mm,distance_bias_ab_mm,angle_term,distance_term,paper_steering,dist_c_mm,dist_d_mm,distance_bias_cd_mm
0.000004,1785212551.833076000,idle,0,0,-30,press_SPACE_to_start,72,72,54,18,2,1,0,0,0,0,0,1,0,1,1,1,1,30.437500,57.906250,44.171875,197.500000,550.500000,,,,,,,
0.178601,1785212552.054445028,idle,0,0,-30,press_SPACE_to_start,63,63,51,12,2,1,0,0,0,0,0,2,0,1,1,2,1,30.437500,57.906250,44.171875,197.500000,550.500000,,,,,,,
0.271491,1785212552.166238070,idle,0,0,-30,press_SPACE_to_start,56,56,44,12,2,1,0,0,0,0,0,3,0,1,1,3,1,30.437500,57.906250,44.171875,197.500000,550.500000,,,,,351.000000,,
0.358386,1785212552.166238070,idle,0,0,-30,press_SPACE_to_start,56,56,44,12,2,1,0,0,0,0,0,3,0,1,1,3,1,30.437500,57.906250,44.171875,197.500000,550.500000,,,,,351.000000,,
0.446216,1785212552.277334929,idle,0,0,-30,press_SPACE_to_start,61,61,46,15,2,1,0,0,0,0,0,4,0,1,1,4,1,30.437500,57.906250,44.171875,197.500000,550.500000,,,,,379.500000,,
0.501645,1785212552.402830124,idle,0,0,-30,press_SPACE_to_start,57,57,39,18,2,1,0,0,0,0,0,5,0,1,1,5,1,30.437500,57.906250,44.171875,197.500000,550.500000,,,,,415.500000,,
0.588750,1785212552.503804922,idle,0,0,-30,press_SPACE_to_start,63,63,44,19,1,0,0,0,0,0,0,6,0,1,1,5,0,,,,,,,,,,425.500000,,
0.677304,1785212552.503804922,idle,0,0,-30,press_SPACE_to_start,63,63,44,19,1,0,0,0,0,0,0,6,0,1,1,5,0,,,,,,,,,,425.500000,,
0.770880,1785212552.614662886,idle,0,0,-30,press_SPACE_to_start,67,67,48,19,3,0,0,0,0,0,0,7,0,1,1,5,0,,,,,,,,,,254.000000,,
0.859725,1785212552.726607084,idle,0,0,-30,press_SPACE_to_start,71,71,47,24,3,0,0,0,0,0,0,8,0,1,1,5,0,,,,,,,,,,268.000000,,
0.946175,1785212552.841500998,idle,0,0,-30,press_SPACE_to_start,71,71,46,25,2,0,0,0,0,0,0,9,0,1,1,5,0,,,,,,,,,,272.000000,,
1.031922,1785212552.841500998,idle,0,0,-30,press_SPACE_to_start,71,71,46,25,2,0,0,0,0,0,0,9,0,1,1,5,0,,,,,,,,,,272.000000,,
1.119813,1785212552.952240229,idle,0,0,-30,press_SPACE_to_start,66,66,44,22,2,0,0,0,0,0,0,10,0,1,1,5,0,,,,,,,,,,272.250000,,
1.209212,1785212553.064042091,idle,0,0,-30,press_SPACE_to_start,69,69,45,24,2,0,0,0,0,0,0,11,0,1,1,5,0,,,,,,,,,,270.500000,,
1.303112,1785212553.174961805,idle,0,0,-30,press_SPACE_to_start,68,68,45,23,2,0,0,0,0,0,0,12,0,1,1,5,0,,,,,,,,,,270.750000,,
1.391005,1785212553.289514065,idle,0,0,-30,press_SPACE_to_start,63,63,44,19,2,0,0,0,0,0,0,13,0,1,1,5,0,,,,,,,,,,272.000000,,
1.479805,1785212553.289514065,idle,0,0,-30,press_SPACE_to_start,63,63,44,19,2,0,0,0,0,0,0,13,0,1,1,5,0,,,,,,,,,,272.000000,,
1.567341,1785212553.401271105,idle,0,0,-30,press_SPACE_to_start,67,67,47,20,2,0,0,0,0,0,0,14,0,1,1,5,0,,,,,,,,,,270.750000,,
1.656734,1785212553.512015820,idle,0,0,-30,press_SPACE_to_start,68,68,46,21,2,0,0,0,0,0,0,15,0,1,1,5,0,,,,,,,,,,272.000000,,
1.746049,1785212553.624201059,idle,0,0,-30,press_SPACE_to_start,69,69,46,23,2,0,0,0,0,0,0,16,0,1,1,5,0,,,,,,,,,,273.500000,,
1.839612,1785212553.735437155,idle,0,0,-30,press_SPACE_to_start,68,68,46,22,2,0,0,0,0,0,0,17,0,1,1,5,0,,,,,,,,,,273.750000,,
1.928376,1785212553.735437155,idle,0,0,-30,press_SPACE_to_start,68,68,46,22,2,0,0,0,0,0,0,17,0,1,1,5,0,,,,,,,,,,273.750000,,
2.017200,1785212553.849977016,idle,0,0,-30,press_SPACE_to_start,68,68,47,21,2,0,0,0,0,0,0,18,0,1,1,5,0,,,,,,,,,,273.750000,,
2.106075,1785212553.961256027,idle,0,0,-30,press_SPACE_to_start,67,67,47,20,2,0,0,0,0,0,0,19,0,1,1,5,0,,,,,,,,,,274.500000,,
2.195245,1785212554.072325945,idle,0,0,-30,press_SPACE_to_start,66,66,46,19,2,0,0,0,0,0,0,20,0,1,1,5,0,,,,,,,,,,274.750000,,
2.284658,1785212554.184007883,idle,0,0,-30,press_SPACE_to_start,65,65,46,19,2,0,0,0,0,0,0,21,0,1,1,5,0,,,,,,,,,,274.500000,,
2.378063,1785212554.184007883,idle,0,0,-30,press_SPACE_to_start,65,65,46,19,2,0,0,0,0,0,0,21,0,1,1,5,0,,,,,,,,,,274.500000,,
2.465954,1785212554.298510075,idle,0,0,-30,press_SPACE_to_start,68,68,47,21,2,0,0,0,0,0,0,22,0,1,1,5,0,,,,,,,,,,274.500000,,
2.554185,1785212554.409811974,idle,0,0,-30,press_SPACE_to_start,66,66,45,21,2,0,0,0,0,0,0,23,0,1,1,5,0,,,,,,,,,,275.000000,,
2.642450,1785212554.523113012,idle,0,0,-30,press_SPACE_to_start,70,70,46,24,2,0,0,0,0,0,0,24,0,1,1,5,0,,,,,,,,,,275.750000,,
2.731916,1785212554.632307053,idle,0,0,-30,press_SPACE_to_start,67,67,46,21,2,0,0,0,0,0,0,25,0,1,1,5,0,,,,,,,,,,277.500000,,
2.820916,1785212554.632307053,idle,0,0,-30,press_SPACE_to_start,67,67,46,21,2,0,0,0,0,0,0,25,0,1,1,5,0,,,,,,,,,,277.500000,,
2.914165,1785212554.744071960,idle,0,0,-30,press_SPACE_to_start,67,67,45,22,2,0,0,0,0,0,0,26,0,1,1,5,0,,,,,,,,,,278.500000,,
3.002243,1785212554.858942032,idle,0,0,-30,press_SPACE_to_start,66,66,46,20,1,0,0,0,0,0,0,27,0,1,1,5,0,,,,,,,,,,279.250000,,
3.090349,1785212554.970279932,idle,0,0,-30,press_SPACE_to_start,68,68,46,22,1,0,0,0,0,0,0,28,0,1,1,5,0,,,,,,,,,,280.000000,,
3.179684,1785212555.081573963,idle,0,0,-30,press_SPACE_to_start,67,67,47,20,1,0,0,0,0,0,0,29,0,1,1,5,0,,,,,,,,,,281.750000,,
3.269081,1785212555.081573963,idle,0,0,-30,press_SPACE_to_start,67,67,47,20,1,0,0,0,0,0,0,29,0,1,1,5,0,,,,,,,,,,281.750000,,
3.358115,1785212555.192117929,idle,0,0,-30,press_SPACE_to_start,67,67,48,19,1,0,0,0,0,0,0,30,0,1,1,5,0,,,,,,,,,,281.750000,,
3.451653,1785212555.307019949,idle,0,0,-30,press_SPACE_to_start,67,67,47,19,1,0,0,0,0,0,0,31,0,1,1,5,0,,,,,,,,,,281.750000,,
3.540550,1785212555.418864965,idle,0,0,-30,press_SPACE_to_start,69,69,49,20,2,0,0,0,0,0,0,32,0,1,1,5,0,,,,,,,,,,282.500000,,
3.629274,1785212555.530580044,idle,0,0,-30,press_SPACE_to_start,70,70,47,23,2,0,0,0,0,0,0,33,0,1,1,5,0,,,,,,,,,,282.500000,,
3.718049,1785212555.530580044,idle,0,0,-30,press_SPACE_to_start,70,70,47,23,2,0,0,0,0,0,0,33,0,1,1,5,0,,,,,,,,,,282.500000,,
3.807266,1785212555.640890837,idle,0,0,-30,press_SPACE_to_start,67,67,46,21,1,0,0,0,0,0,0,34,0,1,1,5,0,,,,,,,,,,281.750000,,
3.896309,1785212555.756528139,idle,0,0,-30,press_SPACE_to_start,68,68,46,22,2,0,0,0,0,0,0,35,0,1,1,5,0,,,,,,,,,,281.500000,,
3.990082,1785212555.867043018,idle,0,0,-30,press_SPACE_to_start,71,71,48,23,1,0,0,0,0,0,0,36,0,1,1,5,0,,,,,,,,,,279.500000,,
4.076642,1785212555.979141235,idle,0,0,-30,press_SPACE_to_start,69,69,46,23,1,0,0,0,0,0,0,37,0,1,1,5,0,,,,,,,,,,276.750000,,
4.165223,1785212555.979141235,idle,0,0,-30,press_SPACE_to_start,69,69,46,23,1,0,0,0,0,0,0,37,0,1,1,5,0,,,,,,,,,,276.750000,,
4.254158,1785212556.090273142,idle,0,0,-30,press_SPACE_to_start,68,68,47,21,1,0,0,0,0,0,0,38,0,1,1,5,0,,,,,,,,,,274.500000,,
4.343019,1785212556.201070070,idle,0,0,-30,press_SPACE_to_start,69,69,48,21,2,0,0,0,0,0,0,39,0,1,1,5,0,,,,,,,,,,272.000000,,
4.431941,1785212556.315752983,idle,0,0,-30,press_SPACE_to_start,70,70,47,23,1,0,0,0,0,0,0,40,0,1,1,5,0,,,,,,,,,,268.500000,,
4.525421,1785212556.427665949,idle,0,0,-30,press_SPACE_to_start,70,70,46,24,1,0,0,0,0,0,0,41,0,1,1,5,0,,,,,,,,,,265.500000,,
4.614069,1785212556.427665949,idle,0,0,-30,press_SPACE_to_start,70,70,46,24,1,0,0,0,0,0,0,41,0,1,1,5,0,,,,,,,,,,265.500000,,
4.702489,1785212556.538580894,idle,0,0,-30,press_SPACE_to_start,72,72,47,25,1,0,0,0,0,0,0,42,0,1,1,5,0,,,,,,,,,,263.750000,,
4.791963,1785212556.650485039,idle,0,0,-30,press_SPACE_to_start,70,70,46,24,1,0,0,0,0,0,0,43,0,1,1,5,0,,,,,,,,,,263.000000,,
4.880672,1785212556.765125990,idle,0,0,-30,press_SPACE_to_start,68,68,46,22,2,0,0,0,0,0,0,44,0,1,1,5,0,,,,,,,,,,263.500000,,
4.969864,1785212556.876001120,idle,0,0,-30,press_SPACE_to_start,70,70,47,23,2,0,0,0,0,0,0,45,0,1,1,5,0,,,,,,,,,,266.750000,,
5.062503,1785212556.876001120,idle,0,0,-30,press_SPACE_to_start,70,70,47,23,2,0,0,0,0,0,0,45,0,1,1,5,0,,,,,,,,,,266.750000,,
5.152398,1785212556.987120867,idle,0,0,-30,press_SPACE_to_start,67,67,47,20,1,0,0,0,0,0,0,46,0,1,1,5,0,,,,,,,,,,273.500000,,
5.239690,1785212557.098925114,idle,0,0,-30,press_SPACE_to_start,65,65,46,19,1,0,0,0,0,0,0,47,0,1,1,5,0,,,,,,,,,,284.000000,,
5.327921,1785212557.210592985,idle,0,0,-30,press_SPACE_to_start,68,68,48,20,1,0,0,0,0,0,0,48,0,1,1,5,0,,,,,,,,,,295.500000,,
5.416947,1785212557.324217081,idle,0,0,-30,press_SPACE_to_start,70,70,49,21,1,0,0,0,0,0,0,49,0,1,1,5,0,,,,,,,,,,309.000000,,
5.505342,1785212557.324217081,idle,0,0,-30,press_SPACE_to_start,70,70,49,21,1,0,0,0,0,0,0,49,0,1,1,5,0,,,,,,,,,,309.000000,,
5.598509,1785212557.436032057,idle,0,0,-30,press_SPACE_to_start,68,68,47,21,1,0,0,0,0,0,0,50,0,1,1,5,0,,,,,,,,,,403.500000,,
5.686736,1785212557.547410965,idle,0,0,-30,press_SPACE_to_start,74,74,49,25,2,0,0,0,0,0,0,51,0,1,1,5,0,,,,,,,,,,617.750000,,
5.774662,1785212557.658768892,idle,0,0,-30,press_SPACE_to_start,75,75,49,26,2,0,0,0,0,0,0,52,0,1,1,5,0,,,,,,,,,,617.000000,,
5.864000,1785212557.773913145,idle,0,0,-30,press_SPACE_to_start,72,72,48,24,1,0,0,0,0,0,0,53,0,1,1,5,0,,,,,,,,,,627.250000,,
5.952505,1785212557.773913145,idle,0,0,-30,press_SPACE_to_start,72,72,48,24,1,0,0,0,0,0,0,53,0,1,1,5,0,,,,,,,,,,627.250000,,
6.041193,1785212557.885059118,idle,0,0,-30,press_SPACE_to_start,73,73,48,25,2,0,0,0,0,0,0,54,0,1,1,5,0,,,,,,,,,,672.500000,,
6.133923,1785212557.996952057,idle,0,0,-30,press_SPACE_to_start,71,71,47,24,2,0,0,0,0,0,0,55,0,1,1,5,0,,,,,,,,,,789.500000,,
6.221641,1785212558.107965946,idle,0,0,-30,press_SPACE_to_start,67,67,44,23,2,0,0,0,0,0,0,56,0,1,1,5,0,,,,,,,,,,860.250000,,
6.309235,1785212558.222587824,idle,0,0,-30,press_SPACE_to_start,70,70,46,24,3,0,0,0,0,0,0,57,0,1,1,5,0,,,,,,,,,,865.250000,,
6.398439,1785212558.222587824,idle,0,0,-30,press_SPACE_to_start,70,70,46,24,3,0,0,0,0,0,0,57,0,1,1,5,0,,,,,,,,,,865.250000,,
6.487468,1785212558.333249092,idle,0,0,-30,press_SPACE_to_start,68,68,47,21,3,0,0,0,0,0,0,58,0,1,1,5,0,,,,,,,,,,874.500000,,
6.576677,1785212558.444389105,idle,0,0,-30,press_SPACE_to_start,76,76,52,24,2,0,0,0,0,0,0,59,0,1,0,5,0,,,,,,,,,,623.500000,,
6.670204,1785212558.556596994,idle,0,0,-30,press_SPACE_to_start,75,75,52,23,1,0,0,0,0,0,0,60,0,1,0,5,0,,,,,,,,,,763.500000,,
6.759252,1785212558.667919159,idle,0,0,-30,press_SPACE_to_start,71,71,48,23,2,0,0,0,0,0,0,61,0,1,0,5,0,,,,,,,,,,758.500000,,
6.847233,1785212558.667919159,idle,0,0,-30,press_SPACE_to_start,71,71,48,23,2,0,0,0,0,0,0,61,0,1,0,5,0,,,,,,,,,,758.500000,,
6.936299,1785212558.781626940,idle,0,0,-30,press_SPACE_to_start,73,73,52,21,3,0,0,0,0,0,0,62,0,1,0,5,0,,,,,,,,,,875.250000,,
7.024757,1785212558.893121004,idle,0,0,-30,press_SPACE_to_start,78,78,52,26,3,0,0,0,0,0,0,63,0,1,0,5,0,,,,,,,,,,895.250000,,
7.112759,1785212559.004873037,idle,0,0,-30,press_SPACE_to_start,71,71,47,24,3,0,0,0,0,0,0,64,0,1,0,5,0,,,,,,,,,,927.500000,,
7.201652,1785212559.115818024,idle,0,0,-30,press_SPACE_to_start,72,72,49,23,2,0,0,0,0,0,0,65,0,1,0,5,0,,,,,,,,,,932.750000,,
7.291190,1785212559.115818024,idle,0,0,-30,press_SPACE_to_start,72,72,49,23,2,0,0,0,0,0,0,65,0,1,0,5,0,,,,,,,,,,932.750000,,
7.380336,1785212559.227481127,idle,0,0,-30,press_SPACE_to_start,75,75,50,25,1,0,0,0,0,0,0,66,0,1,0,5,0,,,,,,,,,,936.750000,,
7.469926,1785212559.342803955,idle,0,0,-30,press_SPACE_to_start,76,76,51,25,1,0,0,0,0,0,0,67,0,1,0,5,0,,,,,,,,,,943.500000,,
7.559472,1785212559.453637838,idle,0,0,-30,press_SPACE_to_start,75,75,48,27,1,0,0,0,0,0,0,68,0,1,0,5,0,,,,,,,,,,954.000000,,
7.648336,1785212559.565696001,idle,0,0,-30,press_SPACE_to_start,70,70,47,23,1,0,0,0,0,0,0,69,0,1,0,5,0,,,,,,,,,,960.250000,,
7.742597,1785212559.565696001,idle,0,0,-30,press_SPACE_to_start,70,70,47,23,1,0,0,0,0,0,0,69,0,1,0,5,0,,,,,,,,,,960.250000,,
7.832051,1785212559.680108070,idle,0,0,-30,press_SPACE_to_start,71,71,48,23,1,0,0,0,0,0,0,70,0,1,0,5,0,,,,,,,,,,987.250000,,
7.920938,1785212559.791612864,idle,0,0,-30,press_SPACE_to_start,77,77,52,25,1,0,0,0,0,0,0,71,0,1,0,5,0,,,,,,,,,,1023.500000,,
8.009256,1785212559.902581930,idle,0,0,-30,press_SPACE_to_start,74,74,50,24,1,0,0,0,0,0,0,72,0,1,0,5,0,,,,,,,,,,1105.500000,,
8.098292,1785212560.013571024,idle,0,0,-30,press_SPACE_to_start,72,72,49,23,2,0,0,0,0,0,0,73,0,1,0,5,0,,,,,,,,,,1290.500000,,
8.187960,1785212560.013571024,idle,0,0,-30,press_SPACE_to_start,72,72,49,23,2,0,0,0,0,0,0,73,0,1,0,5,0,,,,,,,,,,1290.500000,,
8.281242,1785212560.125015020,idle,0,0,-30,press_SPACE_to_start,71,71,48,23,1,0,0,0,0,0,0,74,0,1,0,5,0,,,,,,,,,,1291.000000,,
8.369488,1785212560.239125013,idle,0,0,-30,press_SPACE_to_start,71,71,51,20,1,0,0,0,0,0,0,75,0,1,0,5,0,,,,,,,,,,1290.250000,,
8.457204,1785212560.350697994,idle,0,0,-30,press_SPACE_to_start,74,74,50,24,2,0,0,0,0,0,0,76,0,1,0,5,0,,,,,,,,,,1301.000000,,
8.545927,1785212560.462055922,idle,0,0,-30,press_SPACE_to_start,78,78,52,26,1,0,0,0,0,0,0,77,0,1,0,5,0,,,,,,,,,,1303.000000,,
8.635059,1785212560.462055922,idle,0,0,-30,press_SPACE_to_start,78,78,52,26,1,0,0,0,0,0,0,77,0,1,0,5,0,,,,,,,,,,1303.000000,,
8.724453,1785212560.574120045,idle,0,0,-30,press_SPACE_to_start,76,76,53,23,1,0,0,0,0,0,0,78,0,1,0,5,0,,,,,,,,,,1301.000000,,
8.817963,1785212560.685003042,idle,0,0,-30,press_SPACE_to_start,74,74,51,23,1,0,0,0,0,0,0,79,0,1,0,5,0,,,,,,,,,,1298.250000,,
8.906615,1785212560.799215078,idle,0,0,-30,press_SPACE_to_start,76,76,52,24,1,0,0,0,0,0,0,80,0,1,0,5,0,,,,,,,,,,1310.500000,,
8.995509,1785212560.910523891,idle,0,0,-30,press_SPACE_to_start,75,75,51,24,1,0,0,0,0,0,0,81,0,1,0,5,0,,,,,,,,,,1351.250000,,
9.084141,1785212560.910523891,idle,0,0,-30,press_SPACE_to_start,75,75,51,24,1,0,0,0,0,0,0,81,0,1,0,5,0,,,,,,,,,,1351.250000,,
9.172971,1785212561.022947073,idle,0,0,-30,press_SPACE_to_start,72,72,52,20,1,0,0,0,0,0,0,82,0,1,0,5,0,,,,,,,,,,,,
9.261577,1785212561.133554935,idle,0,0,-30,press_SPACE_to_start,73,73,52,21,1,0,0,0,0,0,0,83,0,1,0,5,0,,,,,,,,,,,,
9.354907,1785212561.249008179,idle,0,0,-30,press_SPACE_to_start,74,74,51,23,1,0,0,0,0,0,0,84,0,0,0,5,0,,,,,,,,,,,,
9.443852,1785212561.359770775,idle,0,0,-30,press_SPACE_to_start,74,74,52,22,0,0,0,0,0,0,0,85,0,1,0,5,0,,,,,,,,,,,,
9.532966,1785212561.359770775,idle,0,0,-30,press_SPACE_to_start,74,74,52,22,0,0,0,0,0,0,0,85,0,1,0,5,0,,,,,,,,,,,,
9.622364,1785212561.471574068,idle,0,0,-30,press_SPACE_to_start,79,79,52,27,0,0,0,0,0,0,0,86,0,1,0,5,0,,,,,,,,,,,,
9.711620,1785212561.583210945,idle,0,0,-30,press_SPACE_to_start,77,77,53,24,0,0,0,0,0,0,0,87,0,1,0,5,0,,,,,,,,,,,,
9.800528,1785212561.693575859,idle,0,0,-30,press_SPACE_to_start,80,80,52,28,0,0,0,0,0,0,0,88,0,1,0,5,0,,,,,,,,,,,,
9.893318,1785212561.808677912,idle,0,0,-30,press_SPACE_to_start,77,77,53,24,0,0,0,0,0,0,0,89,0,1,0,5,0,,,,,,,,,,,,
9.981850,1785212561.808677912,idle,0,0,-30,press_SPACE_to_start,77,77,53,24,0,0,0,0,0,0,0,89,0,1,0,5,0,,,,,,,,,,,,
10.069840,1785212561.919410944,idle,0,0,-30,press_SPACE_to_start,78,78,52,25,1,0,0,0,0,0,0,90,0,1,0,5,0,,,,,,,,,,,,
10.157265,1785212562.030822992,idle,0,0,-30,press_SPACE_to_start,79,79,55,24,1,0,0,0,0,0,0,91,0,1,0,5,0,,,,,,,,,,,,
10.245931,1785212562.142257929,idle,0,0,-30,press_SPACE_to_start,80,80,54,26,1,0,0,0,0,0,0,92,0,1,0,5,0,,,,,,,,,,,,
10.334172,1785212562.142257929,idle,0,0,-30,press_SPACE_to_start,80,80,54,26,1,0,0,0,0,0,0,92,0,1,0,5,0,,,,,,,,,,,,
10.427956,1785212562.254159212,idle,0,0,-30,press_SPACE_to_start,77,77,52,25,1,0,0,0,0,0,0,93,0,0,0,5,0,,,,,,,,,,,,
10.516440,1785212562.369117975,idle,0,0,-30,press_SPACE_to_start,71,71,52,19,0,0,0,0,0,0,0,94,0,0,0,5,0,,,,,,,,,,,,
10.603911,1785212562.480188847,idle,0,0,-30,press_SPACE_to_start,72,72,51,21,0,0,0,0,0,0,0,95,0,1,0,5,0,,,,,,,,,,,,
10.693063,1785212562.591067791,idle,0,0,-30,press_SPACE_to_start,72,72,51,21,0,0,0,0,0,0,0,96,0,1,0,5,0,,,,,,,,,,,,
10.781800,1785212562.591067791,idle,0,0,-30,press_SPACE_to_start,72,72,51,21,0,0,0,0,0,0,0,96,0,1,0,5,0,,,,,,,,,,,,
10.870631,1785212562.702135086,idle,0,0,-30,press_SPACE_to_start,75,75,53,22,1,0,0,0,0,0,0,97,0,1,0,5,0,,,,,,,,,,1476.250000,,
10.963606,1785212562.814146996,idle,0,0,-30,press_SPACE_to_start,78,78,55,23,1,0,0,0,0,0,0,98,0,0,0,5,0,,,,,,,,,,,,
11.051853,1785212562.929286957,idle,0,0,-30,press_SPACE_to_start,77,77,56,21,1,0,0,0,0,0,0,99,0,0,0,5,0,,,,,,,,,,,,
11.140264,1785212563.039613962,idle,0,0,-30,press_SPACE_to_start,79,79,54,25,1,0,0,0,0,0,0,100,0,0,0,5,0,,,,,,,,,,,,
11.229421,1785212563.039613962,idle,0,0,-30,press_SPACE_to_start,79,79,54,25,1,0,0,0,0,0,0,100,0,0,0,5,0,,,,,,,,,,,,
11.318388,1785212563.150999069,idle,0,0,-30,press_SPACE_to_start,75,75,54,21,1,0,0,0,0,0,0,101,0,0,0,5,0,,,,,,,,,,,,
11.407134,1785212563.262325048,idle,0,0,-30,press_SPACE_to_start,76,76,53,23,0,0,0,0,0,0,0,102,0,0,0,5,0,,,,,,,,,,,,
11.499615,1785212563.376752853,idle,0,0,-30,press_SPACE_to_start,74,74,54,20,0,0,0,0,0,0,0,103,0,0,0,5,0,,,,,,,,,,,,
11.588097,1785212563.488793135,idle,0,0,-30,press_SPACE_to_start,76,76,55,21,0,0,0,0,0,0,0,104,0,0,0,5,0,,,,,,,,,,,,
11.676713,1785212563.488793135,idle,0,0,-30,press_SPACE_to_start,76,76,55,21,0,0,0,0,0,0,0,104,0,0,0,5,0,,,,,,,,,,,,
11.765604,1785212563.601022959,idle,0,0,-30,press_SPACE_to_start,79,79,55,24,0,0,0,0,0,0,0,105,0,0,0,5,0,,,,,,,,,,,,
11.855021,1785212563.711045980,idle,0,0,-30,press_SPACE_to_start,77,77,56,21,0,0,0,0,0,0,0,106,0,0,0,5,0,,,,,,,,,,,,
11.944827,1785212563.822617054,idle,0,0,-30,press_SPACE_to_start,77,77,55,22,0,0,0,0,0,0,0,107,0,0,0,5,0,,,,,,,,,,,,
12.038266,1785212563.936773062,idle,0,0,-30,press_SPACE_to_start,78,78,55,23,0,0,0,0,0,0,0,108,0,0,0,5,0,,,,,,,,,,,,
12.127044,1785212563.936773062,idle,0,0,-30,press_SPACE_to_start,78,78,55,23,0,0,0,0,0,0,0,108,0,0,0,5,0,,,,,,,,,,,,
12.215820,1785212564.048634768,idle,0,0,-30,press_SPACE_to_start,75,75,54,21,0,0,0,0,0,0,0,109,0,0,0,5,0,,,,,,,,,,,,
12.304984,1785212564.159715176,idle,0,0,-30,press_SPACE_to_start,76,76,54,22,0,0,0,0,0,0,0,110,0,0,0,5,0,,,,,,,,,,,,
12.393435,1785212564.271588087,idle,0,0,-30,press_SPACE_to_start,76,76,55,21,0,0,0,0,0,0,0,111,0,0,0,5,0,,,,,,,,,,,,
12.482887,1785212564.386208057,idle,0,0,-30,press_SPACE_to_start,75,75,54,21,0,0,0,0,0,0,0,112,0,0,0,5,0,,,,,,,,,,,,
12.576215,1785212564.386208057,idle,0,0,-30,press_SPACE_to_start,75,75,54,21,0,0,0,0,0,0,0,112,0,0,0,5,0,,,,,,,,,,,,
12.665408,1785212564.497962952,idle,0,0,-30,press_SPACE_to_start,78,78,55,23,0,0,0,0,0,0,0,113,0,0,0,5,0,,,,,,,,,,,,
12.753944,1785212564.609396935,idle,0,0,-30,press_SPACE_to_start,78,78,55,23,0,0,0,0,0,0,0,114,0,0,0,5,0,,,,,,,,,,,,
12.842516,1785212564.719918013,idle,0,0,-30,press_SPACE_to_start,75,75,55,20,0,0,0,0,0,0,0,115,0,0,0,5,0,,,,,,,,,,,,
12.931757,1785212564.831077814,idle,0,0,-30,press_SPACE_to_start,77,77,55,22,0,0,0,0,0,0,0,116,0,0,0,5,0,,,,,,,,,,,,
13.019862,1785212564.831077814,idle,0,0,-30,press_SPACE_to_start,77,77,55,22,0,0,0,0,0,0,0,116,0,0,0,5,0,,,,,,,,,,,,
13.113056,1785212564.945687056,idle,0,0,-30,press_SPACE_to_start,75,75,55,20,0,0,0,0,0,0,0,117,0,0,0,5,0,,,,,,,,,,,,
13.200105,1785212565.057587862,idle,0,0,-30,press_SPACE_to_start,79,79,55,24,0,0,0,0,0,0,0,118,0,0,0,5,0,,,,,,,,,,,,
13.287779,1785212565.169064045,idle,0,0,-30,press_SPACE_to_start,80,80,55,25,0,0,0,0,0,0,0,119,0,0,0,5,0,,,,,,,,,,,,
13.376910,1785212565.280604839,idle,0,0,-30,press_SPACE_to_start,79,79,55,24,0,0,0,0,0,0,0,120,0,0,0,5,0,,,,,,,,,,,,
13.466025,1785212565.280604839,idle,0,0,-30,press_SPACE_to_start,79,79,55,24,0,0,0,0,0,0,0,120,0,0,0,5,0,,,,,,,,,,,,
13.555844,1785212565.394457102,idle,0,0,-30,press_SPACE_to_start,79,79,56,23,0,0,0,0,0,0,0,121,0,0,0,5,0,,,,,,,,,,,,
13.649290,1785212565.505855083,idle,0,0,-30,press_SPACE_to_start,77,77,55,22,0,0,0,0,0,0,0,122,0,0,0,5,0,,,,,,,,,,,,
13.737537,1785212565.617793083,idle,0,0,-30,press_SPACE_to_start,81,81,57,24,0,0,0,0,0,0,0,123,0,0,0,5,0,,,,,,,,,,,,
13.826620,1785212565.728678942,idle,0,0,-30,press_SPACE_to_start,80,80,55,25,0,0,0,0,0,0,0,124,0,0,0,5,0,,,,,,,,,,,,
13.915803,1785212565.728678942,idle,0,0,-30,press_SPACE_to_start,80,80,55,25,0,0,0,0,0,0,0,124,0,0,0,5,0,,,,,,,,,,,,
14.004577,1785212565.840342045,idle,0,0,-30,press_SPACE_to_start,81,81,55,26,0,0,0,0,0,0,0,125,0,0,0,5,0,,,,,,,,,,,,
14.093671,1785212565.955289125,idle,0,0,-30,press_SPACE_to_start,76,76,55,21,0,0,0,0,0,0,0,126,0,0,0,5,0,,,,,,,,,,,,
14.186383,1785212566.066653967,idle,0,0,-30,press_SPACE_to_start,78,78,54,24,0,0,0,0,0,0,0,127,0,0,0,5,0,,,,,,,,,,,,
14.275345,1785212566.177771091,idle,0,0,-30,press_SPACE_to_start,75,75,55,20,0,0,0,0,0,0,0,128,0,0,0,5,0,,,,,,,,,,,,
14.363729,1785212566.177771091,idle,0,0,-30,press_SPACE_to_start,75,75,55,20,0,0,0,0,0,0,0,128,0,0,0,5,0,,,,,,,,,,,,
14.452671,1785212566.289498091,idle,0,0,-30,press_SPACE_to_start,78,78,55,23,0,0,0,0,0,0,0,129,0,0,0,5,0,,,,,,,,,,,,
14.541179,1785212566.400389194,idle,0,0,-30,press_SPACE_to_start,77,77,54,23,0,0,0,0,0,0,0,130,0,0,0,5,0,,,,,,,,,,,,
14.629603,1785212566.515105963,idle,0,0,-30,press_SPACE_to_start,79,79,54,25,0,0,0,0,0,0,0,131,0,0,0,5,0,,,,,,,,,,,,
14.722985,1785212566.626933098,idle,0,0,-30,press_SPACE_to_start,81,81,56,25,0,0,0,0,0,0,0,132,0,0,0,5,0,,,,,,,,,,,,
14.811065,1785212566.626933098,idle,0,0,-30,press_SPACE_to_start,81,81,56,25,0,0,0,0,0,0,0,132,0,0,0,5,0,,,,,,,,,,,,
14.900312,1785212566.738178015,idle,0,0,-30,press_SPACE_to_start,80,80,57,23,0,0,0,0,0,0,0,133,0,0,0,5,0,,,,,,,,,,,,
14.989133,1785212566.852903843,idle,0,0,-30,press_SPACE_to_start,82,82,54,28,0,0,0,0,0,0,0,134,0,0,0,5,0,,,,,,,,,,,,
15.077711,1785212566.964033127,idle,0,0,-30,press_SPACE_to_start,79,79,56,23,0,0,0,0,0,0,0,135,0,0,0,5,0,,,,,,,,,,,,
15.165732,1785212567.074608803,idle,0,0,-30,press_SPACE_to_start,75,75,54,21,0,0,0,0,0,0,0,136,0,0,0,5,0,,,,,,,,,,,,
15.259577,1785212567.074608803,idle,0,0,-30,press_SPACE_to_start,75,75,54,21,0,0,0,0,0,0,0,136,0,0,0,5,0,,,,,,,,,,,,
15.348503,1785212567.186565876,idle,0,0,-30,press_SPACE_to_start,76,76,53,23,0,0,0,0,0,0,0,137,0,0,0,5,0,,,,,,,,,,,,
15.437349,1785212567.297623158,idle,0,0,-30,press_SPACE_to_start,76,76,55,21,0,0,0,0,0,0,0,138,0,0,0,5,0,,,,,,,,,,,,
15.525823,1785212567.412165880,idle,0,0,-30,press_SPACE_to_start,75,75,55,20,0,0,0,0,0,0,0,139,0,0,0,5,0,,,,,,,,,,,,
15.614935,1785212567.523791790,idle,0,0,-30,press_SPACE_to_start,80,80,55,25,0,0,0,0,0,0,0,140,0,0,0,5,0,,,,,,,,,,,,
15.704328,1785212567.523791790,idle,0,0,-30,press_SPACE_to_start,80,80,55,25,0,0,0,0,0,0,0,140,0,0,0,5,0,,,,,,,,,,,,
15.797974,1785212567.634737968,idle,0,0,-30,press_SPACE_to_start,82,82,55,27,0,0,0,0,0,0,0,141,0,0,0,5,0,,,,,,,,,,,,
15.886639,1785212567.746862173,idle,0,0,-30,press_SPACE_to_start,76,76,54,22,0,0,0,0,0,0,0,142,0,0,0,5,0,,,,,,,,,,,,
15.975137,1785212567.858092070,idle,0,0,-30,press_SPACE_to_start,76,76,54,22,0,0,0,0,0,0,0,143,0,0,0,5,0,,,,,,,,,,,,
16.064643,1785212567.972487926,idle,0,0,-30,press_SPACE_to_start,82,82,55,27,0,0,0,0,0,0,0,144,0,0,0,5,0,,,,,,,,,,,,
16.153148,1785212567.972487926,idle,0,0,-30,press_SPACE_to_start,82,82,55,27,0,0,0,0,0,0,0,144,0,0,0,5,0,,,,,,,,,,,,
16.239402,1785212568.083462954,idle,0,0,-30,press_SPACE_to_start,75,75,54,21,0,0,0,0,0,0,0,145,0,0,0,5,0,,,,,,,,,,,,
16.333515,1785212568.195077181,idle,0,0,-30,press_SPACE_to_start,75,75,54,21,0,0,0,0,0,0,0,146,0,0,0,5,0,,,,,,,,,,,,
16.422182,1785212568.306188107,idle,0,0,-30,press_SPACE_to_start,76,76,55,21,0,0,0,0,0,0,0,147,0,0,0,5,0,,,,,,,,,,,,
16.510760,1785212568.420804024,idle,0,0,-30,press_SPACE_to_start,76,76,55,21,0,0,0,0,0,0,0,148,0,0,0,5,0,,,,,,,,,,,,
16.598747,1785212568.420804024,idle,0,0,-30,press_SPACE_to_start,76,76,55,21,0,0,0,0,0,0,0,148,0,0,0,5,0,,,,,,,,,,,,
16.687949,1785212568.532403946,idle,0,0,-30,press_SPACE_to_start,77,77,53,24,0,0,0,0,0,0,0,149,0,0,0,5,0,,,,,,,,,,,,
16.777240,1785212568.644076109,idle,0,0,-30,press_SPACE_to_start,79,79,54,25,0,0,0,0,0,0,0,150,0,0,0,5,0,,,,,,,,,,,,
16.870697,1785212568.755819082,idle,0,0,-30,press_SPACE_to_start,79,79,54,25,0,0,0,0,0,0,0,151,0,0,0,5,0,,,,,,,,,,,,
16.959194,1785212568.866767883,idle,0,0,-30,press_SPACE_to_start,82,82,55,27,0,0,0,0,0,0,0,152,0,0,0,5,0,,,,,,,,,,,,
17.048228,1785212568.866767883,idle,0,0,-30,press_SPACE_to_start,82,82,55,27,0,0,0,0,0,0,0,152,0,0,0,5,0,,,,,,,,,,,,
17.137280,1785212568.981809855,idle,0,0,-30,press_SPACE_to_start,80,80,55,25,0,0,0,0,0,0,0,153,0,0,0,5,0,,,,,,,,,,,,
17.218595,1785212569.093270063,search_first_car,50,-30,-30,paper_search_first_vehicle,78,78,55,23,0,0,0,0,0,0,0,2,0,0,0,2,0,,,,,,,,,,,,
17.307043,1785212569.203872919,search_first_car,50,-30,-30,paper_search_first_vehicle,83,83,56,27,0,0,0,0,0,0,0,3,0,0,0,3,0,,,,,,,,,,,,
17.399993,1785212569.315294981,search_first_car,50,-30,-30,paper_search_first_vehicle,79,79,55,24,0,0,0,0,0,0,0,4,0,0,0,4,0,,,,,,,,,,,,
17.488442,1785212569.315294981,search_first_car,50,-30,-30,paper_search_first_vehicle,79,79,55,24,0,0,0,0,0,0,0,4,0,0,0,4,0,,,,,,,,,,,,
17.577309,1785212569.429583073,search_first_car,50,-30,-30,paper_search_first_vehicle,76,76,54,22,0,0,0,0,0,0,0,5,0,0,0,5,0,,,,,,,,,,,,
17.665507,1785212569.541763067,search_first_car,50,-30,-30,paper_search_first_vehicle,83,83,56,27,0,0,0,0,0,0,0,6,0,0,0,5,0,,,,,,,,,,,,
17.755117,1785212569.653255939,search_first_car,50,-30,-30,paper_search_first_vehicle,78,78,55,23,0,0,0,0,0,0,0,7,0,0,0,5,0,,,,,,,,,,,,
17.843219,1785212569.653255939,search_first_car,50,-30,-30,paper_search_first_vehicle,78,78,55,23,0,0,0,0,0,0,0,7,0,0,0,5,0,,,,,,,,,,,,
17.937031,1785212569.764495134,search_first_car,50,-30,-30,paper_search_first_vehicle,78,78,55,23,0,0,0,0,0,0,0,8,0,0,0,5,0,,,,,,,,,,,,
18.025764,1785212569.878322840,search_first_car,50,-30,-30,paper_search_first_vehicle,75,75,54,21,0,0,0,0,0,0,0,9,0,0,0,5,0,,,,,,,,,,,,
18.114564,1785212569.990390062,search_first_car,50,-30,-30,paper_search_first_vehicle,78,78,55,23,0,0,0,0,0,0,0,10,0,0,0,5,0,,,,,,,,,,,,
18.204113,1785212570.100845098,search_first_car,50,-30,-30,paper_search_first_vehicle,69,69,48,21,0,0,0,0,0,0,0,11,0,0,0,5,0,,,,,,,,,,,,
18.293564,1785212570.100845098,search_first_car,50,-30,-30,paper_search_first_vehicle,69,69,48,21,0,0,0,0,0,0,0,11,0,0,0,5,0,,,,,,,,,,,,
18.383411,1785212570.213387966,search_first_car,50,-30,-30,paper_search_first_vehicle,73,73,52,21,0,0,0,0,0,0,0,12,0,0,0,5,0,,,,,,,,,,,,
18.477024,1785212570.324414015,search_first_car,50,-30,-30,paper_search_first_vehicle,69,69,45,24,0,0,0,0,0,0,0,13,0,0,0,5,0,,,,,,,,,,,,
18.564914,1785212570.438890934,search_first_car,50,-30,-30,paper_search_first_vehicle,70,70,47,23,0,0,0,0,0,0,0,14,0,0,0,5,0,,,,,,,,,,,,
18.653520,1785212570.549754858,search_first_car,50,-30,-30,paper_search_first_vehicle,75,75,49,26,0,0,0,0,0,0,0,15,0,0,0,5,0,,,,,,,,,,,,
18.742664,1785212570.549754858,search_first_car,50,-30,-30,paper_search_first_vehicle,75,75,49,26,0,0,0,0,0,0,0,15,0,0,0,5,0,,,,,,,,,,,,
18.831595,1785212570.661233902,search_first_car,50,-30,-30,paper_search_first_vehicle,67,67,48,19,0,0,0,0,0,0,0,16,0,0,0,5,0,,,,,,,,,,,,
18.920627,1785212570.772835016,search_first_car,50,-30,-30,paper_search_first_vehicle,71,71,43,28,0,0,0,0,0,0,0,17,0,0,0,5,0,,,,,,,,,,,,
18.970785,1785212570.886971951,search_first_car,50,-30,-30,paper_search_first_vehicle,68,68,45,23,0,0,0,0,0,0,0,18,0,0,0,5,0,,,,,,,,,,,,
19.058807,1785212570.886971951,search_first_car,50,-30,-30,paper_search_first_vehicle,68,68,45,23,0,0,0,0,0,0,0,18,0,0,0,5,0,,,,,,,,,,,,
19.147254,1785212570.998558998,search_first_car,50,-30,-30,paper_search_first_vehicle,67,67,43,24,0,0,0,0,0,0,0,19,0,0,0,5,0,,,,,,,,,,,,
19.235090,1785212571.109780073,search_first_car,50,-30,-30,paper_search_first_vehicle,69,69,47,22,0,0,0,0,0,0,0,20,0,0,0,5,0,,,,,,,,,,,,
19.322849,1785212571.222139835,search_first_car,50,-30,-30,paper_search_first_vehicle,67,67,47,20,0,0,0,0,0,0,0,21,0,0,0,5,0,,,,,,,,,,,,
19.411470,1785212571.222139835,search_first_car,50,-30,-30,paper_search_first_vehicle,67,67,47,20,0,0,0,0,0,0,0,21,0,0,0,5,0,,,,,,,,,,,,
19.505969,1785212571.332813978,search_first_car,50,-30,-30,paper_search_first_vehicle,66,66,47,19,0,0,0,0,0,0,0,22,0,0,0,5,0,,,,,,,,,,,,
19.594404,1785212571.447561026,search_first_car,50,-30,-30,paper_search_first_vehicle,66,66,45,21,0,0,0,0,0,0,0,23,0,0,0,5,0,,,,,,,,,,,,
19.681747,1785212571.558661938,search_first_car,50,-30,-30,paper_search_first_vehicle,66,66,42,24,0,0,0,0,0,0,0,24,0,0,0,5,0,,,,,,,,,,,,
19.771275,1785212571.670391083,search_first_car,50,-30,-30,paper_search_first_vehicle,61,61,39,22,0,0,0,0,0,0,0,25,0,0,0,5,0,,,,,,,,,,,,
19.860159,1785212571.670391083,search_first_car,50,-30,-30,paper_search_first_vehicle,61,61,39,22,0,0,0,0,0,0,0,25,0,0,0,5,0,,,,,,,,,,,,
19.949059,1785212571.781793118,search_first_car,50,-30,-30,paper_search_first_vehicle,59,59,37,22,0,0,0,0,0,0,0,26,0,0,0,5,0,,,,,,,,,,,,
20.043198,1785212571.896182060,search_first_car,50,-30,-30,paper_search_first_vehicle,64,64,41,23,0,0,0,0,0,0,0,27,0,0,0,5,0,,,,,,,,,,,,
20.131678,1785212572.007336855,search_first_car,50,-30,-30,paper_search_first_vehicle,61,61,36,25,0,0,0,0,0,0,0,28,0,0,0,5,0,,,,,,,,,,,,
20.219546,1785212572.118984938,search_first_car,50,-30,-30,paper_search_first_vehicle,65,65,42,23,0,0,0,0,0,0,0,29,0,0,0,5,0,,,,,,,,,,,,
20.308409,1785212572.118984938,search_first_car,50,-30,-30,paper_search_first_vehicle,65,65,42,23,0,0,0,0,0,0,0,29,0,0,0,5,0,,,,,,,,,,,,
20.398050,1785212572.229712963,search_first_car,50,-30,-30,paper_search_first_vehicle,61,61,38,23,0,0,0,0,0,0,0,30,0,0,0,5,0,,,,,,,,,,,,
20.486955,1785212572.344285965,search_first_car,50,-30,-30,paper_search_first_vehicle,60,60,38,22,0,0,0,0,0,0,0,31,0,0,0,5,0,,,,,,,,,,,,
20.581020,1785212572.456498861,search_first_car,50,-30,-30,paper_search_first_vehicle,61,61,37,24,0,0,0,0,0,0,0,32,0,0,0,5,0,,,,,,,,,,,,
20.669418,1785212572.567620039,search_first_car,50,-30,-30,paper_search_first_vehicle,64,64,39,25,0,0,0,0,0,0,0,33,0,0,0,5,0,,,,,,,,,,,,
20.757621,1785212572.567620039,search_first_car,50,-30,-30,paper_search_first_vehicle,64,64,39,25,0,0,0,0,0,0,0,33,0,0,0,5,0,,,,,,,,,,,,
20.846183,1785212572.678865910,search_first_car,50,-30,-30,paper_search_first_vehicle,56,56,36,20,0,0,0,0,0,0,0,34,0,0,0,5,0,,,,,,,,,,,,
20.933996,1785212572.790345907,search_first_car,50,-30,-30,paper_search_first_vehicle,60,60,36,24,0,0,0,0,0,0,0,35,0,0,0,5,0,,,,,,,,,,,,
21.022673,1785212572.904489040,search_first_car,50,-30,-30,paper_search_first_vehicle,52,52,33,19,0,0,0,0,0,0,0,36,0,0,0,5,0,,,,,,,,,,,,
21.116888,1785212573.016348839,search_first_car,50,-30,-30,paper_search_first_vehicle,57,57,32,25,0,0,0,0,0,0,0,37,0,0,0,5,0,,,,,,,,,,,,
21.204640,1785212573.016348839,search_first_car,50,-30,-30,paper_search_first_vehicle,57,57,32,25,0,0,0,0,0,0,0,37,0,0,0,5,0,,,,,,,,,,,,
21.293169,1785212573.129096985,search_first_car,50,-30,-30,paper_search_first_vehicle,51,51,31,20,0,0,0,0,0,0,0,38,0,0,0,5,0,,,,,,,,,,,,
21.382071,1785212573.239496946,search_first_car,50,-30,-30,paper_search_first_vehicle,52,52,30,22,0,0,0,0,0,0,0,39,0,0,0,5,0,,,,,,,,,,,,
21.470570,1785212573.353024006,search_first_car,50,-30,-30,paper_search_first_vehicle,52,52,28,24,0,0,0,0,0,0,0,40,0,0,0,5,0,,,,,,,,,,,,
21.558804,1785212573.465411186,search_first_car,50,-30,-30,paper_search_first_vehicle,49,49,25,24,0,0,0,0,0,0,0,41,0,0,0,5,0,,,,,,,,,,,,
21.651818,1785212573.465411186,search_first_car,50,-30,-30,paper_search_first_vehicle,49,49,25,24,0,0,0,0,0,0,0,41,0,0,0,5,0,,,,,,,,,,,,
21.740723,1785212573.576167822,search_first_car,50,-30,-30,paper_search_first_vehicle,52,52,28,24,0,0,0,0,0,0,0,42,0,0,0,5,0,,,,,,,,,,,,
21.829094,1785212573.687191963,search_first_car,50,-30,-30,paper_search_first_vehicle,51,51,26,25,0,0,0,0,0,0,0,43,0,0,0,5,0,,,,,,,,,,,,
21.917225,1785212573.802342892,search_first_car,50,-30,-30,paper_search_first_vehicle,47,47,28,19,0,0,0,0,0,0,0,44,0,0,0,5,0,,,,,,,,,,,,
22.006010,1785212573.913161993,search_first_car,50,-30,-30,paper_search_first_vehicle,49,49,25,24,0,0,0,0,0,0,0,45,0,0,0,5,0,,,,,,,,,,,,
22.094205,1785212573.913161993,search_first_car,50,-30,-30,paper_search_first_vehicle,49,49,25,24,0,0,0,0,0,0,0,45,0,0,0,5,0,,,,,,,,,,,,
22.188036,1785212574.024925947,search_first_car,50,-30,-30,paper_search_first_vehicle,50,50,27,23,0,0,0,0,0,0,0,46,0,0,0,5,0,,,,,,,,,,,,
22.275665,1785212574.135776043,search_first_car,50,-30,-30,paper_search_first_vehicle,51,51,27,24,0,0,0,0,0,0,0,47,0,0,0,5,0,,,,,,,,,,,,
22.364448,1785212574.247749090,search_first_car,50,-30,-30,paper_search_first_vehicle,54,54,30,24,0,0,0,0,0,0,0,48,0,0,0,5,0,,,,,,,,,,,,
22.453331,1785212574.362383127,search_first_car,50,-30,-30,paper_search_first_vehicle,47,47,26,21,0,0,0,0,0,0,0,49,0,0,0,5,0,,,,,,,,,,,,
22.542316,1785212574.362383127,search_first_car,50,-30,-30,paper_search_first_vehicle,47,47,26,21,0,0,0,0,0,0,0,49,0,0,0,5,0,,,,,,,,,,,,
22.630673,1785212574.474257946,search_first_car,50,-30,-30,paper_search_first_vehicle,46,46,23,23,0,0,0,0,0,0,0,50,0,0,0,5,0,,,,,,,,,,,,
22.724441,1785212574.584847212,search_first_car,50,-30,-30,paper_search_first_vehicle,44,44,24,20,0,0,0,0,0,0,0,51,0,0,0,5,0,,,,,,,,,,,,
22.812515,1785212574.696377039,search_first_car,50,-30,-30,paper_search_first_vehicle,40,40,22,18,0,0,0,0,0,0,0,52,0,0,0,5,0,,,,,,,,,,,,
22.900448,1785212574.811500072,search_first_car,50,-30,-30,paper_search_first_vehicle,42,42,20,22,0,0,0,0,0,0,0,53,0,0,0,5,0,,,,,,,,,,,,
22.989092,1785212574.811500072,search_first_car,50,-30,-30,paper_search_first_vehicle,42,42,20,22,0,0,0,0,0,0,0,53,0,0,0,5,0,,,,,,,,,,,,
23.076670,1785212574.922177076,search_first_car,50,-30,-30,paper_search_first_vehicle,41,41,21,20,0,0,0,0,0,0,0,54,0,0,0,5,0,,,,,,,,,,,,
23.165451,1785212575.033902168,search_first_car,50,-30,-30,paper_search_first_vehicle,34,34,16,18,0,0,0,0,0,0,0,55,0,0,0,5,0,,,,,,,,,,,,
23.258940,1785212575.145355940,search_first_car,50,-30,-30,paper_search_first_vehicle,36,36,17,19,0,0,0,0,0,0,0,56,0,0,0,5,0,,,,,,,,,,,,
23.347031,1785212575.257190943,search_first_car,50,-30,-30,paper_search_first_vehicle,37,37,16,21,0,0,0,0,0,0,0,57,0,0,0,5,0,,,,,,,,,,,,
23.435420,1785212575.257190943,search_first_car,50,-30,-30,paper_search_first_vehicle,37,37,16,21,0,0,0,0,0,0,0,57,0,0,0,5,0,,,,,,,,,,,,
23.524081,1785212575.371092081,search_first_car,50,-30,-30,paper_search_first_vehicle,40,40,15,25,0,0,0,0,0,0,0,58,0,0,0,5,0,,,,,,,,,,,,
23.612873,1785212575.483203173,search_first_car,50,-30,-30,paper_search_first_vehicle,34,34,12,22,0,0,0,0,0,0,0,59,0,0,0,5,0,,,,,,,,,,,,
23.701711,1785212575.594169140,search_first_car,50,-30,-30,paper_search_first_vehicle,32,32,14,18,0,0,0,0,0,0,0,60,0,0,0,5,0,,,,,,,,,,,,
23.795175,1785212575.704947948,search_first_car,50,-30,-30,paper_search_first_vehicle,40,40,13,27,0,0,0,0,0,0,0,61,0,0,0,5,0,,,,,,,,,,,,
23.883084,1785212575.704947948,search_first_car,50,-30,-30,paper_search_first_vehicle,40,40,13,27,0,0,0,0,0,0,0,61,0,0,0,5,0,,,,,,,,,,,,
23.971412,1785212575.816462994,search_first_car,50,-30,-30,paper_search_first_vehicle,34,34,14,20,0,0,0,0,0,0,0,62,0,0,0,5,0,,,,,,,,,,,,
24.059689,1785212575.931787014,search_first_car,50,-30,-30,paper_search_first_vehicle,36,36,12,24,0,0,0,0,0,0,0,63,0,0,0,5,0,,,,,,,,,,,,
24.148221,1785212576.042315006,search_first_car,50,-30,-30,paper_search_first_vehicle,28,28,9,19,0,0,0,0,0,0,0,64,0,0,0,5,0,,,,,,,,,,,,
24.236747,1785212576.154232025,search_first_car,50,-30,-30,paper_search_first_vehicle,27,27,10,17,0,0,0,0,0,0,0,65,0,0,0,5,0,,,,,,,,,,,,
24.329102,1785212576.154232025,search_first_car,50,-30,-30,paper_search_first_vehicle,27,27,10,17,0,0,0,0,0,0,0,65,0,0,0,5,0,,,,,,,,,,,,
24.416471,1785212576.268738985,search_first_car,50,-30,-30,paper_search_first_vehicle,36,36,13,23,0,0,0,0,0,0,0,66,0,0,0,5,0,,,,,,,,,,,,
24.504928,1785212576.379717827,search_first_car,50,-30,-30,paper_search_first_vehicle,29,29,11,18,0,0,0,0,0,0,0,67,0,0,0,5,0,,,,,,,,,,,,
24.593426,1785212576.490758896,search_first_car,50,-30,-30,paper_search_first_vehicle,29,29,12,17,0,0,0,0,0,0,0,68,0,0,0,5,0,,,,,,,,,,,,
24.681909,1785212576.490758896,search_first_car,50,-30,-30,paper_search_first_vehicle,29,29,12,17,0,0,0,0,0,0,0,68,0,0,0,5,0,,,,,,,,,,,,
24.769149,1785212576.602118969,search_first_car,50,-30,-30,paper_search_first_vehicle,30,30,13,17,0,0,0,0,0,0,0,69,0,0,0,5,0,,,,,,,,,,,,
24.862310,1785212576.717541218,search_first_car,50,-30,-30,paper_search_first_vehicle,31,31,11,20,0,0,0,0,0,0,0,70,0,0,0,5,0,,,,,,,,,,,,
24.950141,1785212576.828031063,search_first_car,50,-30,-30,paper_search_first_vehicle,24,24,9,15,0,0,0,0,0,0,0,71,0,0,0,5,0,,,,,,,,,,,,
25.038484,1785212576.940352917,search_first_car,50,-30,-30,paper_search_first_vehicle,25,25,7,18,0,0,0,0,0,0,0,72,0,0,0,5,0,,,,,,,,,,,,
25.126216,1785212576.940352917,search_first_car,50,-30,-30,paper_search_first_vehicle,25,25,7,18,0,0,0,0,0,0,0,72,0,0,0,5,0,,,,,,,,,,,,
25.214060,1785212577.051465988,search_first_car,50,-30,-30,paper_search_first_vehicle,28,28,11,17,0,0,0,0,0,0,0,73,0,0,0,5,0,,,,,,,,,,,,
25.300559,1785212577.162930965,search_first_car,50,-30,-30,paper_search_first_vehicle,26,26,8,18,0,0,0,0,0,0,0,74,0,0,0,5,0,,,,,,,,,,,,
25.393675,1785212577.277587891,search_first_car,50,-30,-30,paper_search_first_vehicle,30,30,12,18,0,0,0,0,0,0,0,75,0,0,0,5,0,,,,,,,,,,,,
25.481485,1785212577.388660908,search_first_car,50,-30,-30,paper_search_first_vehicle,22,22,8,14,0,0,0,0,0,0,0,76,0,0,0,5,0,,,,,,,,,,,,
25.569383,1785212577.388660908,search_first_car,50,-30,-30,paper_search_first_vehicle,22,22,8,14,0,0,0,0,0,0,0,76,0,0,0,5,0,,,,,,,,,,,,
25.657751,1785212577.500003099,search_first_car,50,-30,-30,paper_search_first_vehicle,20,20,5,15,0,0,0,0,0,0,0,77,0,0,0,5,0,,,,,,,,,,,,
25.745782,1785212577.611521959,search_first_car,50,-30,-30,paper_search_first_vehicle,20,20,3,17,0,0,0,0,0,0,0,78,0,0,0,5,0,,,,,,,,,,,,
25.833261,1785212577.726408005,search_first_car,50,-30,-30,paper_search_first_vehicle,23,23,6,17,0,0,0,0,0,0,0,79,0,0,0,5,0,,,,,,,,,,,,
25.926218,1785212577.837085009,search_first_car,50,-30,-30,paper_search_first_vehicle,22,22,6,16,0,0,0,0,0,0,0,80,0,0,0,5,0,,,,,,,,,,,,
26.013902,1785212577.837085009,search_first_car,50,-30,-30,paper_search_first_vehicle,22,22,6,16,0,0,0,0,0,0,0,80,0,0,0,5,0,,,,,,,,,,,,
26.101967,1785212577.948270082,search_first_car,50,-30,-30,paper_search_first_vehicle,23,23,7,16,0,0,0,0,0,0,0,81,0,0,0,5,0,,,,,,,,,,,,
26.189915,1785212578.060298920,search_first_car,50,-30,-30,paper_search_first_vehicle,20,20,6,14,0,0,0,0,0,0,0,82,0,0,0,5,0,,,,,,,,,,,,
26.277967,1785212578.174999952,search_first_car,50,-30,-30,paper_search_first_vehicle,23,23,7,16,0,0,0,0,0,0,0,83,0,0,0,5,0,,,,,,,,,,,,
26.366102,1785212578.174999952,search_first_car,50,-30,-30,paper_search_first_vehicle,23,23,7,16,0,0,0,0,0,0,0,83,0,0,0,5,0,,,,,,,,,,,,
26.458351,1785212578.285971880,search_first_car,50,-30,-30,paper_search_first_vehicle,18,18,4,14,0,0,0,0,0,0,0,84,0,0,0,5,0,,,,,,,,,,,,
26.545827,1785212578.397803068,search_first_car,50,-30,-30,paper_search_first_vehicle,16,16,2,14,0,0,0,0,0,0,0,85,0,0,0,5,0,,,,,,,,,,,,
26.634159,1785212578.508815050,search_first_car,50,-30,-30,paper_search_first_vehicle,19,19,4,15,0,0,0,0,0,0,0,86,0,0,0,5,0,,,,,,,,,,,,
26.722664,1785212578.623812199,search_first_car,50,-30,-30,paper_search_first_vehicle,18,18,3,15,0,0,0,0,0,0,0,87,0,0,0,5,0,,,,,,,,,,,,
26.811059,1785212578.623812199,search_first_car,50,-30,-30,paper_search_first_vehicle,18,18,3,15,0,0,0,0,0,0,0,87,0,0,0,5,0,,,,,,,,,,,,
26.899435,1785212578.734306097,search_first_car,50,-30,-30,paper_search_first_vehicle,20,20,7,13,1,0,0,0,0,0,0,88,0,0,0,5,0,,,,,,,,,,,,
26.992618,1785212578.846730947,search_first_car,50,-30,-30,paper_search_first_vehicle,18,18,5,13,1,0,0,0,0,0,0,89,0,0,0,5,0,,,,,,,,,,,,
27.080479,1785212578.958102942,search_first_car,50,-30,-30,paper_search_first_vehicle,20,20,7,13,1,0,0,0,0,0,0,90,0,0,0,5,0,,,,,,,,,,,,
27.169091,1785212579.071862936,search_first_car,50,-30,-30,paper_search_first_vehicle,23,23,10,13,2,0,0,0,0,0,0,91,0,0,0,5,0,,,,,,,,,,,,
27.257611,1785212579.071862936,search_first_car,50,-30,-30,paper_search_first_vehicle,23,23,10,13,2,0,0,0,0,0,0,91,0,0,0,5,0,,,,,,,,,,,,
27.346148,1785212579.183067799,search_first_car,50,-30,-30,paper_search_first_vehicle,19,19,6,13,2,0,0,0,0,0,0,92,0,0,0,5,0,,,,,,,,,,,,
27.433812,1785212579.294912100,search_first_car,50,-30,-30,paper_search_first_vehicle,18,18,8,10,2,0,0,0,0,0,0,93,0,0,0,5,0,,,,,,,,,,,,
27.527122,1785212579.407128096,search_first_car,50,-30,-30,paper_search_first_vehicle,20,20,9,11,2,0,0,0,0,0,0,94,0,0,0,5,0,,,,,,,,,,,,
27.615592,1785212579.517774105,search_first_car,50,-30,-30,paper_search_first_vehicle,20,20,10,10,2,0,0,0,0,0,0,95,0,0,0,5,0,,,,,,,,,,,,
27.704095,1785212579.517774105,search_first_car,50,-30,-30,paper_search_first_vehicle,20,20,10,10,2,0,0,0,0,0,0,95,0,0,0,5,0,,,,,,,,,,,,
27.792428,1785212579.632162094,search_first_car,50,-30,-30,paper_search_first_vehicle,20,20,7,13,2,0,0,0,0,0,0,96,0,0,0,5,0,,,,,,,,,,,,
27.880882,1785212579.743673086,search_first_car,50,-30,-30,paper_search_first_vehicle,21,21,10,11,1,0,0,0,0,0,0,97,0,0,0,5,0,,,,,,,,,,,,
27.968991,1785212579.855119944,search_first_car,50,-30,-30,paper_search_first_vehicle,21,21,8,13,2,0,0,0,0,0,0,98,0,0,0,5,0,,,,,,,,,,,,
28.062061,1785212579.966721058,search_first_car,50,-30,-30,paper_search_first_vehicle,18,18,8,10,2,0,0,0,0,0,0,99,0,0,0,5,0,,,,,,,,,,,,
28.150263,1785212579.966721058,search_first_car,50,-30,-30,paper_search_first_vehicle,18,18,8,10,2,0,0,0,0,0,0,99,0,0,0,5,0,,,,,,,,,,,,
28.237290,1785212580.081005096,search_first_car,50,-30,-30,paper_search_first_vehicle,18,18,7,11,1,0,0,0,0,0,0,100,0,0,0,5,0,,,,,,,,,,,,
28.326841,1785212580.192821026,search_first_car,50,-30,-30,paper_search_first_vehicle,21,21,12,9,2,0,0,0,0,0,0,101,0,0,0,5,0,,,,,,,,,,,,
28.415827,1785212580.303591967,search_first_car,50,-30,-30,paper_search_first_vehicle,22,22,12,10,2,0,0,0,0,0,0,102,0,0,0,5,0,,,,,,,,,,,,
28.503560,1785212580.415036917,search_first_car,50,-30,-30,paper_search_first_vehicle,18,18,10,8,1,0,0,0,0,0,0,103,0,0,0,5,0,,,,,,,,,,,,
28.596578,1785212580.415036917,search_first_car,50,-30,-30,paper_search_first_vehicle,18,18,10,8,1,0,0,0,0,0,0,103,0,0,0,5,0,,,,,,,,,,,,
28.685667,1785212580.530192852,search_first_car,50,-30,-30,paper_search_first_vehicle,23,23,12,11,1,0,0,0,0,0,0,104,0,0,0,5,0,,,,,,,,,,,,
28.774729,1785212580.641340017,search_first_car,50,-30,-30,paper_search_first_vehicle,21,21,9,12,1,0,0,0,0,0,0,105,0,0,0,5,0,,,,,,,,,,,,
28.863555,1785212580.752512932,search_first_car,50,-30,-30,paper_search_first_vehicle,16,16,7,9,2,0,0,0,0,0,0,106,0,0,0,5,0,,,,,,,,,,,,
28.952609,1785212580.863540888,search_first_car,50,-30,-30,paper_search_first_vehicle,17,17,8,9,2,0,0,0,0,0,0,107,0,0,0,5,0,,,,,,,,,,,,
29.041498,1785212580.863540888,search_first_car,50,-30,-30,paper_search_first_vehicle,17,17,8,9,2,0,0,0,0,0,0,107,0,0,0,5,0,,,,,,,,,,,,
29.135827,1785212580.978779793,search_first_car,50,-30,-30,paper_search_first_vehicle,19,19,6,13,2,0,0,0,0,0,0,108,0,0,0,5,0,,,,,,,,,,,,
29.224308,1785212581.089619875,search_first_car,50,-30,-30,paper_search_first_vehicle,18,18,8,10,2,0,0,0,0,0,0,109,0,0,0,5,0,,,,,,,,,,,,
29.313273,1785212581.200810909,search_first_car,50,-30,-30,paper_search_first_vehicle,20,20,6,14,1,0,0,0,0,0,0,110,0,0,0,5,0,,,,,,,,,,,,
29.401743,1785212581.312165976,search_first_car,50,-30,-30,paper_search_first_vehicle,16,16,5,11,1,0,0,0,0,0,0,111,0,0,0,5,0,,,,,,,,,,,,
29.490270,1785212581.312165976,search_first_car,50,-30,-30,paper_search_first_vehicle,16,16,5,11,1,0,0,0,0,0,0,111,0,0,0,5,0,,,,,,,,,,,,
29.578003,1785212581.427366972,search_first_car,50,-30,-30,paper_search_first_vehicle,17,17,5,12,1,0,0,0,0,0,0,112,0,0,0,5,0,,,,,,,,,,,,
29.671063,1785212581.538652897,search_first_car,50,-30,-30,paper_search_first_vehicle,11,11,3,8,1,0,0,0,0,0,0,113,0,0,0,5,0,,,,,,,,,,,,
29.759017,1785212581.649214029,search_first_car,50,-30,-30,paper_search_first_vehicle,17,17,7,10,3,0,0,0,0,0,0,114,0,0,0,5,0,,,,,,,,,,,,
29.846559,1785212581.761349916,search_first_car,50,-30,-30,paper_search_first_vehicle,21,21,8,13,2,0,0,0,0,0,0,115,0,0,0,5,0,,,,,,,,,,,,
29.935293,1785212581.761349916,search_first_car,50,-30,-30,paper_search_first_vehicle,21,21,8,13,2,0,0,0,0,0,0,115,0,0,0,5,0,,,,,,,,,,,,
30.023155,1785212581.876127005,search_first_car,50,-30,-30,paper_search_first_vehicle,18,18,6,12,1,0,0,0,0,0,0,116,0,0,0,5,0,,,,,,,,,,,,
30.111893,1785212581.987097025,search_first_car,50,-30,-30,paper_search_first_vehicle,15,15,5,10,1,0,0,0,0,0,0,117,0,0,0,5,0,,,,,,,,,,,,
30.204579,1785212582.099138021,search_first_car,50,-30,-30,paper_search_first_vehicle,17,17,6,11,1,0,0,0,0,0,0,118,0,0,0,5,0,,,,,,,,,,,,
30.292082,1785212582.209536076,search_first_car,50,-30,-30,paper_search_first_vehicle,13,13,5,8,1,0,0,0,0,0,0,119,0,0,0,5,0,,,,,,,,,,,,
30.380324,1785212582.209536076,search_first_car,50,-30,-30,paper_search_first_vehicle,13,13,5,8,1,0,0,0,0,0,0,119,0,0,0,5,0,,,,,,,,,,,,
30.468071,1785212582.321166992,search_first_car,50,-30,-30,paper_search_first_vehicle,13,13,6,7,0,0,0,0,0,0,0,120,0,0,0,5,0,,,,,,,,,,,,
30.556414,1785212582.436380863,search_first_car,50,-30,-30,paper_search_first_vehicle,19,19,9,10,0,0,0,0,0,0,0,121,0,0,0,5,0,,,,,,,,,,,,
30.644412,1785212582.546945095,search_first_car,50,-30,-30,paper_search_first_vehicle,20,20,3,17,0,0,0,0,0,0,0,122,0,0,0,5,0,,,,,,,,,,,,
30.737021,1785212582.546945095,search_first_car,50,-30,-30,paper_search_first_vehicle,20,20,3,17,0,0,0,0,0,0,0,122,0,0,0,5,0,,,,,,,,,,,,
30.825143,1785212582.658605099,search_first_car,50,-30,-30,paper_search_first_vehicle,16,16,3,13,0,0,0,0,0,0,0,123,0,0,0,5,0,,,,,,,,,,,,
30.912337,1785212582.769410133,search_first_car,50,-30,-30,paper_search_first_vehicle,16,16,6,10,0,0,0,0,0,0,0,124,0,1,0,5,0,,,,,,,,,,,1459.250000,
31.000537,1785212582.884650946,search_first_car,50,-30,-30,paper_search_first_vehicle,19,19,4,15,1,0,0,0,0,0,0,125,0,1,0,5,0,,,,,,,,,,,1469.000000,
31.088612,1785212582.996037960,search_first_car,50,-30,-30,paper_search_first_vehicle,25,25,5,20,2,1,0,0,0,0,0,126,0,1,0,5,1,32.531250,98.421875,65.476562,2942.000000,1469.000000,,,,,,1449.500000,
31.178595,1785212582.996037960,search_first_car,50,-30,-30,paper_search_first_vehicle,25,25,5,20,2,1,0,0,0,0,0,126,0,1,0,5,1,32.531250,98.421875,65.476562,2942.000000,1469.000000,,,,,,1449.500000,
31.268067,1785212583.106786966,search_first_car,50,-30,-30,paper_search_first_vehicle,21,21,5,16,1,0,0,0,0,0,0,127,0,1,0,5,0,,,,,,,,,,,1438.000000,
31.357053,1785212583.218189001,search_first_car,50,-30,-30,paper_search_first_vehicle,23,23,4,19,1,0,0,0,1,3,1,0,0,1,0,5,0,,,,,,,,,,,1436.250000,
31.445567,1785212583.333117962,search_open_space,50,-30,-30,paper_first_vehicle_counted,28,28,5,23,1,0,1,1,1,3,2,0,1,1,0,5,0,,,,,,,,,,,1422.000000,
31.534170,1785212583.445151091,search_open_space,50,-30,-30,paper_passing_first_vehicle,20,20,6,14,1,0,1,1,1,3,3,0,1,1,0,5,0,,,,,,,,,,,1417.000000,
31.622964,1785212583.445151091,search_open_space,50,-30,-30,paper_passing_first_vehicle,20,20,6,14,1,0,1,1,1,3,3,0,1,1,0,5,0,,,,,,,,,,,1417.000000,
31.710473,1785212583.556061029,search_open_space,50,-30,-30,paper_passing_first_vehicle,24,24,7,17,1,0,1,1,1,4,4,0,1,1,0,5,0,,,,,,,,,,,1411.500000,
31.804240,1785212583.667224169,search_open_space,50,-30,-30,paper_passing_first_vehicle,25,25,10,15,1,0,1,1,1,3,5,0,1,1,0,5,0,,,,,,,,,,,1408.250000,
31.892201,1785212583.781245947,search_open_space,50,-30,-30,paper_passing_first_vehicle,32,32,15,17,1,0,1,1,1,5,6,0,1,1,0,5,0,,,,,,,,,,,1401.500000,
31.980745,1785212583.893839121,search_open_space,50,-30,-30,paper_passing_first_vehicle,30,30,14,16,1,0,1,1,1,5,7,0,1,1,0,5,0,,,,,,,,,,,1397.500000,
32.069477,1785212583.893839121,search_open_space,50,-30,-30,paper_passing_first_vehicle,30,30,14,16,1,0,1,1,1,5,7,0,1,1,0,5,0,,,,,,,,,,,1397.500000,
32.157823,1785212584.004119158,search_open_space,50,-30,-30,paper_passing_first_vehicle,25,25,10,15,1,0,1,1,1,4,8,0,1,1,0,5,0,,,,,,,,,,,1390.500000,
32.247058,1785212584.115791798,search_open_space,50,-30,-30,paper_passing_first_vehicle,38,38,18,20,1,0,1,1,1,5,9,0,1,1,0,5,0,,,,,,,,,,,1389.000000,
32.340572,1785212584.230752945,search_open_space,50,-30,-30,paper_passing_first_vehicle,33,33,16,17,1,0,1,1,1,6,10,0,1,1,0,5,0,,,,,,,,,,,1387.500000,
32.429155,1785212584.341862917,search_open_space,50,-30,-30,paper_passing_first_vehicle,38,38,14,24,1,0,1,1,1,6,11,0,1,1,0,5,0,,,,,,,,,,,1385.000000,
32.517055,1785212584.341862917,search_open_space,50,-30,-30,paper_passing_first_vehicle,38,38,14,24,1,0,1,1,1,6,11,0,1,1,0,5,0,,,,,,,,,,,1385.000000,
32.606043,1785212584.453002930,search_open_space,50,-30,-30,paper_passing_first_vehicle,32,32,10,22,1,0,1,1,1,6,12,0,1,1,0,5,0,,,,,,,,,,,1381.000000,
32.695072,1785212584.564203024,search_open_space,50,-30,-30,paper_passing_first_vehicle,32,32,9,23,1,0,1,1,1,7,13,0,1,1,0,5,0,,,,,,,,,,,1378.750000,
32.783884,1785212584.679386854,search_open_space,50,-30,-30,paper_passing_first_vehicle,34,34,10,24,1,0,1,1,1,7,14,0,1,1,0,5,0,,,,,,,,,,,1373.250000,
32.878795,1785212584.790776014,search_open_space,50,-30,-30,paper_passing_first_vehicle,26,26,10,16,1,0,1,1,1,7,15,0,1,1,0,5,0,,,,,,,,,,,1370.500000,
32.967660,1785212584.790776014,search_open_space,50,-30,-30,paper_passing_first_vehicle,26,26,10,16,1,0,1,1,1,7,15,0,1,1,0,5,0,,,,,,,,,,,1370.500000,
33.056548,1785212584.902445078,search_open_space,50,-30,-30,paper_passing_first_vehicle,35,35,13,22,1,0,1,1,1,7,16,0,1,1,0,5,0,,,,,,,,,,,1366.750000,
33.145354,1785212585.013421059,search_open_space,50,-30,-30,paper_passing_first_vehicle,34,34,12,22,1,0,1,1,1,6,17,0,1,1,0,5,0,,,,,,,,,,,1363.250000,
33.234231,1785212585.128257036,search_open_space,50,-30,-30,paper_passing_first_vehicle,34,34,12,22,1,0,1,1,1,7,18,0,1,1,0,5,0,,,,,,,,,,,1361.250000,
33.323008,1785212585.239322186,search_open_space,50,-30,-30,paper_passing_first_vehicle,33,33,13,20,1,0,1,1,1,6,19,0,1,1,0,5,0,,,,,,,,,,,1360.250000,
33.417029,1785212585.239322186,search_open_space,50,-30,-30,paper_passing_first_vehicle,33,33,13,20,1,0,1,1,1,6,19,0,1,1,0,5,0,,,,,,,,,,,1360.250000,
33.504364,1785212585.351114988,search_open_space,50,-30,-30,paper_passing_first_vehicle,34,34,13,21,1,0,1,1,1,7,20,0,1,1,0,5,0,,,,,,,,,,,1358.000000,
33.592992,1785212585.462466002,search_open_space,50,-30,-30,paper_passing_first_vehicle,31,31,12,19,1,0,1,1,1,6,21,0,1,1,0,5,0,,,,,,,,,,,1358.250000,
33.681497,1785212585.577166080,search_open_space,50,-30,-30,paper_passing_first_vehicle,33,33,11,22,1,0,1,1,1,8,22,0,1,1,0,5,0,,,,,,,,,,,1358.250000,
33.770215,1785212585.687653065,search_open_space,50,-30,-30,paper_passing_first_vehicle,29,29,11,18,1,0,1,1,1,7,23,0,1,1,0,5,0,,,,,,,,,,,1356.250000,
33.859178,1785212585.687653065,search_open_space,50,-30,-30,paper_passing_first_vehicle,29,29,11,18,1,0,1,1,1,7,23,0,1,1,0,5,0,,,,,,,,,,,1356.250000,
33.953632,1785212585.799417019,search_open_space,50,-30,-30,paper_passing_first_vehicle,32,32,12,20,1,0,1,1,1,6,24,0,1,1,0,5,0,,,,,,,,,,,1353.250000,
34.041289,1785212585.911077976,search_open_space,50,-30,-30,paper_passing_first_vehicle,32,32,13,19,1,0,1,1,1,7,25,0,1,1,0,5,0,,,,,,,,,,,1357.250000,
34.130201,1785212586.025521994,search_open_space,50,-30,-30,paper_passing_first_vehicle,28,28,13,15,1,0,1,1,1,6,26,0,1,1,0,5,0,,,,,,,,,,,1357.500000,
34.219518,1785212586.137249947,search_open_space,50,-30,-30,paper_passing_first_vehicle,30,30,13,17,1,0,1,1,1,6,27,0,1,1,0,5,0,,,,,,,,,,,1359.250000,
34.307807,1785212586.137249947,search_open_space,50,-30,-30,paper_passing_first_vehicle,30,30,13,17,1,0,1,1,1,6,27,0,1,1,0,5,0,,,,,,,,,,,1359.250000,
34.396246,1785212586.247909784,search_open_space,50,-30,-30,paper_passing_first_vehicle,34,34,12,22,1,0,1,1,1,7,28,0,1,1,0,5,0,,,,,,,,,,,1359.000000,
34.490078,1785212586.359464884,search_open_space,50,-30,-30,paper_passing_first_vehicle,32,32,16,16,1,0,1,1,1,6,29,0,1,1,0,5,0,,,,,,,,,,,1361.750000,
34.577914,1785212586.474241972,search_open_space,50,-30,-30,paper_passing_first_vehicle,28,28,12,16,1,0,1,1,1,5,30,0,1,1,0,5,0,,,,,,,,,,,1361.250000,
34.666006,1785212586.474241972,search_open_space,50,-30,-30,paper_passing_first_vehicle,28,28,12,16,1,0,1,1,1,5,30,0,1,1,0,5,0,,,,,,,,,,,1361.250000,
34.755100,1785212586.585838079,search_open_space,50,-30,-30,paper_passing_first_vehicle,33,33,17,16,1,0,1,1,1,4,31,0,1,1,0,5,0,,,,,,,,,,,1361.250000,
34.844294,1785212586.696344137,search_open_space,50,-30,-30,paper_passing_first_vehicle,34,34,15,19,1,0,1,1,1,5,32,0,1,1,0,5,0,,,,,,,,,,,1361.000000,
34.933263,1785212586.808984995,search_open_space,50,-30,-30,paper_passing_first_vehicle,32,32,14,18,1,0,1,1,1,4,33,0,1,1,0,5,0,,,,,,,,,,,1368.750000,
35.026628,1785212586.923254013,search_open_space,50,-30,-30,paper_passing_first_vehicle,31,31,15,16,1,0,1,1,1,6,34,0,1,1,0,5,0,,,,,,,,,,,1363.750000,
35.114695,1785212586.923254013,search_open_space,50,-30,-30,paper_passing_first_vehicle,31,31,15,16,1,0,1,1,1,6,34,0,1,1,0,5,0,,,,,,,,,,,1363.750000,
35.203884,1785212587.034437180,search_open_space,50,-30,-30,paper_passing_first_vehicle,32,32,18,14,1,0,1,1,1,5,35,0,1,1,0,5,0,,,,,,,,,,,1363.500000,
35.292806,1785212587.145242929,search_open_space,50,-30,-30,paper_passing_first_vehicle,36,36,15,21,1,0,1,1,1,5,36,0,1,1,0,5,0,,,,,,,,,,,1369.500000,
35.381765,1785212587.257617950,search_open_space,50,-30,-30,paper_passing_first_vehicle,32,32,15,17,1,0,1,1,1,5,37,0,1,1,0,5,0,,,,,,,,,,,1369.500000,
35.470693,1785212587.371173859,search_open_space,50,-30,-30,paper_passing_first_vehicle,31,31,13,18,1,0,1,1,1,5,38,0,1,1,0,5,0,,,,,,,,,,,1372.000000,
35.565075,1785212587.482481956,search_open_space,50,-30,-30,paper_passing_first_vehicle,28,28,14,14,1,0,1,1,1,5,39,0,1,1,0,5,0,,,,,,,,,,,1373.250000,
35.652936,1785212587.482481956,search_open_space,50,-30,-30,paper_passing_first_vehicle,28,28,14,14,1,0,1,1,1,5,39,0,1,1,0,5,0,,,,,,,,,,,1373.250000,
35.741082,1785212587.594021082,search_open_space,50,-30,-30,paper_passing_first_vehicle,32,32,14,18,1,0,1,1,1,5,40,0,1,1,0,5,0,,,,,,,,,,,1376.000000,
35.829146,1785212587.706342936,search_open_space,50,-30,-30,paper_passing_first_vehicle,28,28,14,14,1,0,1,1,1,5,41,0,1,1,0,5,0,,,,,,,,,,,1385.000000,
35.917880,1785212587.820883989,search_open_space,50,-30,-30,paper_passing_first_vehicle,30,30,14,16,1,0,1,1,1,4,42,0,1,1,0,5,0,,,,,,,,,,,1383.250000,
36.006641,1785212587.820883989,search_open_space,50,-30,-30,paper_passing_first_vehicle,30,30,14,16,1,0,1,1,1,4,42,0,1,1,0,5,0,,,,,,,,,,,1383.250000,
36.101071,1785212587.931112051,search_open_space,50,-30,-30,paper_passing_first_vehicle,30,30,14,16,1,0,1,1,1,3,43,0,1,1,0,5,0,,,,,,,,,,,1388.750000,
36.189847,1785212588.043495893,search_open_space,50,-30,-30,paper_passing_first_vehicle,31,31,14,17,1,0,1,1,1,3,44,0,1,1,0,5,0,,,,,,,,,,,1390.500000,
36.278813,1785212588.154479027,search_open_space,50,-30,-30,paper_passing_first_vehicle,29,29,13,16,1,0,1,1,1,4,45,0,1,1,0,5,0,,,,,,,,,,,1395.500000,
36.367425,1785212588.265475035,search_open_space,50,-30,-30,paper_passing_first_vehicle,29,29,13,16,1,0,1,1,1,3,46,0,1,1,0,5,0,,,,,,,,,,,1396.500000,
36.455719,1785212588.265475035,search_open_space,50,-30,-30,paper_passing_first_vehicle,29,29,13,16,1,0,1,1,1,3,46,0,1,1,0,5,0,,,,,,,,,,,1396.500000,
36.544233,1785212588.380969048,search_open_space,50,-30,-30,paper_passing_first_vehicle,24,24,12,12,1,0,1,1,1,3,47,0,1,1,0,5,0,,,,,,,,,,,1408.000000,
36.637862,1785212588.491822004,search_open_space,50,-30,-30,paper_passing_first_vehicle,26,26,12,14,1,0,1,1,0,0,0,1,1,1,0,5,0,,,,,,,,,,,1404.500000,
36.726146,1785212588.603404999,search_open_space,50,-30,-30,paper_passing_first_vehicle,25,25,10,15,1,0,1,1,0,0,0,2,1,1,0,5,0,,,,,,,,,,,1411.250000,
36.814283,1785212588.714014053,search_open_space,50,-30,-30,paper_passing_first_vehicle,29,29,13,16,1,0,1,1,1,3,1,0,1,1,0,5,0,,,,,,,,,,,1416.000000,
36.902492,1785212588.714014053,search_open_space,50,-30,-30,paper_passing_first_vehicle,29,29,13,16,1,0,1,1,1,3,1,0,1,1,0,5,0,,,,,,,,,,,1416.000000,
36.991745,1785212588.829334974,search_open_space,50,-30,-30,paper_passing_first_vehicle,31,31,12,19,1,0,1,1,0,0,0,1,1,1,0,5,0,,,,,,,,,,,1413.000000,
37.079992,1785212588.939958096,search_open_space,50,-30,-30,paper_passing_first_vehicle,26,26,10,16,1,0,1,1,0,0,0,2,1,1,0,5,0,,,,,,,,,,,1423.000000,
37.174045,1785212589.053802013,search_second_car,50,-30,-30,paper_between_detected_vehicles,22,22,11,11,1,0,1,0,0,0,0,3,1,1,0,5,0,,,,,,,,,,,1432.000000,
37.262160,1785212589.163105965,search_second_car,50,-30,-30,paper_search_second_vehicle,21,21,11,10,1,0,1,0,0,0,0,4,1,1,0,5,0,,,,,,,,,,,,
37.349342,1785212589.163105965,search_second_car,50,-30,-30,paper_search_second_vehicle,21,21,11,10,1,0,1,0,0,0,0,4,1,1,0,5,0,,,,,,,,,,,,
37.437467,1785212589.277452946,search_second_car,50,-30,-30,paper_search_second_vehicle,22,22,9,13,1,0,1,0,0,0,0,5,1,1,0,5,0,,,,,,,,,,,,
37.525928,1785212589.388815165,search_second_car,50,-30,-30,paper_search_second_vehicle,20,20,11,9,1,0,1,0,0,0,0,6,1,1,0,5,0,,,,,,,,,,,,
37.614360,1785212589.500611067,search_second_car,50,-30,-30,paper_search_second_vehicle,20,20,11,9,1,0,1,0,0,0,0,7,1,1,0,5,0,,,,,,,,,,,,
37.707465,1785212589.612319946,search_second_car,50,-30,-30,paper_search_second_vehicle,24,24,10,14,1,0,1,0,0,0,0,8,1,1,0,5,0,,,,,,,,,,,,
37.794864,1785212589.612319946,search_second_car,50,-30,-30,paper_search_second_vehicle,24,24,10,14,1,0,1,0,0,0,0,8,1,1,0,5,0,,,,,,,,,,,,
37.883643,1785212589.726831198,search_second_car,50,-30,-30,paper_search_second_vehicle,26,26,11,15,1,0,1,0,0,0,0,9,1,1,0,5,0,,,,,,,,,,,,
37.971495,1785212589.837413073,search_second_car,50,-30,-30,paper_search_second_vehicle,23,23,12,11,1,0,1,0,0,0,0,10,1,1,0,5,0,,,,,,,,,,,1819.500000,
38.060300,1785212589.949199200,search_second_car,50,-30,-30,paper_search_second_vehicle,20,20,8,12,1,0,1,0,0,0,0,11,1,1,0,5,0,,,,,,,,,,,1786.250000,
38.149205,1785212590.060029984,search_second_car,50,-30,-30,paper_search_second_vehicle,21,21,11,10,1,0,1,0,0,0,0,12,1,1,0,5,0,,,,,,,,,,,,
38.242199,1785212590.060029984,search_second_car,50,-30,-30,paper_search_second_vehicle,21,21,11,10,1,0,1,0,0,0,0,12,1,1,0,5,0,,,,,,,,,,,,
38.329535,1785212590.175297022,search_second_car,50,-30,-30,paper_search_second_vehicle,20,20,11,9,1,0,1,0,0,0,0,13,1,1,0,5,0,,,,,,,,,,,,
38.417620,1785212590.287158012,search_second_car,50,-30,-30,paper_search_second_vehicle,23,23,10,13,1,0,1,0,0,0,0,14,1,1,0,5,0,,,,,,,,,,,,
38.505777,1785212590.397372961,search_second_car,50,-30,-30,paper_search_second_vehicle,23,23,11,12,1,0,1,0,0,0,0,15,1,0,0,5,0,,,,,,,,,,,,
38.593922,1785212590.508751154,search_second_car,50,-30,-30,paper_search_second_vehicle,22,22,10,12,1,0,1,0,0,0,0,16,1,0,0,5,0,,,,,,,,,,,,
38.682205,1785212590.508751154,search_second_car,50,-30,-30,paper_search_second_vehicle,22,22,10,12,1,0,1,0,0,0,0,16,1,0,0,5,0,,,,,,,,,,,,
38.774756,1785212590.624306917,search_second_car,50,-30,-30,paper_search_second_vehicle,27,27,11,16,1,0,1,0,0,0,0,17,1,0,0,5,0,,,,,,,,,,,,
38.862649,1785212590.735112906,search_second_car,50,-30,-30,paper_search_second_vehicle,25,25,14,11,1,0,1,0,0,0,0,18,1,0,0,5,0,,,,,,,,,,,,
38.950421,1785212590.846281052,search_second_car,50,-30,-30,paper_search_second_vehicle,32,32,10,22,1,0,1,0,0,0,0,19,1,0,0,5,0,,,,,,,,,,,,
39.038325,1785212590.846281052,search_second_car,50,-30,-30,paper_search_second_vehicle,32,32,10,22,1,0,1,0,0,0,0,19,1,0,0,5,0,,,,,,,,,,,,
39.127067,1785212590.957967758,search_second_car,50,-30,-30,paper_search_second_vehicle,34,34,12,22,1,0,1,0,0,0,0,20,1,0,0,5,0,,,,,,,,,,,,
39.215660,1785212591.071990013,search_second_car,50,-30,-30,paper_search_second_vehicle,27,27,11,16,1,0,1,0,0,0,0,21,1,0,0,5,0,,,,,,,,,,,,
39.308375,1785212591.183902025,search_second_car,50,-30,-30,paper_search_second_vehicle,25,25,12,13,2,0,1,0,0,0,0,22,1,0,0,5,0,,,,,,,,,,,,
39.396582,1785212591.296018839,search_second_car,50,-30,-30,paper_search_second_vehicle,28,28,11,17,2,0,1,0,0,0,0,23,1,0,0,5,0,,,,,,,,,,,,
39.484595,1785212591.296018839,search_second_car,50,-30,-30,paper_search_second_vehicle,28,28,11,17,2,0,1,0,0,0,0,23,1,0,0,5,0,,,,,,,,,,,,
39.572806,1785212591.406379938,search_second_car,50,-30,-30,paper_search_second_vehicle,33,33,13,20,2,0,1,0,0,0,0,24,1,0,0,5,0,,,,,,,,,,,,
39.661565,1785212591.521466970,search_second_car,50,-30,-30,paper_search_second_vehicle,30,30,11,19,2,0,1,0,0,0,0,25,1,0,0,5,0,,,,,,,,,,,,
39.751098,1785212591.632093906,search_second_car,50,-30,-30,paper_search_second_vehicle,30,30,11,19,2,0,1,0,0,0,0,26,1,0,0,5,0,,,,,,,,,,,,
39.846144,1785212591.744138002,search_second_car,50,-30,-30,paper_search_second_vehicle,30,30,10,20,2,0,1,0,0,0,0,27,1,0,0,5,0,,,,,,,,,,,,
39.934556,1785212591.744138002,search_second_car,50,-30,-30,paper_search_second_vehicle,30,30,10,20,2,0,1,0,0,0,0,27,1,0,0,5,0,,,,,,,,,,,,
40.023362,1785212591.855751991,search_second_car,50,-30,-30,paper_search_second_vehicle,28,28,10,18,2,0,1,0,0,0,0,28,1,0,0,5,0,,,,,,,,,,,,
40.112124,1785212591.969543934,search_second_car,50,-30,-30,paper_search_second_vehicle,31,31,10,21,2,0,1,0,0,0,0,29,1,0,0,5,0,,,,,,,,,,,,
40.200914,1785212592.081872940,search_second_car,50,-30,-30,paper_search_second_vehicle,27,27,11,16,2,0,1,0,0,0,0,30,1,0,0,5,0,,,,,,,,,,,,
40.288979,1785212592.193328857,search_second_car,50,-30,-30,paper_search_second_vehicle,32,32,11,21,2,0,1,0,0,0,0,31,1,0,0,5,0,,,,,,,,,,,,
40.379148,1785212592.193328857,search_second_car,50,-30,-30,paper_search_second_vehicle,32,32,11,21,2,0,1,0,0,0,0,31,1,0,0,5,0,,,,,,,,,,,,
40.468222,1785212592.304636002,search_second_car,50,-30,-30,paper_search_second_vehicle,30,30,9,21,2,0,1,0,0,0,0,32,1,0,0,5,0,,,,,,,,,,,,
40.556744,1785212592.415443897,search_second_car,50,-30,-30,paper_search_second_vehicle,30,30,10,20,1,0,1,0,0,0,0,33,1,0,0,5,0,,,,,,,,,,,,
40.645753,1785212592.530623913,search_second_car,50,-30,-30,paper_search_second_vehicle,30,30,11,19,1,0,1,0,0,0,0,34,1,0,0,5,0,,,,,,,,,,,,
40.734532,1785212592.641432047,search_second_car,50,-30,-30,paper_search_second_vehicle,31,31,12,19,2,0,1,0,0,0,0,35,1,0,0,5,0,,,,,,,,,,,,
40.822591,1785212592.641432047,search_second_car,50,-30,-30,paper_search_second_vehicle,31,31,12,19,2,0,1,0,0,0,0,35,1,0,0,5,0,,,,,,,,,,,,
40.916027,1785212592.753365993,search_second_car,50,-30,-30,paper_search_second_vehicle,25,25,11,14,2,0,1,0,0,0,0,36,1,0,0,5,0,,,,,,,,,,,,
41.003739,1785212592.864624977,search_second_car,50,-30,-30,paper_search_second_vehicle,26,26,13,13,2,0,1,0,0,0,0,37,1,0,0,5,0,,,,,,,,,,,,
41.091071,1785212592.978973866,search_second_car,50,-30,-30,paper_search_second_vehicle,29,29,12,17,1,0,1,0,0,0,0,38,1,0,0,5,0,,,,,,,,,,,,
41.180021,1785212593.090383768,search_second_car,50,-30,-30,paper_search_second_vehicle,22,22,12,10,1,0,1,0,0,0,0,39,1,0,0,5,0,,,,,,,,,,,,
41.268698,1785212593.090383768,search_second_car,50,-30,-30,paper_search_second_vehicle,22,22,12,10,1,0,1,0,0,0,0,39,1,0,0,5,0,,,,,,,,,,,,
41.357638,1785212593.201857090,search_second_car,50,-30,-30,paper_search_second_vehicle,21,21,12,9,1,0,1,0,0,0,0,40,1,0,0,5,0,,,,,,,,,,,,
41.451315,1785212593.312832117,search_second_car,50,-30,-30,paper_search_second_vehicle,29,29,13,16,1,0,1,0,0,0,0,41,1,0,0,5,0,,,,,,,,,,,,
41.539885,1785212593.423674822,search_second_car,50,-30,-30,paper_search_second_vehicle,28,28,14,14,2,0,1,0,0,0,0,42,1,0,0,5,0,,,,,,,,,,,,
41.628411,1785212593.539429903,search_second_car,50,-30,-30,paper_search_second_vehicle,30,30,14,16,2,0,1,0,0,0,0,43,1,0,0,5,0,,,,,,,,,,,,
41.717117,1785212593.539429903,search_second_car,50,-30,-30,paper_search_second_vehicle,30,30,14,16,2,0,1,0,0,0,0,43,1,0,0,5,0,,,,,,,,,,,,
41.805149,1785212593.650378942,search_second_car,50,-30,-30,paper_search_second_vehicle,30,30,12,18,2,0,1,0,0,0,0,44,1,0,0,5,0,,,,,,,,,,,,
41.893667,1785212593.761735916,search_second_car,50,-30,-30,paper_search_second_vehicle,29,29,11,18,1,0,1,0,0,0,0,45,1,0,0,5,0,,,,,,,,,,,,
41.986908,1785212593.873589993,search_second_car,50,-30,-30,paper_search_second_vehicle,23,23,11,12,1,0,1,0,0,0,0,46,1,0,0,5,0,,,,,,,,,,,,
42.074850,1785212593.987833023,search_second_car,50,-30,-30,paper_search_second_vehicle,19,19,8,11,2,0,1,0,0,0,0,47,1,0,0,5,0,,,,,,,,,,,,
42.163344,1785212593.987833023,search_second_car,50,-30,-30,paper_search_second_vehicle,19,19,8,11,2,0,1,0,0,0,0,47,1,0,0,5,0,,,,,,,,,,,,
42.251847,1785212594.099092960,search_second_car,50,-30,-30,paper_search_second_vehicle,28,28,9,19,2,0,1,0,0,0,0,48,1,0,0,5,0,,,,,,,,,,,,
42.340834,1785212594.210872173,search_second_car,50,-30,-30,paper_search_second_vehicle,27,27,10,17,2,0,1,0,0,0,0,49,1,0,0,5,0,,,,,,,,,,,,
42.428863,1785212594.321555853,search_second_car,50,-30,-30,paper_search_second_vehicle,25,25,10,15,2,0,1,0,0,0,0,50,1,0,0,5,0,,,,,,,,,,,,
42.521383,1785212594.436648846,search_second_car,50,-30,-30,paper_search_second_vehicle,24,24,7,17,2,0,1,0,0,0,0,51,1,0,0,5,0,,,,,,,,,,,,
42.609191,1785212594.436648846,search_second_car,50,-30,-30,paper_search_second_vehicle,24,24,7,17,2,0,1,0,0,0,0,51,1,0,0,5,0,,,,,,,,,,,,
42.697209,1785212594.547488928,search_second_car,50,-30,-30,paper_search_second_vehicle,19,19,9,10,2,0,1,0,0,0,0,52,1,0,0,5,0,,,,,,,,,,,,
42.785954,1785212594.658949852,search_second_car,50,-30,-30,paper_search_second_vehicle,21,21,8,13,2,0,1,0,0,0,0,53,1,0,0,5,0,,,,,,,,,,,,
42.874786,1785212594.773677111,search_second_car,50,-30,-30,paper_search_second_vehicle,24,24,9,15,2,0,1,0,0,0,0,54,1,0,0,5,0,,,,,,,,,,,,
42.962506,1785212594.773677111,search_second_car,50,-30,-30,paper_search_second_vehicle,24,24,9,15,2,0,1,0,0,0,0,54,1,0,0,5,0,,,,,,,,,,,,
43.056224,1785212594.884677172,search_second_car,50,-30,-30,paper_search_second_vehicle,24,24,8,16,2,0,1,0,0,0,0,55,1,0,0,5,0,,,,,,,,,,,1662.750000,
43.145611,1785212594.995924950,search_second_car,50,-30,-30,paper_search_second_vehicle,25,25,9,16,2,1,1,0,0,0,0,56,1,0,0,5,1,49.187500,99.203125,74.195313,2065.250000,1662.750000,,,,,,1643.750000,
43.233321,1785212595.107836962,search_second_car,50,-30,-30,paper_search_second_vehicle,28,28,8,20,3,1,1,0,0,0,0,57,1,0,0,5,1,52.328125,98.062500,75.195312,2357.500000,1648.250000,,,,,,1638.250000,
43.322024,1785212595.218815088,search_second_car,50,-30,-30,paper_search_second_vehicle,25,25,8,17,2,1,1,0,1,3,1,0,1,0,0,5,1,52.328125,96.468750,74.398438,2357.500000,1687.000000,,,,,,1619.250000,
43.409863,1785212595.218815088,search_second_car,50,-30,-30,paper_search_second_vehicle,25,25,8,17,2,1,1,0,1,3,1,0,1,0,0,5,1,52.328125,96.468750,74.398438,2357.500000,1687.000000,,,,,,1619.250000,
43.498968,1785212595.334187984,prealign_left,50,-150,-30,figure7_t_entry_left bisector=74.4 target<=55.0 nextEq5=+1.74 confirm=0/3,26,26,8,18,2,1,2,1,1,3,2,0,2,0,0,5,1,52.328125,96.468750,74.398438,2357.500000,1687.000000,,,,,,1626.250000,
43.593209,1785212595.445360899,prealign_left,50,-150,-30,figure7_t_entry_left bisector=74.4 target<=55.0 nextEq5=+1.74 confirm=0/3,28,28,8,20,3,1,2,1,0,0,0,1,2,0,0,5,1,52.328125,96.468750,74.398438,2357.500000,1687.000000,,,,,,1604.750000,
43.681053,1785212595.556982994,prealign_left,50,-150,-30,figure7_t_entry_left bisector=74.3 target<=55.0 nextEq5=+3.65 confirm=0/3,25,25,8,17,3,1,2,1,1,3,1,0,2,0,0,5,1,52.328125,96.234375,74.281250,2357.500000,1617.250000,,,,,,1597.000000,
43.769872,1785212595.667726994,prealign_left,50,-150,-30,figure7_t_entry_left bisector=73.2 target<=55.0 nextEq5=+3.76 confirm=0/3,19,19,4,15,3,1,2,1,1,3,2,0,2,0,0,5,1,50.593750,95.890625,73.242188,2361.750000,1618.000000,,,,,,1602.000000,
43.858580,1785212595.667726994,prealign_left,50,-150,-30,figure7_t_entry_left bisector=73.2 target<=55.0 nextEq5=+3.76 confirm=0/3,19,19,4,15,3,1,2,1,1,3,2,0,2,0,0,5,1,50.593750,95.890625,73.242188,2361.750000,1618.000000,,,,,,1602.000000,
43.947978,1785212595.778697014,prealign_left,50,-150,-30,figure7_t_entry_left bisector=72.4 target<=55.0 nextEq5=+3.81 confirm=0/3,22,22,6,16,2,1,2,1,1,4,3,0,2,0,0,5,1,50.593750,94.125000,72.359375,2361.750000,1616.250000,,,,,,1595.750000,
44.036725,1785212595.894343853,prealign_left,50,-150,-30,figure7_t_entry_left bisector=69.8 target<=55.0 nextEq5=-1.38 confirm=0/3,29,29,5,24,3,1,2,1,1,4,4,0,2,0,0,5,1,45.640625,93.906250,69.773438,2151.250000,1613.500000,,,,,,1590.250000,
44.130153,1785212596.004431009,prealign_left,50,-150,-30,figure7_t_entry_left bisector=70.1 target<=55.0 nextEq5=+5.34 confirm=0/3,28,28,4,24,3,1,2,1,1,5,5,0,2,0,0,5,1,48.203125,92.062500,70.132812,2405.250000,1608.750000,,,,,,1585.500000,
44.218737,1785212596.116806984,prealign_left,50,-150,-30,figure7_t_entry_left bisector=70.1 target<=55.0 nextEq5=+5.76 confirm=0/3,22,22,3,19,3,1,2,1,1,5,6,0,2,0,0,5,1,48.203125,92.015625,70.109375,2405.250000,1595.250000,,,,,,1578.750000,
44.307027,1785212596.116806984,prealign_left,50,-150,-30,figure7_t_entry_left bisector=70.1 target<=55.0 nextEq5=+5.76 confirm=0/3,22,22,3,19,3,1,2,1,1,5,6,0,2,0,0,5,1,48.203125,92.015625,70.109375,2405.250000,1595.250000,,,,,,1578.750000,
44.395695,1785212596.228199005,prealign_left,50,-150,-30,figure7_t_entry_left bisector=66.8 target<=55.0 nextEq5=+0.49 confirm=0/3,30,30,5,25,3,1,2,1,1,6,7,0,2,0,0,5,1,43.234375,90.343750,66.789062,2219.250000,1598.750000,,,,,,1572.000000,
44.484864,1785212596.341933966,prealign_left,50,-150,-30,figure7_t_entry_left bisector=69.2 target<=55.0 nextEq5=+6.11 confirm=0/3,20,20,3,17,4,1,2,1,1,5,8,0,2,0,0,5,1,48.203125,90.218750,69.210938,2405.250000,1584.000000,,,,,,1571.250000,
44.573592,1785212596.453808784,prealign_left,50,-150,-30,figure7_t_entry_left bisector=65.8 target<=55.0 nextEq5=+1.53 confirm=0/3,22,22,3,19,3,1,2,1,1,6,9,0,2,0,0,5,1,43.093750,88.500000,65.796875,2258.500000,1596.250000,,,,,,1562.250000,
44.667454,1785212596.564656973,prealign_left,50,-150,-30,figure7_t_entry_left bisector=65.8 target<=55.0 nextEq5=+4.78 confirm=0/3,23,23,3,20,2,1,2,1,1,6,10,0,2,0,0,5,1,44.578125,86.921875,65.750000,2370.250000,1592.000000,,,,,,1564.250000,
44.756398,1785212596.564656973,prealign_left,50,-150,-30,figure7_t_entry_left bisector=65.8 target<=55.0 nextEq5=+4.78 confirm=0/3,23,23,3,20,2,1,2,1,1,6,10,0,2,0,0,5,1,44.578125,86.921875,65.750000,2370.250000,1592.000000,,,,,,1564.250000,
44.845720,1785212596.676323175,prealign_left,50,-150,-30,figure7_t_entry_left bisector=65.8 target<=55.0 nextEq5=+4.78 confirm=0/3,20,20,2,18,3,1,2,1,1,6,11,0,2,0,0,5,1,44.578125,86.921875,65.750000,2370.250000,1592.000000,,,,,,1558.750000,
44.935147,1785212596.788485050,prealign_left,50,-150,-30,figure7_t_entry_left bisector=65.0 target<=55.0 nextEq5=+6.51 confirm=0/3,18,18,2,16,2,1,2,1,1,6,12,0,2,0,0,5,1,44.437500,85.625000,65.031250,2413.250000,1579.750000,,,,,,1557.500000,
45.024308,1785212596.902622938,prealign_left,50,-150,-30,figure7_t_entry_left bisector=62.0 target<=55.0 nextEq5=+5.58 confirm=0/3,19,19,1,18,3,1,2,1,1,6,13,0,2,0,0,5,1,39.968750,83.953125,61.960938,2392.750000,1588.500000,,,,,,1561.500000,
45.114229,1785212597.013914824,prealign_left,50,-150,-30,figure7_t_entry_left bisector=62.0 target<=55.0 nextEq5=+5.58 confirm=0/3,20,20,8,12,2,1,2,1,1,5,14,0,2,0,0,5,1,39.968750,83.953125,61.960938,2392.750000,1588.500000,,,,,,1566.250000,
45.208523,1785212597.125823975,prealign_left,50,-150,-30,figure7_t_entry_left bisector=61.2 target<=55.0 nextEq5=+6.19 confirm=0/3,28,28,8,20,4,1,2,1,1,6,15,0,2,0,0,5,1,39.968750,82.453125,61.210938,2392.750000,1569.000000,,,,,,1553.750000,
45.297311,1785212597.125823975,prealign_left,50,-150,-30,figure7_t_entry_left bisector=61.2 target<=55.0 nextEq5=+6.19 confirm=0/3,28,28,8,20,4,1,2,1,1,6,15,0,2,0,0,5,1,39.968750,82.453125,61.210938,2392.750000,1569.000000,,,,,,1553.750000,
45.386919,1785212597.236128092,prealign_left,50,-150,-30,figure7_t_entry_left bisector=60.6 target<=55.0 nextEq5=+5.85 confirm=0/3,27,27,12,15,4,1,2,1,1,6,16,0,2,0,0,5,1,39.968750,81.187500,60.578125,2392.750000,1579.750000,,,,,,1555.000000,
45.475540,1785212597.350582123,prealign_left,50,-150,-30,figure7_t_entry_left bisector=59.8 target<=55.0 nextEq5=+6.87 confirm=0/3,36,36,18,18,3,1,2,1,1,6,17,0,2,0,0,5,1,39.859375,79.687500,59.773438,2438.500000,1594.000000,,,,,,1558.000000,
45.565731,1785212597.462399006,prealign_left,50,-150,-30,figure7_t_entry_left bisector=59.3 target<=55.0 nextEq5=+7.00 confirm=0/3,32,32,15,17,3,1,2,1,1,5,18,0,2,0,0,5,1,38.921875,79.687500,59.304688,2538.000000,1594.000000,,,,,,1549.750000,
45.655627,1785212597.462399006,prealign_left,50,-150,-30,figure7_t_entry_left bisector=59.3 target<=55.0 nextEq5=+7.00 confirm=0/3,32,32,15,17,3,1,2,1,1,5,18,0,2,0,0,5,1,38.921875,79.687500,59.304688,2538.000000,1594.000000,,,,,,1549.750000,
45.750202,1785212597.574470997,prealign_left,50,-150,-30,figure7_t_entry_left bisector=57.0 target<=55.0 nextEq5=+5.83 confirm=0/3,27,27,11,16,3,1,2,1,1,6,19,0,2,0,0,5,1,35.625000,78.359375,56.992188,2376.000000,1563.750000,,,,,,1551.000000,
45.839605,1785212597.684999943,prealign_left,50,-150,-30,figure7_t_entry_left bisector=56.3 target<=55.0 nextEq5=+5.74 confirm=0/3,28,28,13,15,3,1,2,1,1,6,20,0,2,0,0,5,1,35.625000,77.046875,56.335938,2376.000000,1566.500000,,,,,,1539.000000,
45.929876,1785212597.800378084,prealign_left,50,-150,-30,figure7_t_entry_left bisector=54.9 target<=55.0 nextEq5=+6.60 confirm=2/3,36,36,21,15,2,1,2,1,1,6,21,0,2,0,0,5,1,34.187500,75.640625,54.914062,2414.000000,1577.750000,,,,,,1540.750000,
46.020266,1785212597.911694050,reverse_align,-80,94,-30,eq5_reverse bisector=+54.1 biasAB=+810 paperSteer=+5.77,28,28,15,13,3,1,2,1,1,7,22,0,2,0,0,5,1,32.609375,75.640625,54.125000,2388.000000,1577.750000,810.250000,-7.000000,12.765376,5.765376,,1539.500000,
46.110889,1785212598.023025990,reverse_align,-80,120,-30,eq5_reverse bisector=+55.0 biasAB=+996 paperSteer=+7.00,22,22,6,16,3,1,2,1,1,6,23,0,2,0,0,5,1,35.968750,74.031250,55.000000,2545.250000,1549.250000,996.000000,-7.000000,19.289200,7.000000,,1530.750000,
46.200933,1785212598.023025990,reverse_align,-80,120,-30,eq5_reverse bisector=+55.0 biasAB=+996 paperSteer=+7.00,22,22,6,16,3,1,2,1,1,6,23,0,2,0,0,5,1,35.968750,74.031250,55.000000,2545.250000,1549.250000,996.000000,-7.000000,19.289200,7.000000,,1530.750000,
46.294992,1785212598.133404970,reverse_align,-80,120,-30,eq5_reverse bisector=+54.5 biasAB=+1036 paperSteer=+7.00,27,27,10,17,3,1,2,1,1,5,24,0,2,0,0,5,1,34.921875,74.031250,54.476562,2585.500000,1549.250000,1036.250000,-7.000000,20.879718,7.000000,,1538.250000,
46.382901,1785212598.245562792,reverse_align,-80,120,-30,eq5_reverse bisector=+54.1 biasAB=+1000 paperSteer=+7.00,27,27,12,15,3,1,2,1,1,6,25,0,2,0,0,5,1,34.921875,73.375000,54.148438,2585.500000,1585.250000,1000.250000,-7.000000,19.454168,7.000000,,1538.750000,
46.470639,1785212598.359466076,reverse_align,-80,120,-30,eq5_reverse bisector=+53.4 biasAB=+982 paperSteer=+7.00,31,31,13,18,3,1,2,1,1,7,26,0,2,0,0,5,1,33.359375,73.375000,53.367188,2567.750000,1585.250000,982.500000,-7.000000,18.769844,7.000000,,1528.750000,
46.561855,1785212598.471535206,reverse_align,-80,120,-30,eq5_reverse bisector=+53.3 biasAB=+942 paperSteer=+7.00,27,27,11,16,3,1,2,1,1,6,27,0,2,0,0,5,1,33.156250,73.375000,53.265625,2526.750000,1585.250000,941.500000,-7.000000,17.235988,7.000000,,1529.000000,
46.651672,1785212598.471535206,reverse_align,-80,120,-30,eq5_reverse bisector=+53.3 biasAB=+942 paperSteer=+7.00,27,27,11,16,3,1,2,1,1,6,27,0,2,0,0,5,1,33.156250,73.375000,53.265625,2526.750000,1585.250000,941.500000,-7.000000,17.235988,7.000000,,1529.000000,
46.741893,1785212598.583000183,reverse_align,-80,120,-30,eq5_reverse bisector=+53.3 biasAB=+942 paperSteer=+7.00,20,20,7,13,3,1,2,1,1,6,28,0,2,0,0,5,1,33.156250,73.375000,53.265625,2526.750000,1585.250000,941.500000,-7.000000,17.235988,7.000000,,1528.250000,
46.836490,1785212598.693946838,reverse_align,-80,120,-30,eq5_reverse bisector=+53.3 biasAB=+942 paperSteer=+7.00,16,16,3,13,3,1,2,1,1,7,29,0,2,0,0,5,1,33.156250,73.375000,53.265625,2526.750000,1585.250000,941.500000,-7.000000,17.235988,7.000000,,1523.500000,
46.924844,1785212598.808597088,reverse_align,-80,120,-30,eq5_reverse bisector=+54.3 biasAB=+960 paperSteer=+7.00,18,18,4,14,2,1,2,1,1,6,30,0,2,0,0,5,1,33.156250,75.359375,54.257812,2526.750000,1567.000000,959.750000,-7.000000,17.910668,7.000000,,1511.750000,
47.013915,1785212598.920079947,reverse_align,-80,120,-30,eq5_reverse bisector=+54.3 biasAB=+960 paperSteer=+7.00,21,21,7,14,4,1,2,1,1,6,31,0,2,1,0,5,1,33.156250,75.359375,54.257812,2526.750000,1567.000000,959.750000,-7.000000,17.910668,7.000000,,1499.250000,
47.103496,1785212598.920079947,reverse_align,-80,120,-30,eq5_reverse bisector=+54.3 biasAB=+960 paperSteer=+7.00,21,21,7,14,4,1,2,1,1,6,31,0,2,1,0,5,1,33.156250,75.359375,54.257812,2526.750000,1567.000000,959.750000,-7.000000,17.910668,7.000000,,1499.250000,
47.193685,1785212599.030791998,reverse_align,-80,107,-30,eq5_reverse bisector=+53.5 biasAB=+830 paperSteer=+6.39,19,19,2,17,3,1,2,1,1,5,32,0,2,1,0,5,1,31.671875,75.359375,53.515625,2396.750000,1567.000000,829.750000,-7.000000,13.387210,6.387210,,1487.750000,
47.282852,1785212599.142287016,reverse_align,-80,107,-30,eq5_reverse bisector=+53.9 biasAB=+829 paperSteer=+6.37,20,20,2,18,3,1,2,1,1,5,33,0,2,1,0,5,1,32.343750,75.359375,53.851562,2396.250000,1567.000000,829.250000,-7.000000,13.371080,6.371080,,1474.750000,
47.377292,1785212599.257097006,reverse_align,-80,120,-30,eq5_reverse bisector=+54.9 biasAB=+872 paperSteer=+7.00,17,17,1,16,3,1,2,1,1,5,34,0,2,1,0,5,1,32.562500,77.140625,54.851562,2398.000000,1525.500000,872.500000,-7.000000,14.802205,7.000000,,1473.500000,
47.466446,1785212599.368417978,reverse_align,-80,120,-30,eq5_reverse bisector=+55.0 biasAB=+861 paperSteer=+7.00,23,23,4,19,3,1,2,1,1,6,35,0,2,1,0,5,1,32.687500,77.406250,55.046875,2378.000000,1517.000000,861.000000,-7.000000,14.414575,7.000000,,1466.500000,
47.555988,1785212599.368417978,reverse_align,-80,120,-30,eq5_reverse bisector=+55.0 biasAB=+861 paperSteer=+7.00,23,23,4,19,3,1,2,1,1,6,35,0,2,1,0,5,1,32.687500,77.406250,55.046875,2378.000000,1517.000000,861.000000,-7.000000,14.414575,7.000000,,1466.500000,
47.645360,1785212599.480354071,reverse_align,-80,120,-30,eq5_reverse bisector=+55.9 biasAB=+882 paperSteer=+7.00,22,22,6,16,2,1,2,1,1,5,36,0,2,1,0,5,1,32.687500,79.093750,55.890625,2378.000000,1496.500000,881.500000,-7.000000,15.109155,7.000000,,1462.750000,
47.734984,1785212599.591675997,reverse_align,-80,120,-30,eq5_reverse bisector=+56.1 biasAB=+895 paperSteer=+7.00,15,15,2,13,2,1,2,1,1,5,37,0,2,1,0,5,1,32.687500,79.500000,56.093750,2378.000000,1483.250000,894.750000,-7.000000,15.566786,7.000000,,1454.000000,
47.822837,1785212599.702714920,reverse_align,-80,120,-30,eq5_reverse bisector=+56.3 biasAB=+903 paperSteer=+7.00,22,22,8,14,2,1,2,1,1,5,38,0,2,1,0,5,1,32.687500,79.859375,56.273438,2378.000000,1475.000000,903.000000,-7.000000,15.855175,7.000000,,1451.250000,
47.917785,1785212599.816890001,reverse_align,-80,120,-30,eq5_reverse bisector=+56.3 biasAB=+899 paperSteer=+7.00,24,24,5,19,2,1,2,1,1,5,39,0,2,1,0,5,1,32.687500,79.906250,56.296875,2378.000000,1478.750000,899.250000,-7.000000,15.723761,7.000000,,1448.750000,
48.006653,1785212599.816890001,reverse_align,-80,120,-30,eq5_reverse bisector=+56.3 biasAB=+899 paperSteer=+7.00,24,24,5,19,2,1,2,1,1,5,39,0,2,1,0,5,1,32.687500,79.906250,56.296875,2378.000000,1478.750000,899.250000,-7.000000,15.723761,7.000000,,1448.750000,
48.095752,1785212599.929257870,reverse_align,-80,87,-30,eq5_reverse bisector=+55.8 biasAB=+800 paperSteer=+5.44,21,21,4,17,3,1,2,1,1,7,40,0,2,1,0,5,1,32.281250,79.406250,55.843750,2306.750000,1507.000000,799.750000,-7.000000,12.436668,5.436668,,1444.500000,
48.183951,1785212600.040581226,reverse_align,-80,87,-30,eq5_reverse bisector=+55.8 biasAB=+800 paperSteer=+5.44,20,20,4,16,2,1,2,1,1,5,41,0,2,1,0,5,1,32.281250,79.406250,55.843750,2306.750000,1507.000000,799.750000,-7.000000,12.436668,5.436668,,1441.000000,
48.273228,1785212600.151454926,reverse_align,-80,87,-30,eq5_reverse bisector=+55.8 biasAB=+800 paperSteer=+5.44,21,21,6,15,2,1,2,1,1,6,42,0,2,1,0,5,1,32.281250,79.406250,55.843750,2306.750000,1507.000000,799.750000,-7.000000,12.436668,5.436668,,1433.500000,
48.362266,1785212600.265857935,reverse_align,-80,-36,-30,eq5_reverse bisector=+54.1 biasAB=+588 paperSteer=-0.27,21,21,4,17,2,1,2,1,1,6,43,0,2,1,0,5,1,28.875000,79.406250,54.140625,2095.500000,1507.000000,588.500000,-7.000000,6.734238,-0.265762,,1432.500000,
48.456053,1785212600.265857935,reverse_align,-80,-36,-30,eq5_reverse bisector=+54.1 biasAB=+588 paperSteer=-0.27,21,21,4,17,2,1,2,1,1,6,43,0,2,1,0,5,1,28.875000,79.406250,54.140625,2095.500000,1507.000000,588.500000,-7.000000,6.734238,-0.265762,,1432.500000,
48.544296,1785212600.377315044,reverse_align,-80,-36,-30,eq5_reverse bisector=+54.1 biasAB=+588 paperSteer=-0.27,21,21,6,15,2,1,2,1,1,4,44,0,2,1,0,5,1,28.875000,79.406250,54.140625,2095.500000,1507.000000,588.500000,-7.000000,6.734238,-0.265762,,1423.500000,
48.633578,1785212600.489314079,reverse_align,-80,-4,-30,eq5_reverse bisector=+56.0 biasAB=+650 paperSteer=+1.20,14,14,4,10,3,1,2,1,1,4,45,0,2,1,0,5,1,28.875000,83.093750,55.984375,2095.500000,1446.000000,649.500000,-7.000000,8.202644,1.202644,,1423.250000,
48.722344,1785212600.603487015,reverse_align,-80,-140,-30,eq5_reverse bisector=+52.3 biasAB=+312 paperSteer=-5.11,23,23,5,18,2,1,2,1,1,5,46,0,2,1,0,5,1,21.437500,83.093750,52.265625,1757.500000,1446.000000,311.500000,-7.000000,1.886738,-5.113262,,1421.000000,
48.811839,1785212600.715322971,reverse_align,-80,-87,-30,eq5_reverse bisector=+55.9 biasAB=+471 paperSteer=-2.68,16,16,3,13,2,1,2,1,1,5,47,0,2,1,0,5,1,28.515625,83.375000,55.945312,1924.000000,1452.750000,471.250000,-7.000000,4.318155,-2.681845,,1421.250000,
48.901205,1785212600.715322971,reverse_align,-80,-87,-30,eq5_reverse bisector=+55.9 biasAB=+471 paperSteer=-2.68,16,16,3,13,2,1,2,1,1,5,47,0,2,1,0,5,1,28.515625,83.375000,55.945312,1924.000000,1452.750000,471.250000,-7.000000,4.318155,-2.681845,,1421.250000,
48.994774,1785212600.826827049,reverse_align,-80,-79,-30,eq5_reverse bisector=+57.5 biasAB=+492 paperSteer=-2.30,9,9,2,7,2,1,2,1,1,4,48,0,2,1,0,5,1,28.515625,86.546875,57.531250,1924.000000,1432.500000,491.500000,-7.000000,4.697238,-2.302762,,1420.750000,
49.082223,1785212600.937741041,reverse_align,-80,-96,-30,eq5_reverse bisector=+58.1 biasAB=+448 paperSteer=-3.10,16,16,2,14,3,1,2,1,1,6,49,0,2,1,0,5,1,29.750000,86.546875,58.148438,1880.500000,1432.500000,448.000000,-7.000000,3.902578,-3.097422,,1427.500000,
49.170654,1785212601.051767111,reverse_align,-80,-96,-30,eq5_reverse bisector=+58.1 biasAB=+448 paperSteer=-3.10,11,11,1,10,3,1,2,1,1,4,50,0,2,1,0,5,1,29.750000,86.546875,58.148438,1880.500000,1432.500000,448.000000,-7.000000,3.902578,-3.097422,,1433.000000,
49.259715,1785212601.163739920,reverse_align,-80,-150,-30,eq5_reverse bisector=+54.7 biasAB=-128 paperSteer=-7.00,13,13,0,13,3,1,2,1,1,5,51,0,2,1,0,5,1,25.718750,83.765625,54.742188,1579.500000,1707.250000,-127.750000,-7.000000,-0.317335,-7.000000,,1438.250000,
49.348523,1785212601.163739920,reverse_align,-80,-150,-30,eq5_reverse bisector=+54.7 biasAB=-128 paperSteer=-7.00,13,13,0,13,3,1,2,1,1,5,51,0,2,1,0,5,1,25.718750,83.765625,54.742188,1579.500000,1707.250000,-127.750000,-7.000000,-0.317335,-7.000000,,1438.250000,
49.437359,1785212601.275555134,reverse_align,-80,-150,-30,eq5_reverse bisector=+55.0 biasAB=-154 paperSteer=-7.00,7,7,0,7,3,1,2,1,1,3,52,0,2,1,0,5,1,26.156250,83.765625,54.960938,1553.500000,1707.250000,-153.750000,-7.000000,-0.459648,-7.000000,,1444.750000,
49.527326,1785212601.386375904,reverse_align,-80,-150,-30,eq5_reverse bisector=+55.0 biasAB=-182 paperSteer=-7.00,17,17,5,12,3,1,2,1,0,0,0,1,2,1,0,5,1,26.234375,83.765625,55.000000,1524.750000,1707.250000,-182.500000,-7.000000,-0.647622,-7.000000,,1452.500000,
49.616173,1785212601.500962019,reverse_align,-80,-150,-30,eq5_reverse bisector=+60.2 biasAB=+102 paperSteer=-6.80,18,18,5,13,3,1,2,1,1,3,1,0,2,1,0,5,1,34.515625,85.953125,60.234375,1770.750000,1668.500000,102.250000,-7.000000,0.203293,-6.796707,,1468.750000,
49.705255,1785212601.612884045,reverse_align,-80,-150,-30,eq5_reverse bisector=+59.7 biasAB=+3 paperSteer=-7.00,12,12,4,8,2,1,2,1,0,0,0,1,2,1,0,5,1,29.656250,89.703125,59.679688,1485.500000,1482.750000,2.750000,-7.000000,0.000147,-6.999853,,1476.500000,
49.794039,1785212601.612884045,reverse_align,-80,-150,-30,eq5_reverse bisector=+59.7 biasAB=+3 paperSteer=-7.00,12,12,4,8,2,1,2,1,0,0,0,1,2,1,0,5,1,29.656250,89.703125,59.679688,1485.500000,1482.750000,2.750000,-7.000000,0.000147,-6.999853,,1476.500000,
49.881585,1785212601.723212957,reverse_align,-80,-150,-30,eq5_reverse bisector=+60.8 biasAB=-4 paperSteer=-7.00,14,14,7,7,2,1,2,1,0,0,0,2,2,1,0,5,1,29.875000,91.734375,60.804688,1459.250000,1463.750000,-4.500000,-7.000000,-0.000394,-7.000000,,1522.500000,
49.969848,1785212601.835724115,reverse_align,-80,-150,-30,eq5_reverse bisector=+62.6 biasAB=-26 paperSteer=-7.00,24,24,12,12,2,1,2,0,0,0,0,3,2,1,0,5,1,31.781250,93.468750,62.625000,1440.000000,1465.500000,-25.500000,-7.000000,-0.012644,-7.000000,,,
50.064200,1785212601.946537018,reverse_align,-80,-150,-30,eq5_reverse bisector=+65.2 biasAB=-54 paperSteer=-7.00,19,19,9,10,2,1,2,0,0,0,0,4,2,1,0,5,1,33.546875,96.812500,65.179688,1424.000000,1477.500000,-53.500000,-7.000000,-0.055655,-7.000000,,,
50.153096,1785212602.061537027,reverse_align,-80,-150,-30,eq5_reverse bisector=+66.2 biasAB=-118 paperSteer=-7.00,16,16,6,10,2,1,2,0,0,0,0,5,2,1,0,5,1,35.203125,97.156250,66.179688,1404.250000,1522.500000,-118.250000,-7.000000,-0.271893,-7.000000,,,
50.241922,1785212602.061537027,reverse_align,-80,-150,-30,eq5_reverse bisector=+66.2 biasAB=-118 paperSteer=-7.00,16,16,6,10,2,1,2,0,0,0,0,5,2,1,0,5,1,35.203125,97.156250,66.179688,1404.250000,1522.500000,-118.250000,-7.000000,-0.271893,-7.000000,,,
50.329868,1785212602.171866179,reverse_align,0,0,-30,paper_cannot_calculate_steering,15,15,7,8,1,0,2,0,0,0,0,6,2,1,0,5,0,,,,,,,,,,,,
50.418084,1785212602.283765078,reverse_align,0,0,-30,paper_cannot_calculate_steering,16,16,6,10,1,0,2,0,0,0,0,7,2,1,0,5,0,,,,,,,,,,,,
50.505888,1785212602.395141125,reverse_align,0,0,-30,paper_cannot_calculate_steering,16,16,9,7,1,0,2,0,0,0,0,8,2,1,0,5,0,,,,,,,,,,,,
50.598595,1785212602.509088039,reverse_align,0,0,-30,paper_cannot_calculate_steering,24,24,10,14,1,0,2,0,0,0,0,9,2,1,0,5,0,,,,,,,,,,,,
50.686850,1785212602.509088039,reverse_align,0,0,-30,paper_cannot_calculate_steering,24,24,10,14,1,0,2,0,0,0,0,9,2,1,0,5,0,,,,,,,,,,,,
50.775391,1785212602.621366024,reverse_align,0,0,-30,paper_cannot_calculate_steering,24,24,8,16,1,0,2,0,0,0,0,10,2,1,0,5,0,,,,,,,,,,,,
50.863975,1785212602.731945038,reverse_align,0,0,-30,paper_cannot_calculate_steering,18,18,5,13,1,0,2,0,0,0,0,11,2,1,0,5,0,,,,,,,,,,,,
50.951735,1785212602.847216845,reverse_align,0,0,-30,paper_cannot_calculate_steering,18,18,7,11,1,0,2,0,0,0,0,12,2,1,0,5,0,,,,,,,,,,,,
51.039721,1785212602.847216845,reverse_align,0,0,-30,paper_cannot_calculate_steering,18,18,7,11,1,0,2,0,0,0,0,12,2,1,0,5,0,,,,,,,,,,,,
51.133218,1785212602.958055973,reverse_align,0,0,-30,paper_cannot_calculate_steering,20,20,9,11,1,0,2,0,0,0,0,13,2,1,0,5,0,,,,,,,,,,,,
51.221471,1785212603.070257902,reverse_align,0,0,-30,paper_cannot_calculate_steering,19,19,8,11,1,0,2,0,0,0,0,14,2,1,0,5,0,,,,,,,,,,,,
51.310243,1785212603.180656195,reverse_align,0,0,-30,paper_cannot_calculate_steering,20,20,8,12,1,0,2,0,0,0,0,15,2,1,0,5,0,,,,,,,,,,,,
51.397676,1785212603.292204142,reverse_align,0,0,-30,paper_cannot_calculate_steering,19,19,8,11,1,0,2,0,0,0,0,16,2,1,0,5,0,,,,,,,,,,,,
51.486567,1785212603.292204142,reverse_align,0,0,-30,paper_cannot_calculate_steering,19,19,8,11,1,0,2,0,0,0,0,16,2,1,0,5,0,,,,,,,,,,,,
51.575267,1785212603.407469988,reverse_align,0,0,-30,paper_cannot_calculate_steering,19,19,7,12,1,0,2,0,0,0,0,17,2,1,0,5,0,,,,,,,,,,,,
51.668254,1785212603.518677950,reverse_align,0,0,-30,paper_cannot_calculate_steering,20,20,6,14,1,0,2,0,0,0,0,18,2,1,0,5,0,,,,,,,,,,,,
51.755859,1785212603.630194902,reverse_align,0,0,-30,paper_cannot_calculate_steering,22,22,8,14,1,0,2,0,0,0,0,19,2,1,0,5,0,,,,,,,,,,,,
51.844275,1785212603.740888119,reverse_align,0,0,-30,paper_cannot_calculate_steering,23,23,9,14,1,0,2,0,0,0,0,20,2,1,0,5,0,,,,,,,,,,,,
51.932403,1785212603.740888119,reverse_align,0,0,-30,paper_cannot_calculate_steering,23,23,9,14,1,0,2,0,0,0,0,20,2,1,0,5,0,,,,,,,,,,,,
52.020804,1785212603.852089167,reverse_align,0,0,-30,paper_cannot_calculate_steering,21,21,7,14,1,0,2,0,0,0,0,21,2,1,0,5,0,,,,,,,,,,,,
52.109250,1785212603.966883183,reverse_align,0,0,-30,paper_cannot_calculate_steering,16,16,5,11,1,0,2,0,0,0,0,22,2,1,0,5,0,,,,,,,,,,,,
52.202572,1785212604.079002857,reverse_align,0,0,-30,paper_cannot_calculate_steering,18,18,8,10,1,0,2,0,0,0,0,23,2,1,0,5,0,,,,,,,,,,,,
52.291026,1785212604.190385818,reverse_align,0,0,-30,paper_cannot_calculate_steering,21,21,8,13,1,0,2,0,0,0,0,24,2,1,0,5,0,,,,,,,,,,,,
52.379052,1785212604.190385818,reverse_align,0,0,-30,paper_cannot_calculate_steering,21,21,8,13,1,0,2,0,0,0,0,24,2,1,0,5,0,,,,,,,,,,,,
52.467439,1785212604.301437855,reverse_align,0,0,-30,paper_cannot_calculate_steering,21,21,8,13,1,0,2,0,0,0,0,25,2,1,0,5,0,,,,,,,,,,,,
52.554775,1785212604.412471056,reverse_align,0,0,-30,paper_cannot_calculate_steering,21,21,7,14,1,0,2,0,0,0,0,26,2,1,0,5,0,,,,,,,,,,,,
52.643809,1785212604.526974916,reverse_align,0,0,-30,paper_cannot_calculate_steering,22,22,8,14,1,0,2,0,0,0,0,27,2,1,0,5,0,,,,,,,,,,,,
52.737201,1785212604.638933897,reverse_align,0,0,-30,paper_cannot_calculate_steering,19,19,7,12,1,0,2,0,0,0,0,28,2,1,0,5,0,,,,,,,,,,,,
52.826016,1785212604.638933897,reverse_align,0,0,-30,paper_cannot_calculate_steering,19,19,7,12,1,0,2,0,0,0,0,28,2,1,0,5,0,,,,,,,,,,,,
52.914893,1785212604.750483036,reverse_align,0,0,-30,paper_cannot_calculate_steering,18,18,6,12,1,0,2,0,0,0,0,29,2,1,0,5,0,,,,,,,,,,,,
53.003897,1785212604.861181021,reverse_align,0,0,-30,paper_cannot_calculate_steering,24,24,8,16,1,0,2,0,0,0,0,30,2,1,0,5,0,,,,,,,,,,,,
53.092474,1785212604.976223946,reverse_align,0,0,-30,paper_cannot_calculate_steering,19,19,7,12,1,0,2,0,0,0,0,31,2,1,0,5,0,,,,,,,,,,,,
53.181374,1785212605.087482214,reverse_align,0,0,-30,paper_cannot_calculate_steering,16,16,5,11,1,0,2,0,0,0,0,32,2,1,0,5,0,,,,,,,,,,,,
53.275366,1785212605.087482214,reverse_align,0,0,-30,paper_cannot_calculate_steering,16,16,5,11,1,0,2,0,0,0,0,32,2,1,0,5,0,,,,,,,,,,,,
53.363774,1785212605.198341846,reverse_align,0,0,-30,paper_cannot_calculate_steering,18,18,8,10,1,0,2,0,0,0,0,33,2,1,0,5,0,,,,,,,,,,,,
53.451771,1785212605.309935093,reverse_align,0,0,-30,paper_cannot_calculate_steering,20,20,7,13,1,0,2,0,0,0,0,34,2,1,0,5,0,,,,,,,,,,,,
53.539981,1785212605.420928955,reverse_align,0,0,-30,paper_cannot_calculate_steering,20,20,7,13,1,0,2,0,0,0,0,35,2,1,0,5,0,,,,,,,,,,,,
53.628177,1785212605.533100128,reverse_align,0,0,-30,paper_cannot_calculate_steering,23,23,10,13,1,0,2,0,0,0,0,36,2,1,0,5,0,,,,,,,,,,,,
53.717202,1785212605.533100128,reverse_align,0,0,-30,paper_cannot_calculate_steering,23,23,10,13,1,0,2,0,0,0,0,36,2,1,0,5,0,,,,,,,,,,,,
53.810940,1785212605.647941113,reverse_align,0,0,-30,paper_cannot_calculate_steering,17,17,6,11,1,0,2,0,0,0,0,37,2,1,0,5,0,,,,,,,,,,,,
53.898332,1785212605.759177923,reverse_align,0,0,-30,paper_cannot_calculate_steering,19,19,7,12,1,0,2,0,0,0,0,38,2,1,0,5,0,,,,,,,,,,,,
53.986131,1785212605.870214939,reverse_align,0,0,-30,paper_cannot_calculate_steering,21,21,7,14,1,0,2,0,0,0,0,39,2,1,0,5,0,,,,,,,,,,,,
54.074395,1785212605.981457949,reverse_align,0,0,-30,paper_cannot_calculate_steering,21,21,7,14,1,0,2,0,0,0,0,40,2,1,0,5,0,,,,,,,,,,,,
54.162185,1785212605.981457949,reverse_align,0,0,-30,paper_cannot_calculate_steering,21,21,7,14,1,0,2,0,0,0,0,40,2,1,0,5,0,,,,,,,,,,,,
54.251346,1785212606.096693993,reverse_align,0,0,-30,paper_cannot_calculate_steering,21,21,6,15,1,0,2,0,0,0,0,41,2,1,0,5,0,,,,,,,,,,,,
54.344328,1785212606.206725836,reverse_align,0,0,-30,paper_cannot_calculate_steering,21,21,7,14,1,0,2,0,0,0,0,42,2,1,0,5,0,,,,,,,,,,,,
54.431815,1785212606.318628073,reverse_align,0,0,-30,paper_cannot_calculate_steering,23,23,10,13,1,0,2,0,0,0,0,43,2,1,0,5,0,,,,,,,,,,,,
54.520358,1785212606.430390120,reverse_align,0,0,-30,paper_cannot_calculate_steering,17,17,6,11,1,0,2,0,0,0,0,44,2,1,0,5,0,,,,,,,,,,,,
54.608630,1785212606.430390120,reverse_align,0,0,-30,paper_cannot_calculate_steering,17,17,6,11,1,0,2,0,0,0,0,44,2,1,0,5,0,,,,,,,,,,,,
54.696887,1785212606.541998148,reverse_align,0,0,-30,paper_cannot_calculate_steering,20,20,8,12,1,0,2,0,0,0,0,45,2,1,0,5,0,,,,,,,,,,,,
54.785791,1785212606.655796051,reverse_align,0,0,-30,paper_cannot_calculate_steering,17,17,5,12,1,0,2,0,0,0,0,46,2,1,0,5,0,,,,,,,,,,,,
54.878780,1785212606.767558813,reverse_align,0,0,-30,paper_cannot_calculate_steering,21,21,7,14,1,0,2,0,0,0,0,47,2,1,0,5,0,,,,,,,,,,,,
54.966922,1785212606.879106045,reverse_align,0,0,-30,paper_cannot_calculate_steering,20,20,6,14,1,0,2,0,0,0,0,48,2,1,0,5,0,,,,,,,,,,,,
55.055957,1785212606.879106045,reverse_align,0,0,-30,paper_cannot_calculate_steering,20,20,6,14,1,0,2,0,0,0,0,48,2,1,0,5,0,,,,,,,,,,,,
55.144934,1785212606.990605116,reverse_align,0,0,-30,paper_cannot_calculate_steering,18,18,5,13,1,0,2,0,0,0,0,49,2,1,0,5,0,,,,,,,,,,,,
55.233239,1785212607.105375051,reverse_align,0,0,-30,paper_cannot_calculate_steering,18,18,5,13,1,0,2,0,0,0,0,50,2,1,0,5,0,,,,,,,,,,,,
55.322288,1785212607.216064930,reverse_align,0,0,-30,paper_cannot_calculate_steering,19,19,6,13,1,0,2,0,0,0,0,51,2,1,0,5,0,,,,,,,,,,,,
55.415379,1785212607.328025103,reverse_align,0,0,-30,paper_cannot_calculate_steering,21,21,7,14,1,0,2,0,0,0,0,52,2,1,0,5,0,,,,,,,,,,,,
55.502929,1785212607.328025103,reverse_align,0,0,-30,paper_cannot_calculate_steering,21,21,7,14,1,0,2,0,0,0,0,52,2,1,0,5,0,,,,,,,,,,,,
55.588357,1785212607.439494848,reverse_align,0,0,-30,paper_cannot_calculate_steering,21,21,8,13,1,0,2,0,0,0,0,53,2,1,0,5,0,,,,,,,,,,,,
55.677160,1785212607.550156116,reverse_align,0,0,-30,paper_cannot_calculate_steering,20,20,7,13,1,0,2,0,0,0,0,54,2,1,0,5,0,,,,,,,,,,,,
55.765593,1785212607.661546946,reverse_align,0,0,-30,paper_cannot_calculate_steering,22,22,7,15,1,0,2,0,0,0,0,55,2,1,0,5,0,,,,,,,,,,,,
55.854178,1785212607.661546946,reverse_align,0,0,-30,paper_cannot_calculate_steering,22,22,7,15,1,0,2,0,0,0,0,55,2,1,0,5,0,,,,,,,,,,,,
55.947113,1785212607.775770903,reverse_align,0,0,-30,paper_cannot_calculate_steering,21,21,7,14,1,0,2,0,0,0,0,56,2,1,0,5,0,,,,,,,,,,,,
56.035676,1785212607.886960030,reverse_align,0,0,-30,paper_cannot_calculate_steering,19,19,5,14,1,0,2,0,0,0,0,57,2,1,0,5,0,,,,,,,,,,,,
56.124111,1785212607.998493910,reverse_align,0,0,-30,paper_cannot_calculate_steering,18,18,6,12,1,0,2,0,0,0,0,58,2,1,0,5,0,,,,,,,,,,,,
56.212423,1785212608.110846043,reverse_align,0,0,-30,paper_cannot_calculate_steering,18,18,5,13,1,0,2,0,0,0,0,59,2,1,0,5,0,,,,,,,,,,,,
56.300221,1785212608.110846043,reverse_align,0,0,-30,paper_cannot_calculate_steering,18,18,5,13,1,0,2,0,0,0,0,59,2,1,0,5,0,,,,,,,,,,,,
56.389142,1785212608.224485159,reverse_align,0,0,-30,paper_cannot_calculate_steering,17,17,5,12,1,0,2,0,0,0,0,60,2,1,0,5,0,,,,,,,,,,,,
56.482607,1785212608.336048126,reverse_align,0,0,-30,paper_cannot_calculate_steering,18,18,4,14,1,0,2,0,0,0,0,61,2,1,0,5,0,,,,,,,,,,,,
56.569206,1785212608.449133158,reverse_align,0,0,-30,paper_cannot_calculate_steering,17,17,6,11,1,0,2,0,0,0,0,62,2,1,0,5,0,,,,,,,,,,,,
56.655415,1785212608.559211016,reverse_align,0,0,-30,paper_cannot_calculate_steering,18,18,6,12,1,0,2,0,0,0,0,63,2,1,0,5,0,,,,,,,,,,,,
56.743189,1785212608.559211016,reverse_align,0,0,-30,paper_cannot_calculate_steering,18,18,6,12,1,0,2,0,0,0,0,63,2,1,0,5,0,,,,,,,,,,,,
56.831330,1785212608.673617840,reverse_align,0,0,-30,paper_cannot_calculate_steering,20,20,7,13,1,0,2,0,0,0,0,64,2,1,0,5,0,,,,,,,,,,,,
56.918634,1785212608.785346031,reverse_align,0,0,-30,paper_cannot_calculate_steering,17,17,6,11,1,0,2,0,0,0,0,65,2,1,0,5,0,,,,,,,,,,,,
57.011298,1785212608.896512985,reverse_align,0,0,-30,paper_cannot_calculate_steering,20,20,7,13,1,0,2,0,0,0,0,66,2,1,0,5,0,,,,,,,,,,,,
57.097869,1785212609.007907152,reverse_align,0,0,-30,paper_cannot_calculate_steering,19,19,7,12,1,0,2,0,0,0,0,67,2,1,0,5,0,,,,,,,,,,,,
57.184850,1785212609.007907152,reverse_align,0,0,-30,paper_cannot_calculate_steering,19,19,7,12,1,0,2,0,0,0,0,67,2,1,0,5,0,,,,,,,,,,,,
57.272716,1785212609.119304895,reverse_align,0,0,-30,paper_cannot_calculate_steering,21,21,10,11,1,0,2,0,0,0,0,68,2,1,0,5,0,,,,,,,,,,,,
57.360496,1785212609.233928919,reverse_align,0,0,-30,paper_cannot_calculate_steering,18,18,7,11,1,0,2,0,0,0,0,69,2,1,0,5,0,,,,,,,,,,,,
57.449061,1785212609.345368147,reverse_align,0,0,-30,paper_cannot_calculate_steering,20,20,9,11,1,0,2,0,0,0,0,70,2,1,0,5,0,,,,,,,,,,,,
57.541589,1785212609.456869125,reverse_align,0,0,-30,paper_cannot_calculate_steering,20,20,7,13,1,0,2,0,0,0,0,71,2,1,0,5,0,,,,,,,,,,,,
57.628925,1785212609.456869125,reverse_align,0,0,-30,paper_cannot_calculate_steering,20,20,7,13,1,0,2,0,0,0,0,71,2,1,0,5,0,,,,,,,,,,,,
57.716716,1785212609.567481041,reverse_align,0,0,-30,paper_cannot_calculate_steering,19,19,6,13,1,0,2,0,0,0,0,72,2,1,0,5,0,,,,,,,,,,,,
57.801659,1785212609.678997040,reverse_align,0,0,-30,paper_cannot_calculate_steering,23,23,8,15,1,0,2,0,0,0,0,73,2,1,0,5,0,,,,,,,,,,,,
57.888001,1785212609.793893099,reverse_align,0,0,-30,paper_cannot_calculate_steering,22,22,7,15,1,0,2,0,0,0,0,74,2,1,0,5,0,,,,,,,,,,,,
57.974465,1785212609.793893099,reverse_align,0,0,-30,paper_cannot_calculate_steering,22,22,7,15,1,0,2,0,0,0,0,74,2,1,0,5,0,,,,,,,,,,,,
58.066755,1785212609.905322075,reverse_align,0,0,-30,paper_cannot_calculate_steering,19,19,6,13,1,0,2,0,0,0,0,75,2,1,0,5,0,,,,,,,,,,,,
58.153754,1785212610.017061234,reverse_align,0,0,-30,paper_cannot_calculate_steering,21,21,7,14,1,0,2,0,0,0,0,76,2,1,0,5,0,,,,,,,,,,,,
58.238657,1785212610.128007889,reverse_align,0,0,-30,paper_cannot_calculate_steering,22,22,7,15,1,0,2,0,0,0,0,77,2,1,0,5,0,,,,,,,,,,,,
58.326419,1785212610.239518881,reverse_align,0,0,-30,paper_cannot_calculate_steering,20,20,7,13,1,0,2,0,0,0,0,78,2,1,0,5,0,,,,,,,,,,,,
58.414264,1785212610.239518881,reverse_align,0,0,-30,paper_cannot_calculate_steering,20,20,7,13,1,0,2,0,0,0,0,78,2,1,0,5,0,,,,,,,,,,,,
58.502391,1785212610.353778839,reverse_align,0,0,-30,paper_cannot_calculate_steering,21,21,10,11,1,0,2,0,0,0,0,79,2,1,0,5,0,,,,,,,,,,,,
58.594309,1785212610.465850115,reverse_align,0,0,-30,paper_cannot_calculate_steering,22,22,8,14,1,0,2,0,0,0,0,80,2,1,0,5,0,,,,,,,,,,,,
58.682394,1785212610.576266050,reverse_align,0,0,-30,paper_cannot_calculate_steering,21,21,8,13,1,0,2,0,0,0,0,81,2,1,0,5,0,,,,,,,,,,,,
