elapsed_s,lidar_timestamp,state,speed,steering,steering_offset,reason,valid_points,detected_vehicle_count,right_vehicle,right_vehicle_raw,right_cluster_points,right_seen_scans,right_missing_scans,right_track_id,is_near,pair_source_scans,pair_valid,angle_a_deg,angle_b_deg,angle_bisector_deg,dist_a_mm,dist_b_mm,distance_bias_ab_mm,angle_term,distance_term,paper_steering,dist_c_mm,dist_d_mm,distance_bias_cd_mm
0.000004,1785209998.990814924,idle,0,0,-25,press_SPACE_to_start,72,0,0,0,0,0,1,0,0,1,0,,,,,,,,,,,,
0.164345,1785209999.101855040,idle,0,0,-25,press_SPACE_to_start,74,0,0,0,0,0,2,0,0,2,0,,,,,,,,,,,,
0.257483,1785209999.216197968,idle,0,0,-25,press_SPACE_to_start,74,0,0,0,0,0,3,0,0,3,0,,,,,,,,,,,,
0.344196,1785209999.327198029,idle,0,0,-25,press_SPACE_to_start,71,0,0,0,0,0,4,0,0,4,0,,,,,,,,,,,,
0.431083,1785209999.327198029,idle,0,0,-25,press_SPACE_to_start,71,0,0,0,0,0,4,0,0,4,0,,,,,,,,,,,,
0.483167,1785209999.442191839,idle,0,0,-25,press_SPACE_to_start,70,0,0,0,0,0,5,0,0,5,0,,,,,,,,,,,,
0.568835,1785209999.553212881,idle,0,0,-25,press_SPACE_to_start,70,0,0,0,0,0,6,0,0,5,0,,,,,,,,,,,,
0.656124,1785209999.553212881,idle,0,0,-25,press_SPACE_to_start,70,0,0,0,0,0,6,0,0,5,0,,,,,,,,,,,,
0.748035,1785209999.664850950,idle,0,0,-25,press_SPACE_to_start,73,0,0,0,0,0,7,0,0,5,0,,,,,,,,,,,,
0.835753,1785209999.779474020,idle,0,0,-25,press_SPACE_to_start,74,0,0,0,0,0,8,0,0,5,0,,,,,,,,,,,,
0.923375,1785209999.890387058,idle,0,0,-25,press_SPACE_to_start,75,0,0,0,0,0,9,0,0,5,0,,,,,,,,,,,,
1.012226,1785210000.002257824,idle,0,0,-25,press_SPACE_to_start,73,0,0,0,0,0,10,0,0,5,0,,,,,,,,,,,,
1.093591,1785210000.002257824,search_first_car,50,-25,-25,paper_search_first_vehicle,73,0,0,0,0,0,1,0,0,1,0,,,,,,,,,,,,
1.180649,1785210000.117171049,search_first_car,50,-25,-25,paper_search_first_vehicle,72,0,0,0,0,0,2,0,0,2,0,,,,,,,,,,,,
1.272829,1785210000.228933096,search_first_car,50,-25,-25,paper_search_first_vehicle,76,0,0,0,0,0,3,0,0,3,0,,,,,,,,,,,,
1.360258,1785210000.338987112,search_first_car,50,-25,-25,paper_search_first_vehicle,74,0,0,0,0,0,4,0,0,4,0,,,,,,,,,,,,
1.446204,1785210000.338987112,search_first_car,50,-25,-25,paper_search_first_vehicle,74,0,0,0,0,0,4,0,0,4,0,,,,,,,,,,,,
1.533267,1785210000.454559088,search_first_car,50,-25,-25,paper_search_first_vehicle,72,0,0,0,0,0,5,0,0,5,0,,,,,,,,,,,,
1.622156,1785210000.565436840,search_first_car,50,-25,-25,paper_search_first_vehicle,76,0,0,0,0,0,6,0,0,5,0,,,,,,,,,,,,
1.710705,1785210000.680277109,search_first_car,50,-25,-25,paper_search_first_vehicle,74,0,0,0,0,0,7,0,0,5,0,,,,,,,,,,,,
1.803479,1785210000.791307926,search_first_car,50,-25,-25,paper_search_first_vehicle,73,0,0,0,0,0,8,0,0,5,0,,,,,,,,,,,,
1.891422,1785210000.791307926,search_first_car,50,-25,-25,paper_search_first_vehicle,73,0,0,0,0,0,8,0,0,5,0,,,,,,,,,,,,
1.980090,1785210000.902498007,search_first_car,50,-25,-25,paper_search_first_vehicle,74,0,0,0,0,0,9,0,0,5,0,,,,,,,,,,,,
2.067668,1785210001.018357992,search_first_car,50,-25,-25,paper_search_first_vehicle,73,0,0,0,0,0,10,0,0,5,0,,,,,,,,,,,,
2.155959,1785210001.128944159,search_first_car,50,-25,-25,paper_search_first_vehicle,76,0,0,0,0,0,11,0,0,5,0,,,,,,,,,,,,
2.245122,1785210001.128944159,search_first_car,50,-25,-25,paper_search_first_vehicle,76,0,0,0,0,0,11,0,0,5,0,,,,,,,,,,,,
2.338274,1785210001.240823030,search_first_car,50,-25,-25,paper_search_first_vehicle,72,0,0,0,0,0,12,0,0,5,0,,,,,,,,,,,,
2.426181,1785210001.355404139,search_first_car,50,-25,-25,paper_search_first_vehicle,74,0,0,0,0,0,13,0,0,5,0,,,,,,,,,,,,
2.514327,1785210001.466006041,search_first_car,50,-25,-25,paper_search_first_vehicle,79,0,0,0,0,0,14,0,0,5,0,,,,,,,,,,,,
2.602436,1785210001.580904007,search_first_car,50,-25,-25,paper_search_first_vehicle,75,0,0,0,0,0,15,0,0,5,0,,,,,,,,,,,,
2.690295,1785210001.580904007,search_first_car,50,-25,-25,paper_search_first_vehicle,75,0,0,0,0,0,15,0,0,5,0,,,,,,,,,,,,
2.779087,1785210001.692244053,search_first_car,50,-25,-25,paper_search_first_vehicle,74,0,0,0,0,0,16,0,0,5,0,,,,,,,,,,,,
2.872089,1785210001.803995848,search_first_car,50,-25,-25,paper_search_first_vehicle,75,0,0,0,0,0,17,0,0,5,0,,,,,,,,,,,,
2.960228,1785210001.917924166,search_first_car,50,-25,-25,paper_search_first_vehicle,74,0,0,0,0,0,18,0,0,5,0,,,,,,,,,,,,
3.049005,1785210002.029993057,search_first_car,50,-25,-25,paper_search_first_vehicle,72,0,0,0,0,0,19,0,0,5,0,,,,,,,,,,,,
3.137494,1785210002.029993057,search_first_car,50,-25,-25,paper_search_first_vehicle,72,0,0,0,0,0,19,0,0,5,0,,,,,,,,,,,,
3.226221,1785210002.140807867,search_first_car,50,-25,-25,paper_search_first_vehicle,75,0,0,0,0,0,20,0,0,5,0,,,,,,,,,,,,
3.315285,1785210002.255532980,search_first_car,50,-25,-25,paper_search_first_vehicle,72,0,0,0,0,0,21,0,0,5,0,,,,,,,,,,,,
3.408528,1785210002.367066860,search_first_car,50,-25,-25,paper_search_first_vehicle,76,0,0,0,0,0,22,0,0,5,0,,,,,,,,,,,,
3.496780,1785210002.482012987,search_first_car,50,-25,-25,paper_search_first_vehicle,73,0,0,0,0,0,23,0,0,5,0,,,,,,,,,,,,
3.585213,1785210002.482012987,search_first_car,50,-25,-25,paper_search_first_vehicle,73,0,0,0,0,0,23,0,0,5,0,,,,,,,,,,,,
3.673858,1785210002.592424870,search_first_car,50,-25,-25,paper_search_first_vehicle,77,0,0,0,0,0,24,0,0,5,0,,,,,,,,,,,,
3.762418,1785210002.704042912,search_first_car,50,-25,-25,paper_search_first_vehicle,67,0,0,0,0,0,25,0,0,5,0,,,,,,,,,,,,
3.850527,1785210002.818867922,search_first_car,50,-25,-25,paper_search_first_vehicle,70,0,0,0,0,0,26,0,0,5,0,,,,,,,,,,,,
3.944430,1785210002.930521011,search_first_car,50,-25,-25,paper_search_first_vehicle,68,0,0,0,0,0,27,0,0,5,0,,,,,,,,,,,,
4.032731,1785210002.930521011,search_first_car,50,-25,-25,paper_search_first_vehicle,68,0,0,0,0,0,27,0,0,5,0,,,,,,,,,,,,
4.121365,1785210003.041187048,search_first_car,50,-25,-25,paper_search_first_vehicle,69,0,0,0,0,0,28,0,0,5,0,,,,,,,,,,,,
4.210171,1785210003.156543970,search_first_car,50,-25,-25,paper_search_first_vehicle,69,0,0,0,0,0,29,0,0,5,0,,,,,,,,,,,,
4.298677,1785210003.267030954,search_first_car,50,-25,-25,paper_search_first_vehicle,67,0,0,0,0,0,30,0,0,5,0,,,,,,,,,,,,
4.386957,1785210003.267030954,search_first_car,50,-25,-25,paper_search_first_vehicle,67,0,0,0,0,0,30,0,0,5,0,,,,,,,,,,,,
4.478491,1785210003.382396936,search_first_car,50,-25,-25,paper_search_first_vehicle,65,0,0,0,0,0,31,0,0,5,0,,,,,,,,,,,,
4.567377,1785210003.493338108,search_first_car,50,-25,-25,paper_search_first_vehicle,68,0,0,0,0,0,32,0,0,5,0,,,,,,,,,,,,
4.656114,1785210003.604346037,search_first_car,50,-25,-25,paper_search_first_vehicle,59,0,0,0,0,0,33,0,0,5,0,,,,,,,,,,,,
4.744207,1785210003.719038010,search_first_car,50,-25,-25,paper_search_first_vehicle,66,0,0,0,0,0,34,0,0,5,0,,,,,,,,,,,,
4.833086,1785210003.719038010,search_first_car,50,-25,-25,paper_search_first_vehicle,66,0,0,0,0,0,34,0,0,5,0,,,,,,,,,,,,
4.922128,1785210003.830968142,search_first_car,50,-25,-25,paper_search_first_vehicle,61,0,0,0,0,0,35,0,0,5,0,,,,,,,,,,,,
5.014660,1785210003.941946030,search_first_car,50,-25,-25,paper_search_first_vehicle,63,0,0,0,0,0,36,0,0,5,0,,,,,,,,,,,,
5.102709,1785210004.056972027,search_first_car,50,-25,-25,paper_search_first_vehicle,58,0,0,0,0,0,37,0,0,5,0,,,,,,,,,,,,
5.190709,1785210004.168618917,search_first_car,50,-25,-25,paper_search_first_vehicle,61,0,0,0,0,0,38,0,0,5,0,,,,,,,,,,,,
5.278900,1785210004.168618917,search_first_car,50,-25,-25,paper_search_first_vehicle,61,0,0,0,0,0,38,0,0,5,0,,,,,,,,,,,,
5.367132,1785210004.283064127,search_first_car,50,-25,-25,paper_search_first_vehicle,56,0,0,0,0,0,39,0,0,5,0,,,,,,,,,,,,
5.455083,1785210004.394598961,search_first_car,50,-25,-25,paper_search_first_vehicle,60,0,0,0,0,0,40,0,0,5,0,,,,,,,,,,,,
5.547415,1785210004.505458832,search_first_car,50,-25,-25,paper_search_first_vehicle,58,0,0,0,0,0,41,0,0,5,0,,,,,,,,,,,,
5.635161,1785210004.620352983,search_first_car,50,-25,-25,paper_search_first_vehicle,57,0,0,0,0,0,42,0,0,5,0,,,,,,,,,,,,
5.722848,1785210004.620352983,search_first_car,50,-25,-25,paper_search_first_vehicle,57,0,0,0,0,0,42,0,0,5,0,,,,,,,,,,,,
5.811294,1785210004.730980158,search_first_car,50,-25,-25,paper_search_first_vehicle,62,0,0,0,0,0,43,0,0,5,0,,,,,,,,,,,,
5.899595,1785210004.843070030,search_first_car,50,-25,-25,paper_search_first_vehicle,61,0,0,0,0,0,44,0,0,5,0,,,,,,,,,,,,
5.988077,1785210004.957437992,search_first_car,50,-25,-25,paper_search_first_vehicle,57,0,0,0,0,0,45,0,0,5,0,,,,,,,,,,,,
6.080851,1785210005.068733931,search_first_car,50,-25,-25,paper_search_first_vehicle,60,0,0,0,0,0,46,0,0,5,0,,,,,,,,,,,,
6.169212,1785210005.068733931,search_first_car,50,-25,-25,paper_search_first_vehicle,60,0,0,0,0,0,46,0,0,5,0,,,,,,,,,,,,
6.257330,1785210005.183784962,search_first_car,50,-25,-25,paper_search_first_vehicle,58,0,0,0,0,0,47,0,0,5,0,,,,,,,,,,,,
6.344842,1785210005.295778990,search_first_car,50,-25,-25,paper_search_first_vehicle,72,0,0,0,0,0,48,0,0,5,0,,,,,,,,,,,,
6.434261,1785210005.406053782,search_first_car,50,-25,-25,paper_search_first_vehicle,73,0,0,0,0,0,49,0,0,5,0,,,,,,,,,,,,
6.522674,1785210005.406053782,search_first_car,50,-25,-25,paper_search_first_vehicle,73,0,0,0,0,0,49,0,0,5,0,,,,,,,,,,,,
6.616356,1785210005.521429062,search_first_car,50,-25,-25,paper_search_first_vehicle,73,0,0,0,0,0,50,0,0,5,0,,,,,,,,,,,,
6.704811,1785210005.632573843,search_first_car,50,-25,-25,paper_search_first_vehicle,68,0,0,0,0,0,51,0,0,5,0,,,,,,,,,,,,
6.792848,1785210005.743561983,search_first_car,50,-25,-25,paper_search_first_vehicle,61,0,0,0,0,0,52,0,0,5,0,,,,,,,,,,,,
6.881630,1785210005.858516932,search_first_car,50,-25,-25,paper_search_first_vehicle,49,0,0,0,0,0,53,0,0,5,0,,,,,,,,,,,,
6.970079,1785210005.858516932,search_first_car,50,-25,-25,paper_search_first_vehicle,49,0,0,0,0,0,53,0,0,5,0,,,,,,,,,,,,
7.057903,1785210005.970609903,search_first_car,50,-25,-25,paper_search_first_vehicle,50,0,0,0,0,0,54,0,0,5,0,,,,,,,,,,,,
7.150582,1785210006.083971024,search_first_car,50,-25,-25,paper_search_first_vehicle,47,0,0,0,0,0,55,0,0,5,0,,,,,,,,,,,,
7.238415,1785210006.196137905,search_first_car,50,-25,-25,paper_search_first_vehicle,48,0,0,0,0,0,56,0,0,5,0,,,,,,,,,,,,
7.326922,1785210006.306359053,search_first_car,50,-25,-25,paper_search_first_vehicle,51,0,0,0,0,0,57,0,0,5,0,,,,,,,,,,,,
7.414533,1785210006.306359053,search_first_car,50,-25,-25,paper_search_first_vehicle,51,0,0,0,0,0,57,0,0,5,0,,,,,,,,,,,,
7.500901,1785210006.421828032,search_first_car,50,-25,-25,paper_search_first_vehicle,45,0,0,0,0,0,58,0,0,5,0,,,,,,,,,,,,
7.590094,1785210006.533468962,search_first_car,50,-25,-25,paper_search_first_vehicle,49,0,0,0,0,0,59,0,0,5,0,,,,,,,,,,,,
7.683664,1785210006.643728971,search_first_car,50,-25,-25,paper_search_first_vehicle,50,0,0,0,0,0,60,0,0,5,0,,,,,,,,,,,,
7.771228,1785210006.759083033,search_first_car,50,-25,-25,paper_search_first_vehicle,47,0,0,0,0,0,61,0,0,5,0,,,,,,,,,,,,
7.859199,1785210006.759083033,search_first_car,50,-25,-25,paper_search_first_vehicle,47,0,0,0,0,0,61,0,0,5,0,,,,,,,,,,,,
7.946772,1785210006.869904995,search_first_car,50,-25,-25,paper_search_first_vehicle,44,0,0,0,0,0,62,0,0,5,0,,,,,,,,,,,,
8.034552,1785210006.984880209,search_first_car,50,-25,-25,paper_search_first_vehicle,52,0,0,0,0,0,63,0,0,5,0,,,,,,,,,,,,
8.123161,1785210007.096624851,search_first_car,50,-25,-25,paper_search_first_vehicle,47,0,0,0,0,0,64,0,0,5,0,,,,,,,,,,,,
8.216350,1785210007.207670927,search_first_car,50,-25,-25,paper_search_first_vehicle,45,0,0,0,0,0,65,0,0,5,0,,,,,,,,,,,,
8.304163,1785210007.207670927,search_first_car,50,-25,-25,paper_search_first_vehicle,45,0,0,0,0,0,65,0,0,5,0,,,,,,,,,,,,
8.392575,1785210007.322901011,search_first_car,50,-25,-25,paper_search_first_vehicle,49,0,0,0,0,0,66,0,0,5,0,,,,,,,,,,,,
8.481205,1785210007.433588028,search_first_car,50,-25,-25,paper_search_first_vehicle,53,0,0,0,0,0,67,0,0,5,0,,,,,,,,,,,,
8.569299,1785210007.547964811,search_first_car,50,-25,-25,paper_search_first_vehicle,53,0,0,0,0,0,68,0,0,5,0,,,,,,,,,,,,
8.658089,1785210007.547964811,search_first_car,50,-25,-25,paper_search_first_vehicle,53,0,0,0,0,0,68,0,0,5,0,,,,,,,,,,,,
8.751392,1785210007.659543037,search_first_car,50,-25,-25,paper_search_first_vehicle,44,0,0,0,0,0,69,0,0,5,0,,,,,,,,,,,,
8.838688,1785210007.770408869,search_first_car,50,-25,-25,paper_search_first_vehicle,52,0,0,0,0,0,70,0,0,5,0,,,,,,,,,,,,
8.926661,1785210007.884916067,search_first_car,50,-25,-25,paper_search_first_vehicle,46,0,0,0,0,0,71,0,0,5,0,,,,,,,,,,,,
9.015633,1785210007.996382952,search_first_car,50,-25,-25,paper_search_first_vehicle,43,0,0,0,0,0,72,0,0,5,0,,,,,,,,,,,,
9.103384,1785210007.996382952,search_first_car,50,-25,-25,paper_search_first_vehicle,43,0,0,0,0,0,72,0,0,5,0,,,,,,,,,,,,
9.191893,1785210008.111544132,search_first_car,50,-25,-25,paper_search_first_vehicle,41,0,0,0,0,0,73,0,0,5,0,,,,,,,,,,,,
9.283854,1785210008.223247051,search_first_car,50,-25,-25,paper_search_first_vehicle,43,0,0,0,0,0,74,0,0,5,0,,,,,,,,,,,,
9.371646,1785210008.334510088,search_first_car,50,-25,-25,paper_search_first_vehicle,41,0,0,0,0,0,75,0,0,5,0,,,,,,,,,,,,
9.460391,1785210008.449134111,search_first_car,50,-25,-25,paper_search_first_vehicle,45,0,0,0,0,0,76,0,0,5,0,,,,,,,,,,,,
9.548512,1785210008.449134111,search_first_car,50,-25,-25,paper_search_first_vehicle,45,0,0,0,0,0,76,0,0,5,0,,,,,,,,,,,,
9.636508,1785210008.560533047,search_first_car,50,-25,-25,paper_search_first_vehicle,38,0,0,0,0,0,77,0,0,5,0,,,,,,,,,,,,
9.724647,1785210008.672112226,search_first_car,50,-25,-25,paper_search_first_vehicle,41,0,0,0,0,0,78,0,0,5,0,,,,,,,,,,,,
9.817403,1785210008.786672115,search_first_car,50,-25,-25,paper_search_first_vehicle,39,0,0,0,0,0,79,0,0,5,0,,,,,,,,,,,,
9.905201,1785210008.897946119,search_first_car,50,-25,-25,paper_search_first_vehicle,43,0,0,0,0,0,80,0,0,5,0,,,,,,,,,,,,
9.993538,1785210008.897946119,search_first_car,50,-25,-25,paper_search_first_vehicle,43,0,0,0,0,0,80,0,0,5,0,,,,,,,,,,,,
10.081139,1785210009.012240887,search_first_car,50,-25,-25,paper_search_first_vehicle,39,0,0,0,0,0,81,0,0,5,0,,,,,,,,,,,,
10.169495,1785210009.123290062,search_first_car,50,-25,-25,paper_search_first_vehicle,33,0,0,0,0,0,82,0,0,5,0,,,,,,,,,,,,
10.258071,1785210009.234654903,search_first_car,50,-25,-25,paper_search_first_vehicle,36,0,0,0,0,0,83,0,0,5,0,,,,,,,,,,,,
10.350641,1785210009.234654903,search_first_car,50,-25,-25,paper_search_first_vehicle,36,0,0,0,0,0,83,0,0,5,0,,,,,,,,,,,,
10.438868,1785210009.351135015,search_first_car,50,-25,-25,paper_search_first_vehicle,34,0,0,0,0,0,84,0,0,5,0,,,,,,,,,,,,
10.523393,1785210009.460718155,search_first_car,50,-25,-25,paper_search_first_vehicle,34,0,0,0,0,0,85,0,0,5,0,,,,,,,,,,,,
10.611510,1785210009.572872877,search_first_car,50,-25,-25,paper_search_first_vehicle,43,0,0,0,0,0,86,0,0,5,0,,,,,,,,,,,,
10.699665,1785210009.687524080,search_first_car,50,-25,-25,paper_search_first_vehicle,42,0,0,0,0,0,87,0,0,5,0,,,,,,,,,,,,
10.788826,1785210009.687524080,search_first_car,50,-25,-25,paper_search_first_vehicle,42,0,0,0,0,0,87,0,0,5,0,,,,,,,,,,,,
10.881859,1785210009.798402071,search_first_car,50,-25,-25,paper_search_first_vehicle,41,0,0,0,0,0,88,0,0,5,0,,,,,,,,,,,,
10.969693,1785210009.913407087,search_first_car,50,-25,-25,paper_search_first_vehicle,30,0,0,0,0,0,89,0,0,5,0,,,,,,,,,,,,
11.056707,1785210010.024942160,search_first_car,50,-25,-25,paper_search_first_vehicle,31,0,0,0,0,0,90,0,0,5,0,,,,,,,,,,,,
11.143814,1785210010.024942160,search_first_car,50,-25,-25,paper_search_first_vehicle,31,0,0,0,0,0,90,0,0,5,0,,,,,,,,,,,,
11.231591,1785210010.138427973,search_first_car,50,-25,-25,paper_search_first_vehicle,33,0,0,0,0,0,91,0,0,5,0,,,,,,,,,,,,
11.319683,1785210010.250235796,search_first_car,50,-25,-25,paper_search_first_vehicle,33,0,0,0,0,0,92,0,0,5,0,,,,,,,,,,,,
11.412110,1785210010.362101078,search_first_car,50,-25,-25,paper_search_first_vehicle,31,0,0,0,0,0,93,0,0,5,0,,,,,,,,,,,,
11.499348,1785210010.472434998,search_first_car,50,-25,-25,paper_search_first_vehicle,30,0,0,0,0,0,94,0,0,5,0,,,,,,,,,,,,
11.587629,1785210010.472434998,search_first_car,50,-25,-25,paper_search_first_vehicle,30,0,0,0,0,0,94,0,0,5,0,,,,,,,,,,,,
11.676052,1785210010.587979078,search_first_car,50,-25,-25,paper_search_first_vehicle,31,0,0,0,0,0,95,0,0,5,0,,,,,,,,,,,,
11.764868,1785210010.698688984,search_first_car,50,-25,-25,paper_search_first_vehicle,31,0,0,0,0,0,96,0,0,5,0,,,,,,,,,,,,
11.852923,1785210010.814028978,search_first_car,50,-25,-25,paper_search_first_vehicle,28,0,0,0,0,0,97,0,0,5,0,,,,,,,,,,,,
11.945598,1785210010.925631046,search_first_car,50,-25,-25,paper_search_first_vehicle,30,0,0,0,0,0,98,0,0,5,0,,,,,,,,,,,,
12.032566,1785210010.925631046,search_first_car,50,-25,-25,paper_search_first_vehicle,30,0,0,0,0,0,98,0,0,5,0,,,,,,,,,,,,
12.120699,1785210011.039545059,search_first_car,50,-25,-25,paper_search_first_vehicle,31,0,0,0,0,0,99,0,0,5,0,,,,,,,,,,,,
12.209267,1785210011.150874853,search_first_car,50,-25,-25,paper_search_first_vehicle,32,0,0,0,0,0,100,0,0,5,0,,,,,,,,,,,,
12.297779,1785210011.262840986,search_first_car,50,-25,-25,paper_search_first_vehicle,32,0,0,0,0,0,101,0,0,5,0,,,,,,,,,,,,
12.385824,1785210011.377025127,search_first_car,50,-25,-25,paper_search_first_vehicle,30,0,0,0,0,0,102,0,0,5,0,,,,,,,,,,,,
12.478286,1785210011.377025127,search_first_car,50,-25,-25,paper_search_first_vehicle,30,0,0,0,0,0,102,0,0,5,0,,,,,,,,,,,,
12.566079,1785210011.487845182,search_first_car,50,-25,-25,paper_search_first_vehicle,30,0,0,0,0,0,103,0,0,5,0,,,,,,,,,,,,
12.654159,1785210011.600186110,search_first_car,50,-25,-25,paper_search_first_vehicle,35,0,0,0,0,0,104,0,0,5,0,,,,,,,,,,,,
12.742314,1785210011.714153051,search_first_car,50,-25,-25,paper_search_first_vehicle,28,0,0,0,0,0,105,0,0,5,0,,,,,,,,,,,,
12.830227,1785210011.714153051,search_first_car,50,-25,-25,paper_search_first_vehicle,28,0,0,0,0,0,105,0,0,5,0,,,,,,,,,,,,
12.918012,1785210011.825230122,search_first_car,50,-25,-25,paper_search_first_vehicle,30,0,0,0,0,0,106,0,0,5,0,,,,,,,,,,,,
13.010465,1785210011.940227032,search_first_car,50,-25,-25,paper_search_first_vehicle,31,0,0,0,0,0,107,0,0,5,0,,,,,,,,,,,,
13.098238,1785210012.051204205,search_first_car,50,-25,-25,paper_search_first_vehicle,26,0,0,0,0,0,108,0,0,5,0,,,,,,,,,,,,
13.185704,1785210012.165667057,search_first_car,50,-25,-25,paper_search_first_vehicle,28,0,0,0,0,0,109,0,0,5,0,,,,,,,,,,,,
13.273719,1785210012.165667057,search_first_car,50,-25,-25,paper_search_first_vehicle,28,0,0,0,0,0,109,0,0,5,0,,,,,,,,,,,,
13.361776,1785210012.278332949,search_first_car,50,-25,-25,paper_search_first_vehicle,24,0,0,0,0,0,110,0,0,5,0,,,,,,,,,,,,
13.449872,1785210012.389211893,search_first_car,50,-25,-25,paper_search_first_vehicle,22,0,0,0,0,0,111,0,0,5,0,,,,,,,,,,,,
13.539836,1785210012.504143000,search_first_car,50,-25,-25,paper_search_first_vehicle,27,0,0,0,0,0,112,0,0,5,0,,,,,,,,,,,,
13.628258,1785210012.615548849,search_first_car,50,-25,-25,paper_search_first_vehicle,21,0,0,0,0,0,113,0,0,5,0,,,,,,,,,,,,
13.716729,1785210012.615548849,search_first_car,50,-25,-25,paper_search_first_vehicle,21,0,0,0,0,0,113,0,0,5,0,,,,,,,,,,,,
13.805306,1785210012.726207018,search_first_car,50,-25,-25,paper_search_first_vehicle,18,0,0,0,0,0,114,0,0,5,0,,,,,,,,,,,,
13.893186,1785210012.840538025,search_first_car,50,-25,-25,paper_search_first_vehicle,32,0,0,0,0,0,115,0,0,5,0,,,,,,,,,,,,
13.981539,1785210012.952344179,search_first_car,50,-25,-25,paper_search_first_vehicle,34,0,0,0,0,0,116,0,0,5,0,,,,,,,,,,,,
14.075065,1785210013.066575050,search_first_car,50,-25,-25,paper_search_first_vehicle,31,0,0,0,0,0,117,0,0,5,0,,,,,,,,,,,,
14.162086,1785210013.066575050,search_first_car,50,-25,-25,paper_search_first_vehicle,31,0,0,0,0,0,117,0,0,5,0,,,,,,,,,,,,
14.250037,1785210013.177988052,search_first_car,50,-25,-25,paper_search_first_vehicle,29,0,0,0,0,0,118,0,0,5,0,,,,,,,,,,,,
14.337776,1785210013.289334059,search_first_car,50,-25,-25,paper_search_first_vehicle,28,0,0,0,0,0,119,0,0,5,0,,,,,,,,,,,,
14.425833,1785210013.404037237,search_first_car,50,-25,-25,paper_search_first_vehicle,31,0,0,0,0,0,120,0,0,5,0,,,,,,,,,,,,
14.514294,1785210013.404037237,search_first_car,50,-25,-25,paper_search_first_vehicle,31,0,0,0,0,0,120,0,0,5,0,,,,,,,,,,,,
14.607015,1785210013.516214132,search_first_car,50,-25,-25,paper_search_first_vehicle,30,0,0,0,0,0,121,0,0,5,0,,,,,,,,,,,,
14.694635,1785210013.630637169,search_first_car,50,-25,-25,paper_search_first_vehicle,30,0,0,0,0,0,122,0,0,5,0,,,,,,,,,,,,
14.782399,1785210013.741319895,search_first_car,50,-25,-25,paper_search_first_vehicle,37,0,0,0,0,0,123,0,0,5,0,,,,,,,,,,,,
14.870574,1785210013.853218079,search_first_car,50,-25,-25,paper_search_first_vehicle,38,0,0,0,0,0,124,0,0,5,0,,,,,,,,,,,,
14.959400,1785210013.853218079,search_first_car,50,-25,-25,paper_search_first_vehicle,38,0,0,0,0,0,124,0,0,5,0,,,,,,,,,,,,
15.048159,1785210013.967714071,search_first_car,50,-25,-25,paper_search_first_vehicle,33,0,0,0,0,0,125,0,0,5,0,,,,,,,,,,,,
15.141112,1785210014.079610109,search_first_car,50,-25,-25,paper_search_first_vehicle,30,0,0,0,0,0,126,0,0,5,0,,,,,,,,,,,,
15.229366,1785210014.190835953,search_first_car,50,-25,-25,paper_search_first_vehicle,33,0,0,0,0,0,127,0,0,5,0,,,,,,,,,,,,
15.316876,1785210014.304728985,search_first_car,50,-25,-25,paper_search_first_vehicle,42,0,0,0,0,0,128,0,0,5,0,,,,,,,,,,,1440.750000,
15.405676,1785210014.304728985,search_first_car,50,-25,-25,paper_search_first_vehicle,42,0,0,0,0,0,128,0,0,5,0,,,,,,,,,,,1440.750000,
15.494034,1785210014.416162014,search_first_car,50,-25,-25,paper_search_first_vehicle,40,0,0,0,0,0,129,0,0,5,0,,,,,,,,,,,,
15.582436,1785210014.530828953,search_first_car,50,-25,-25,paper_search_first_vehicle,38,0,0,0,0,0,130,0,0,5,0,,,,,,,,,,,,
15.675105,1785210014.642108917,search_first_car,50,-25,-25,paper_search_first_vehicle,43,0,0,0,0,0,131,0,0,5,0,,,,,,,,,,,,
15.763182,1785210014.756871939,search_first_car,50,-25,-25,paper_search_first_vehicle,45,0,0,0,0,0,132,0,0,5,0,,,,,,,,,,,1352.750000,
15.851671,1785210014.756871939,search_first_car,50,-25,-25,paper_search_first_vehicle,45,0,0,0,0,0,132,0,0,5,0,,,,,,,,,,,1352.750000,
15.940461,1785210014.868850946,search_first_car,50,-25,-25,paper_search_first_vehicle,51,0,0,0,0,0,133,0,0,5,0,,,,,,,,,,,1348.250000,
16.029988,1785210014.980370998,search_first_car,50,-25,-25,paper_search_first_vehicle,51,0,0,0,0,0,134,0,0,5,0,,,,,,,,,,,1330.250000,
16.118955,1785210015.094371080,search_first_car,50,-25,-25,paper_search_first_vehicle,53,0,0,0,0,0,135,0,0,5,0,,,,,,,,,,,1323.500000,
16.212402,1785210015.205059052,search_first_car,50,-25,-25,paper_search_first_vehicle,48,0,0,0,0,0,136,0,0,5,0,,,,,,,,,,,1318.000000,
16.301169,1785210015.205059052,search_first_car,50,-25,-25,paper_search_first_vehicle,48,0,0,0,0,0,136,0,0,5,0,,,,,,,,,,,1318.000000,
16.389606,1785210015.319850922,search_first_car,50,-25,-25,paper_search_first_vehicle,56,0,0,1,3,1,0,0,0,5,0,,,,,,,,,,,1313.500000,
16.477473,1785210015.431971073,search_open_space,50,-25,-25,paper_first_vehicle_counted,53,1,1,1,4,2,0,1,0,5,0,,,,,,,,,,,1307.250000,
16.565751,1785210015.543329000,search_open_space,50,-25,-25,paper_passing_first_vehicle,53,1,1,1,4,3,0,1,0,5,0,,,,,,,,,,,1306.500000,
16.653914,1785210015.543329000,search_open_space,50,-25,-25,paper_passing_first_vehicle,53,1,1,1,4,3,0,1,0,5,0,,,,,,,,,,,1306.500000,
16.747485,1785210015.658054829,search_open_space,50,-25,-25,paper_passing_first_vehicle,51,1,1,1,5,4,0,1,0,5,0,,,,,,,,,,,1300.500000,
16.835794,1785210015.768755913,search_open_space,50,-25,-25,paper_passing_first_vehicle,57,1,1,1,5,5,0,1,0,5,0,,,,,,,,,,,1299.250000,
16.924729,1785210015.881349802,search_open_space,50,-25,-25,paper_passing_first_vehicle,57,1,1,1,6,6,0,1,0,5,0,,,,,,,,,,,1296.000000,
17.013473,1785210015.994458914,search_open_space,50,-25,-25,paper_passing_first_vehicle,55,1,1,1,5,7,0,1,0,5,0,,,,,,,,,,,1295.000000,
17.102735,1785210015.994458914,search_open_space,50,-25,-25,paper_passing_first_vehicle,55,1,1,1,5,7,0,1,0,5,0,,,,,,,,,,,1295.000000,
17.192068,1785210016.106192827,search_open_space,50,-25,-25,paper_passing_first_vehicle,57,1,1,1,7,8,0,1,0,5,0,,,,,,,,,,,1293.500000,
17.285716,1785210016.221211910,search_open_space,50,-25,-25,paper_passing_first_vehicle,54,1,1,1,7,9,0,1,0,5,0,,,,,,,,,,,1294.000000,
17.373921,1785210016.331975937,search_open_space,50,-25,-25,paper_passing_first_vehicle,55,1,1,1,6,10,0,1,0,5,0,,,,,,,,,,,1293.000000,
17.463062,1785210016.443798065,search_open_space,50,-25,-25,paper_passing_first_vehicle,53,1,1,1,6,11,0,1,0,5,0,,,,,,,,,,,1293.750000,
17.552405,1785210016.443798065,search_open_space,50,-25,-25,paper_passing_first_vehicle,53,1,1,1,6,11,0,1,0,5,0,,,,,,,,,,,1293.750000,
17.640996,1785210016.558427811,search_open_space,50,-25,-25,paper_passing_first_vehicle,56,1,1,1,5,12,0,1,0,5,0,,,,,,,,,,,1290.500000,
17.729941,1785210016.669101000,search_open_space,50,-25,-25,paper_passing_first_vehicle,55,1,1,1,5,13,0,1,0,5,0,,,,,,,,,,,1294.000000,
17.822676,1785210016.784557104,search_open_space,50,-25,-25,paper_passing_first_vehicle,57,1,1,1,6,14,0,1,0,5,0,,,,,,,,,,,1289.000000,
17.911464,1785210016.896286964,search_open_space,50,-25,-25,paper_passing_first_vehicle,55,1,1,1,5,15,0,1,0,5,0,,,,,,,,,,,1287.500000,
17.999519,1785210016.896286964,search_open_space,50,-25,-25,paper_passing_first_vehicle,55,1,1,1,5,15,0,1,0,5,0,,,,,,,,,,,1287.500000,
18.088550,1785210017.006927967,search_open_space,50,-25,-25,paper_passing_first_vehicle,56,1,1,1,3,16,0,1,0,5,0,,,,,,,,,,,1292.000000,
18.177730,1785210017.121868134,search_open_space,50,-25,-25,paper_passing_first_vehicle,53,1,1,1,6,17,0,1,0,5,0,,,,,,,,,,,1277.000000,
18.266655,1785210017.232859850,search_open_space,50,-25,-25,paper_passing_first_vehicle,54,1,1,1,6,18,0,1,0,5,0,,,,,,,,,,,1281.750000,
18.359898,1785210017.347678900,search_open_space,50,-25,-25,paper_passing_first_vehicle,56,1,1,1,6,19,0,1,0,5,0,,,,,,,,,,,1277.500000,
18.448223,1785210017.347678900,search_open_space,50,-25,-25,paper_passing_first_vehicle,56,1,1,1,6,19,0,1,0,5,0,,,,,,,,,,,1277.500000,
18.536677,1785210017.459491014,search_open_space,50,-25,-25,paper_passing_first_vehicle,55,1,1,1,5,20,0,1,0,5,0,,,,,,,,,,,1280.000000,
18.625958,1785210017.573804140,search_open_space,50,-25,-25,paper_passing_first_vehicle,58,1,1,1,6,21,0,1,0,5,0,,,,,,,,,,,1282.250000,
18.715333,1785210017.684538841,search_open_space,50,-25,-25,paper_passing_first_vehicle,60,1,1,1,6,22,0,1,0,5,0,,,,,,,,,,,1288.250000,
18.804133,1785210017.797030926,search_open_space,50,-25,-25,paper_passing_first_vehicle,49,1,1,1,7,23,0,1,0,5,0,,,,,,,,,,,1287.500000,
18.896593,1785210017.797030926,search_open_space,50,-25,-25,paper_passing_first_vehicle,49,1,1,1,7,23,0,1,0,5,0,,,,,,,,,,,1287.500000,
18.984904,1785210017.911440849,search_open_space,50,-25,-25,paper_passing_first_vehicle,58,1,1,1,6,24,0,1,0,5,0,,,,,,,,,,,1286.250000,
19.073586,1785210018.022320986,search_open_space,50,-25,-25,paper_passing_first_vehicle,56,1,1,1,5,25,0,1,0,5,0,,,,,,,,,,,1285.750000,
19.162672,1785210018.133383989,search_open_space,50,-25,-25,paper_passing_first_vehicle,62,1,1,1,7,26,0,1,0,5,0,,,,,,,,,,,1294.500000,
19.250953,1785210018.133383989,search_open_space,50,-25,-25,paper_passing_first_vehicle,62,1,1,1,7,26,0,1,0,5,0,,,,,,,,,,,1294.500000,
19.339868,1785210018.248796940,search_open_space,50,-25,-25,paper_passing_first_vehicle,58,1,1,1,6,27,0,1,0,5,0,,,,,,,,,,,1290.750000,
19.433314,1785210018.359947920,search_open_space,50,-25,-25,paper_passing_first_vehicle,54,1,1,1,6,28,0,1,0,5,0,,,,,,,,,,,1297.500000,
19.521171,1785210018.475035906,search_open_space,50,-25,-25,paper_passing_first_vehicle,56,1,1,1,7,29,0,1,0,5,0,,,,,,,,,,,1302.000000,
19.609134,1785210018.585988045,search_open_space,50,-25,-25,paper_passing_first_vehicle,59,1,1,1,6,30,0,1,0,5,0,,,,,,,,,,,1302.500000,
19.698345,1785210018.585988045,search_open_space,50,-25,-25,paper_passing_first_vehicle,59,1,1,1,6,30,0,1,0,5,0,,,,,,,,,,,1302.500000,
19.787850,1785210018.697623014,search_open_space,50,-25,-25,paper_passing_first_vehicle,53,1,1,1,7,31,0,1,0,5,0,,,,,,,,,,,1303.750000,
19.876937,1785210018.812220812,search_open_space,50,-25,-25,paper_passing_first_vehicle,51,1,1,1,6,32,0,1,0,5,0,,,,,,,,,,,1302.250000,
19.970088,1785210018.922642946,search_open_space,50,-25,-25,paper_passing_first_vehicle,57,1,1,1,7,33,0,1,0,5,0,,,,,,,,,,,1304.250000,
20.058786,1785210019.034656048,search_open_space,50,-25,-25,paper_passing_first_vehicle,53,1,1,1,5,34,0,1,0,5,0,,,,,,,,,,,1310.000000,
20.146662,1785210019.034656048,search_open_space,50,-25,-25,paper_passing_first_vehicle,53,1,1,1,5,34,0,1,0,5,0,,,,,,,,,,,1310.000000,
20.235707,1785210019.148905993,search_open_space,50,-25,-25,paper_passing_first_vehicle,56,1,1,1,5,35,0,1,0,5,0,,,,,,,,,,,1293.500000,
20.324547,1785210019.260056973,search_open_space,50,-25,-25,paper_passing_first_vehicle,52,1,1,1,4,36,0,1,0,5,0,,,,,,,,,,,1309.250000,
20.412881,1785210019.374847889,search_open_space,50,-25,-25,paper_passing_first_vehicle,57,1,1,1,6,37,0,1,0,5,0,,,,,,,,,,,1313.500000,
20.506457,1785210019.486607790,search_open_space,50,-25,-25,paper_passing_first_vehicle,55,1,1,1,4,38,0,1,0,5,0,,,,,,,,,,,1320.500000,
20.595365,1785210019.486607790,search_open_space,50,-25,-25,paper_passing_first_vehicle,55,1,1,1,4,38,0,1,0,5,0,,,,,,,,,,,1320.500000,
20.684192,1785210019.597510815,search_open_space,50,-25,-25,paper_passing_first_vehicle,60,1,1,1,5,39,0,1,0,5,0,,,,,,,,,,,1320.500000,
20.772212,1785210019.712141991,search_open_space,50,-25,-25,paper_passing_first_vehicle,58,1,1,1,5,40,0,1,0,5,0,,,,,,,,,,,1328.750000,
20.861052,1785210019.824158907,search_open_space,50,-25,-25,paper_passing_first_vehicle,51,1,1,1,4,41,0,1,0,5,0,,,,,,,,,,,1330.750000,
20.949814,1785210019.935640097,search_open_space,50,-25,-25,paper_passing_first_vehicle,46,1,1,1,4,42,0,1,0,5,0,,,,,,,,,,,1329.250000,
21.043758,1785210019.935640097,search_open_space,50,-25,-25,paper_passing_first_vehicle,46,1,1,1,4,42,0,1,0,5,0,,,,,,,,,,,1329.250000,
21.131563,1785210020.049622059,search_open_space,50,-25,-25,paper_passing_first_vehicle,49,1,1,1,4,43,0,1,0,5,0,,,,,,,,,,,1327.750000,
21.220742,1785210020.160739183,search_open_space,50,-25,-25,paper_passing_first_vehicle,44,1,1,1,3,44,0,1,0,5,0,,,,,,,,,,,1335.750000,
21.309013,1785210020.275954008,search_open_space,50,-25,-25,paper_passing_first_vehicle,44,1,1,0,0,0,1,1,0,5,0,,,,,,,,,,,1346.000000,
21.397867,1785210020.386983871,search_open_space,50,-25,-25,paper_passing_first_vehicle,51,1,1,0,0,0,2,1,0,5,0,,,,,,,,,,,1346.750000,
21.486616,1785210020.386983871,search_open_space,50,-25,-25,paper_passing_first_vehicle,51,1,1,0,0,0,2,1,0,5,0,,,,,,,,,,,1346.750000,
21.537425,1785210020.498864174,search_second_car,50,-25,-25,paper_between_detected_vehicles,45,1,0,0,0,0,3,1,0,5,0,,,,,,,,,,,1351.750000,
21.625671,1785210020.612523079,search_second_car,50,-25,-25,paper_search_second_vehicle,48,1,0,0,0,0,4,1,0,5,0,,,,,,,,,,,1360.000000,
21.713796,1785210020.612523079,search_second_car,50,-25,-25,paper_search_second_vehicle,48,1,0,0,0,0,4,1,0,5,0,,,,,,,,,,,1360.000000,
21.800990,1785210020.724616051,search_second_car,50,-25,-25,paper_search_second_vehicle,46,1,0,0,0,0,5,1,0,5,0,,,,,,,,,,,,
21.889556,1785210020.835537910,search_second_car,50,-25,-25,paper_search_second_vehicle,42,1,0,0,0,0,6,1,0,5,0,,,,,,,,,,,1426.000000,
21.978348,1785210020.950054884,search_second_car,50,-25,-25,paper_search_second_vehicle,42,1,0,0,0,0,7,1,0,5,0,,,,,,,,,,,,
22.071272,1785210021.061769009,search_second_car,50,-25,-25,paper_search_second_vehicle,45,1,0,0,0,0,8,1,0,5,0,,,,,,,,,,,,
22.159731,1785210021.061769009,search_second_car,50,-25,-25,paper_search_second_vehicle,45,1,0,0,0,0,8,1,0,5,0,,,,,,,,,,,,
22.248228,1785210021.175971031,search_second_car,50,-25,-25,paper_search_second_vehicle,45,1,0,0,0,0,9,1,0,5,0,,,,,,,,,,,1451.000000,
22.336314,1785210021.287853003,search_second_car,50,-25,-25,paper_search_second_vehicle,43,1,0,0,0,0,10,1,0,5,0,,,,,,,,,,,1716.750000,
22.425483,1785210021.399758101,search_second_car,50,-25,-25,paper_search_second_vehicle,42,1,0,0,0,0,11,1,0,5,0,,,,,,,,,,,,
22.514127,1785210021.399758101,search_second_car,50,-25,-25,paper_search_second_vehicle,42,1,0,0,0,0,11,1,0,5,0,,,,,,,,,,,,
22.605280,1785210021.513848066,search_second_car,50,-25,-25,paper_search_second_vehicle,41,1,0,0,0,0,12,1,0,5,0,,,,,,,,,,,,
22.694112,1785210021.624560118,search_second_car,50,-25,-25,paper_search_second_vehicle,42,1,0,0,0,0,13,1,0,5,0,,,,,,,,,,,1726.500000,
22.782270,1785210021.737212896,search_second_car,50,-25,-25,paper_search_second_vehicle,45,1,0,0,0,0,14,1,0,5,0,,,,,,,,,,,,
22.870773,1785210021.850744009,search_second_car,50,-25,-25,paper_search_second_vehicle,38,1,0,0,0,0,15,1,0,5,0,,,,,,,,,,,1736.750000,
22.959350,1785210021.850744009,search_second_car,50,-25,-25,paper_search_second_vehicle,38,1,0,0,0,0,15,1,0,5,0,,,,,,,,,,,1736.750000,
23.047230,1785210021.962495089,search_second_car,50,-25,-25,paper_search_second_vehicle,41,1,0,0,0,0,16,1,0,5,0,,,,,,,,,,,,
23.141015,1785210022.073613167,search_second_car,50,-25,-25,paper_search_second_vehicle,39,1,0,0,0,0,17,1,0,5,1,68.187500,71.406250,69.796875,1435.250000,1773.750000,,,,,,1773.750000,
23.228905,1785210022.189073801,search_second_car,50,-25,-25,paper_search_second_vehicle,45,1,0,0,0,0,18,1,0,5,0,,,,,,,,,,,,
23.317180,1785210022.299804926,search_second_car,50,-25,-25,paper_search_second_vehicle,43,1,0,0,0,0,19,1,0,5,0,,,,,,,,,,,,
23.405157,1785210022.299804926,search_second_car,50,-25,-25,paper_search_second_vehicle,43,1,0,0,0,0,19,1,0,5,0,,,,,,,,,,,,
23.494072,1785210022.411151886,search_second_car,50,-25,-25,paper_search_second_vehicle,45,1,0,0,0,0,20,1,0,5,0,,,,,,,,,,,,
23.582535,1785210022.525884867,search_second_car,50,-25,-25,paper_search_second_vehicle,46,1,0,0,0,0,21,1,0,5,0,,,,,,,,,,,,
23.675739,1785210022.637397051,search_second_car,50,-25,-25,paper_search_second_vehicle,48,1,0,0,0,0,22,1,0,5,0,,,,,,,,,,,,
23.763982,1785210022.752243996,search_second_car,50,-25,-25,paper_search_second_vehicle,37,1,0,0,0,0,23,1,0,5,1,62.671875,68.125000,65.398438,1453.250000,1765.500000,,,,,,,
23.853065,1785210022.752243996,search_second_car,50,-25,-25,paper_search_second_vehicle,37,1,0,0,0,0,23,1,0,5,1,62.671875,68.125000,65.398438,1453.250000,1765.500000,,,,,,,
23.941948,1785210022.863368034,search_second_car,50,-25,-25,paper_search_second_vehicle,45,1,0,0,0,0,24,1,0,5,0,,,,,,,,,,,,
24.030763,1785210022.977614164,search_second_car,50,-25,-25,paper_search_second_vehicle,46,1,0,0,0,0,25,1,0,5,0,,,,,,,,,,,,
24.119759,1785210023.088816166,search_second_car,50,-25,-25,paper_search_second_vehicle,42,1,0,0,0,0,26,1,0,5,0,,,,,,,,,,,,
24.213137,1785210023.201008797,search_second_car,50,-25,-25,paper_search_second_vehicle,36,1,0,0,0,0,27,1,0,5,0,,,,,,,,,,,,
24.301611,1785210023.201008797,search_second_car,50,-25,-25,paper_search_second_vehicle,36,1,0,0,0,0,27,1,0,5,0,,,,,,,,,,,,
24.389847,1785210023.312566042,search_second_car,50,-25,-25,paper_search_second_vehicle,48,1,0,0,0,0,28,1,0,5,0,,,,,,,,,,,,
24.478839,1785210023.426915169,search_second_car,50,-25,-25,paper_search_second_vehicle,43,1,0,0,0,0,29,1,0,5,0,,,,,,,,,,,,
24.567253,1785210023.537498951,search_second_car,50,-25,-25,paper_search_second_vehicle,39,1,0,0,0,0,30,1,0,5,1,59.890625,62.921875,61.406250,1531.500000,1820.500000,,,,,,,
24.656529,1785210023.537498951,search_second_car,50,-25,-25,paper_search_second_vehicle,39,1,0,0,0,0,30,1,0,5,1,59.890625,62.921875,61.406250,1531.500000,1820.500000,,,,,,,
24.749784,1785210023.652930975,search_second_car,50,-25,-25,paper_search_second_vehicle,41,1,0,0,0,0,31,1,0,5,1,59.890625,62.921875,61.406250,1531.500000,1820.500000,,,,,,,
24.838123,1785210023.764561892,search_second_car,50,-25,-25,paper_search_second_vehicle,29,1,0,0,0,0,32,1,0,5,1,59.671875,62.921875,61.296875,1541.500000,1820.500000,,,,,,,
24.926927,1785210023.875128031,search_second_car,50,-25,-25,paper_search_second_vehicle,31,1,0,0,0,0,33,1,0,5,0,,,,,,,,,,,,
25.014763,1785210023.989594221,search_second_car,50,-25,-25,paper_search_second_vehicle,39,1,0,0,0,0,34,1,0,5,1,58.046875,60.812500,59.429688,1585.750000,1845.500000,,,,,,,
25.103780,1785210023.989594221,search_second_car,50,-25,-25,paper_search_second_vehicle,39,1,0,0,0,0,34,1,0,5,1,58.046875,60.812500,59.429688,1585.750000,1845.500000,,,,,,,
25.192483,1785210024.101405859,search_second_car,50,-25,-25,paper_search_second_vehicle,32,1,0,0,0,0,35,1,0,5,1,58.046875,60.812500,59.429688,1585.750000,1845.500000,,,,,,,
25.286487,1785210024.212548018,search_second_car,50,-25,-25,paper_search_second_vehicle,34,1,0,0,0,0,36,1,0,5,1,58.046875,60.328125,59.187500,1585.750000,1829.000000,,,,,,,
25.374130,1785210024.327008963,search_second_car,50,-25,-25,paper_search_second_vehicle,32,1,0,0,0,0,37,1,0,5,0,,,,,,,,,,,,
25.463036,1785210024.438968182,search_second_car,50,-25,-25,paper_search_second_vehicle,30,1,0,0,0,0,38,1,0,5,1,56.984375,59.890625,58.437500,1615.750000,1859.750000,,,,,,,
25.549551,1785210024.438968182,search_second_car,50,-25,-25,paper_search_second_vehicle,30,1,0,0,0,0,38,1,0,5,1,56.984375,59.890625,58.437500,1615.750000,1859.750000,,,,,,,
25.638121,1785210024.550148010,search_second_car,50,-25,-25,paper_search_second_vehicle,37,1,0,0,0,0,39,1,0,5,1,56.984375,59.890625,58.437500,1615.750000,1859.750000,,,,,,,
25.727271,1785210024.664798021,search_second_car,50,-25,-25,paper_search_second_vehicle,36,1,0,0,0,0,40,1,0,5,1,56.984375,57.718750,57.351562,1615.750000,1879.000000,,,,,,,
25.820989,1785210024.777309895,search_second_car,50,-25,-25,paper_search_second_vehicle,27,1,0,0,0,0,41,1,0,5,1,55.156250,57.718750,56.437500,1621.000000,1879.000000,,,,,,,
25.908942,1785210024.890061140,search_second_car,50,-25,-25,paper_search_second_vehicle,34,1,0,0,0,0,42,1,0,5,1,54.906250,57.718750,56.312500,1633.000000,1879.000000,,,,,,,
25.997260,1785210024.890061140,search_second_car,50,-25,-25,paper_search_second_vehicle,34,1,0,0,0,0,42,1,0,5,1,54.906250,57.718750,56.312500,1633.000000,1879.000000,,,,,,,
26.085773,1785210025.001274824,search_second_car,50,-25,-25,paper_search_second_vehicle,35,1,0,0,0,0,43,1,0,5,1,54.718750,57.718750,56.218750,1633.000000,1879.000000,,,,,,,
26.175530,1785210025.113281012,search_second_car,50,-25,-25,paper_search_second_vehicle,40,1,0,0,0,0,44,1,0,5,1,54.328125,55.343750,54.835938,1645.250000,1931.250000,,,,,,,
26.263920,1785210025.227675915,search_second_car,50,-25,-25,paper_search_second_vehicle,33,1,0,0,0,0,45,1,0,5,1,54.078125,55.343750,54.710938,1666.250000,1931.250000,,,,,,,
26.356124,1785210025.338796139,search_second_car,50,-25,-25,paper_search_second_vehicle,37,1,0,0,0,0,46,1,0,5,1,52.296875,55.343750,53.820312,1667.250000,1931.250000,,,,,,,
26.444178,1785210025.338796139,search_second_car,50,-25,-25,paper_search_second_vehicle,37,1,0,0,0,0,46,1,0,5,1,52.296875,55.343750,53.820312,1667.250000,1931.250000,,,,,,,
26.532568,1785210025.451272011,search_second_car,50,-25,-25,paper_search_second_vehicle,35,1,0,0,0,0,47,1,0,5,1,51.968750,53.984375,52.976562,1678.500000,1958.250000,,,,,,,
26.620880,1785210025.565557957,search_second_car,50,-25,-25,paper_search_second_vehicle,29,1,0,0,0,0,48,1,0,5,1,51.968750,53.984375,52.976562,1678.500000,1958.250000,,,,,,,
26.709078,1785210025.676599026,search_second_car,50,-25,-25,paper_search_second_vehicle,40,1,0,0,0,0,49,1,0,5,1,50.890625,52.890625,51.890625,1734.500000,1978.000000,,,,,,,
26.797597,1785210025.791265011,search_second_car,50,-25,-25,paper_search_second_vehicle,37,1,0,0,0,0,50,1,0,5,1,50.890625,52.890625,51.890625,1734.500000,1978.000000,,,,,,,
26.891341,1785210025.791265011,search_second_car,50,-25,-25,paper_search_second_vehicle,37,1,0,0,0,0,50,1,0,5,1,50.890625,52.890625,51.890625,1734.500000,1978.000000,,,,,,,
26.979653,1785210025.902163029,search_second_car,50,-25,-25,paper_search_second_vehicle,40,1,0,0,0,0,51,1,0,5,1,50.890625,52.890625,51.890625,1734.500000,1978.000000,,,,,,,
27.067905,1785210026.013727903,search_second_car,50,-25,-25,paper_search_second_vehicle,36,1,0,0,0,0,52,1,0,5,1,50.890625,52.890625,51.890625,1734.500000,1978.000000,,,,,,,
27.156464,1785210026.128399849,search_second_car,50,-25,-25,paper_search_second_vehicle,33,1,0,0,0,0,53,1,0,5,0,,,,,,,,,,,,
27.245701,1785210026.239677906,search_second_car,50,-25,-25,paper_search_second_vehicle,39,1,0,0,0,0,54,1,0,5,1,49.703125,52.796875,51.250000,1769.500000,2032.250000,,,,,,,
27.334552,1785210026.239677906,search_second_car,50,-25,-25,paper_search_second_vehicle,39,1,0,0,0,0,54,1,0,5,1,49.703125,52.796875,51.250000,1769.500000,2032.250000,,,,,,,
27.427744,1785210026.350906134,search_second_car,50,-25,-25,paper_search_second_vehicle,36,1,0,0,0,0,55,1,0,5,1,49.703125,52.796875,51.250000,1769.500000,2032.250000,,,,,,,
27.515411,1785210026.466127872,search_second_car,50,-25,-25,paper_search_second_vehicle,31,1,0,0,0,0,56,1,0,5,0,,,,,,,,,,,,
27.603829,1785210026.576728106,search_second_car,50,-25,-25,paper_search_second_vehicle,33,1,0,0,0,0,57,1,0,5,0,,,,,,,,,,,,
27.691925,1785210026.576728106,search_second_car,50,-25,-25,paper_search_second_vehicle,33,1,0,0,0,0,57,1,0,5,0,,,,,,,,,,,,
27.780924,1785210026.692430019,search_second_car,50,-25,-25,paper_search_second_vehicle,33,1,0,0,0,0,58,1,0,5,1,47.890625,51.609375,49.750000,1807.000000,2081.750000,,,,,,,
27.870062,1785210026.803787947,search_second_car,50,-25,-25,paper_search_second_vehicle,27,1,0,0,0,0,59,1,0,5,1,47.890625,48.187500,48.039062,1807.000000,1995.750000,,,,,,,
27.962518,1785210026.914866924,search_second_car,50,-25,-25,paper_search_second_vehicle,36,1,0,0,0,0,60,1,0,5,1,46.765625,48.187500,47.476562,1813.000000,1995.750000,,,,,,,
28.050132,1785210027.029716969,search_second_car,50,-25,-25,paper_search_second_vehicle,25,1,0,0,0,0,61,1,0,5,1,46.765625,48.187500,47.476562,1813.000000,1995.750000,,,,,,,
28.137661,1785210027.029716969,search_second_car,50,-25,-25,paper_search_second_vehicle,25,1,0,0,0,0,61,1,0,5,1,46.765625,48.187500,47.476562,1813.000000,1995.750000,,,,,,,
28.226181,1785210027.140558004,search_second_car,50,-25,-25,paper_search_second_vehicle,32,1,0,0,0,0,62,1,0,5,1,46.625000,48.187500,47.406250,1837.750000,1995.750000,,,,,,,
28.314407,1785210027.252578974,search_second_car,50,-25,-25,paper_search_second_vehicle,27,1,0,0,0,0,63,1,0,5,0,,,,,,,,,,,,
28.401981,1785210027.366192818,search_second_car,50,-25,-25,paper_search_second_vehicle,32,1,0,0,0,0,64,1,0,5,0,,,,,,,,,,,,
28.494748,1785210027.478572130,search_second_car,50,-25,-25,paper_search_second_vehicle,31,1,0,0,0,0,65,1,0,5,0,,,,,,,,,,,,
28.580154,1785210027.478572130,search_second_car,50,-25,-25,paper_search_second_vehicle,31,1,0,0,0,0,65,1,0,5,0,,,,,,,,,,,,
28.668222,1785210027.592282057,search_second_car,50,-25,-25,paper_search_second_vehicle,33,1,0,0,0,0,66,1,0,5,0,,,,,,,,,,,,
28.756533,1785210027.704535007,search_second_car,50,-25,-25,paper_search_second_vehicle,29,1,0,0,0,0,67,1,0,5,0,,,,,,,,,,,1425.250000,
28.844045,1785210027.815460205,search_second_car,50,-25,-25,paper_search_second_vehicle,24,1,0,0,0,0,68,1,0,5,1,48.390625,97.593750,72.992188,2118.000000,1425.250000,,,,,,,
28.933467,1785210027.815460205,search_second_car,50,-25,-25,paper_search_second_vehicle,24,1,0,0,0,0,68,1,0,5,1,48.390625,97.593750,72.992188,2118.000000,1425.250000,,,,,,,
29.026824,1785210027.929456949,search_second_car,50,-25,-25,paper_search_second_vehicle,26,1,0,0,0,0,69,1,0,5,1,47.265625,97.593750,72.429688,2158.000000,1425.250000,,,,,,,
29.115367,1785210028.041640997,search_second_car,50,-25,-25,paper_search_second_vehicle,30,1,0,0,0,0,70,1,0,5,1,47.265625,97.593750,72.429688,2158.000000,1425.250000,,,,,,1368.000000,
29.204040,1785210028.152280092,search_second_car,50,-25,-25,paper_search_second_vehicle,33,1,0,0,0,0,71,1,0,5,1,47.265625,97.593750,72.429688,2158.000000,1425.250000,,,,,,1359.000000,
29.292377,1785210028.266893148,search_second_car,50,-25,-25,paper_search_second_vehicle,37,1,0,1,3,1,0,1,0,5,1,50.062500,97.093750,73.578125,2376.000000,1370.000000,,,,,,1353.000000,
29.381528,1785210028.266893148,search_second_car,50,-25,-25,paper_search_second_vehicle,37,1,0,1,3,1,0,1,0,5,1,50.062500,97.093750,73.578125,2376.000000,1370.000000,,,,,,1353.000000,
29.471356,1785210028.378474951,reverse_align,-80,125,-25,eq5_reverse bisector=+73.6 biasAB=+1006 paperSteer=+7.00,37,2,1,1,3,2,0,2,0,5,1,50.062500,97.093750,73.578125,2376.000000,1370.000000,1006.000000,-7.000000,19.678478,7.000000,,1342.250000,
29.564219,1785210028.493073940,reverse_align,-80,125,-25,eq5_reverse bisector=+72.9 biasAB=+1018 paperSteer=+7.00,38,2,1,1,3,3,0,2,0,5,1,50.062500,95.781250,72.921875,2376.000000,1358.250000,1017.750000,-7.000000,20.140848,7.000000,,1337.000000,
29.652738,1785210028.605105877,reverse_align,-80,125,-25,eq5_reverse bisector=+72.9 biasAB=+1018 paperSteer=+7.00,42,2,1,1,3,4,0,2,0,5,1,50.062500,95.781250,72.921875,2376.000000,1358.250000,1017.750000,-7.000000,20.140848,7.000000,,1335.750000,
29.741531,1785210028.719312906,reverse_align,-80,125,-25,eq5_reverse bisector=+72.8 biasAB=+1023 paperSteer=+7.00,37,2,1,1,3,5,0,2,0,5,1,50.062500,95.484375,72.773438,2376.000000,1353.250000,1022.750000,-7.000000,20.339230,7.000000,,1336.250000,
29.831062,1785210028.719312906,reverse_align,-80,125,-25,eq5_reverse bisector=+72.8 biasAB=+1023 paperSteer=+7.00,37,2,1,1,3,5,0,2,0,5,1,50.062500,95.484375,72.773438,2376.000000,1353.250000,1022.750000,-7.000000,20.339230,7.000000,,1336.250000,
29.920929,1785210028.832027912,reverse_align,-80,125,-25,eq5_reverse bisector=+72.1 biasAB=+1042 paperSteer=+7.00,39,2,1,1,4,6,0,2,0,5,1,49.593750,94.609375,72.101562,2425.250000,1383.000000,1042.250000,-7.000000,21.122210,7.000000,,1339.250000,
30.010070,1785210028.941462040,reverse_align,-80,125,-25,eq5_reverse bisector=+72.2 biasAB=+1002 paperSteer=+7.00,36,2,1,1,3,7,0,2,0,5,1,49.859375,94.609375,72.234375,2385.250000,1383.000000,1002.250000,-7.000000,19.532043,7.000000,,1347.500000,
30.104122,1785210029.056541920,reverse_align,-80,125,-25,eq5_reverse bisector=+72.2 biasAB=+1002 paperSteer=+7.00,29,2,1,0,0,0,1,2,0,5,1,49.859375,94.609375,72.234375,2385.250000,1383.000000,1002.250000,-7.000000,19.532043,7.000000,,1353.000000,
30.192434,1785210029.168603897,reverse_align,-80,125,-25,eq5_reverse bisector=+72.2 biasAB=+1002 paperSteer=+7.00,43,2,1,0,0,0,2,2,0,5,1,49.859375,94.609375,72.234375,2385.250000,1383.000000,1002.250000,-7.000000,19.532043,7.000000,,1350.250000,
30.281033,1785210029.168603897,reverse_align,-80,125,-25,eq5_reverse bisector=+72.2 biasAB=+1002 paperSteer=+7.00,43,2,1,0,0,0,2,2,0,5,1,49.859375,94.609375,72.234375,2385.250000,1383.000000,1002.250000,-7.000000,19.532043,7.000000,,1350.250000,
30.369791,1785210029.283158064,reverse_align,-80,125,-25,eq5_reverse bisector=+72.2 biasAB=+1002 paperSteer=+7.00,37,2,0,0,0,0,3,2,0,5,1,49.859375,94.609375,72.234375,2385.250000,1383.000000,1002.250000,-7.000000,19.532043,7.000000,,1362.500000,
30.459466,1785210029.394392014,reverse_align,-80,125,-25,eq5_reverse bisector=+73.4 biasAB=+1022 paperSteer=+7.00,33,2,0,0,0,0,4,2,0,5,1,49.859375,96.906250,73.382812,2385.250000,1362.750000,1022.500000,-7.000000,20.329288,7.000000,,1368.250000,
30.548158,1785210029.505701780,reverse_align,-80,125,-25,eq5_reverse bisector=+73.8 biasAB=+964 paperSteer=+7.00,38,2,0,0,0,0,5,2,0,5,1,49.718750,97.968750,73.843750,2362.250000,1398.000000,964.250000,-7.000000,18.079018,7.000000,,1379.750000,
30.642360,1785210029.619446039,reverse_align,-80,32,-25,eq5_reverse bisector=+71.2 biasAB=+705 paperSteer=+2.66,27,2,0,0,0,0,6,2,0,5,1,44.437500,97.968750,71.203125,2102.750000,1398.000000,704.750000,-7.000000,9.657522,2.657522,,,
30.731221,1785210029.619446039,reverse_align,-80,32,-25,eq5_reverse bisector=+71.2 biasAB=+705 paperSteer=+2.66,27,2,0,0,0,0,6,2,0,5,1,44.437500,97.968750,71.203125,2102.750000,1398.000000,704.750000,-7.000000,9.657522,2.657522,,,
30.820333,1785210029.731908083,reverse_align,-80,23,-25,eq5_reverse bisector=+71.4 biasAB=+688 paperSteer=+2.22,39,2,0,0,0,0,7,2,0,5,1,44.781250,97.968750,71.375000,2086.500000,1398.000000,688.500000,-7.000000,9.217294,2.217294,,,
30.909321,1785210029.843163967,reverse_align,-80,23,-25,eq5_reverse bisector=+71.4 biasAB=+688 paperSteer=+2.22,34,2,0,0,0,0,8,2,0,5,1,44.781250,97.968750,71.375000,2086.500000,1398.000000,688.500000,-7.000000,9.217294,2.217294,,,
30.997709,1785210029.957619905,reverse_align,-80,18,-25,eq5_reverse bisector=+71.5 biasAB=+681 paperSteer=+2.01,34,2,0,0,0,0,9,2,0,5,1,44.781250,98.203125,71.492188,2086.500000,1405.750000,680.750000,-7.000000,9.010955,2.010955,,,
31.086577,1785210030.069206953,reverse_align,0,0,-25,paper_cannot_calculate_steering,36,2,0,0,0,0,10,2,0,5,0,,,,,,,,,,,,
31.180214,1785210030.069206953,reverse_align,0,0,-25,paper_cannot_calculate_steering,36,2,0,0,0,0,10,2,0,5,0,,,,,,,,,,,,
31.268466,1785210030.183089972,reverse_align,0,0,-25,paper_cannot_calculate_steering,30,2,0,0,0,0,11,2,0,5,0,,,,,,,,,,,,
31.356479,1785210030.294912100,reverse_align,0,0,-25,paper_cannot_calculate_steering,28,2,0,0,0,0,12,2,0,5,0,,,,,,,,,,,,
31.444571,1785210030.409797907,reverse_align,0,0,-25,paper_cannot_calculate_steering,29,2,0,0,0,0,13,2,0,5,0,,,,,,,,,,,,
31.532495,1785210030.520565033,reverse_align,0,0,-25,paper_cannot_calculate_steering,25,2,0,0,0,0,14,2,0,5,0,,,,,,,,,,,,
31.619657,1785210030.520565033,reverse_align,0,0,-25,paper_cannot_calculate_steering,25,2,0,0,0,0,14,2,0,5,0,,,,,,,,,,,,
31.713101,1785210030.631742001,reverse_align,0,0,-25,paper_cannot_calculate_steering,23,2,0,0,0,0,15,2,0,5,0,,,,,,,,,,,,
31.801539,1785210030.746158123,reverse_align,0,0,-25,paper_cannot_calculate_steering,30,2,0,0,0,0,16,2,0,5,0,,,,,,,,,,,,
31.889539,1785210030.857669115,reverse_align,0,0,-25,paper_cannot_calculate_steering,25,2,0,0,0,0,17,2,0,5,0,,,,,,,,,,,,
31.978302,1785210030.969513893,reverse_align,0,0,-25,paper_cannot_calculate_steering,25,2,0,0,0,0,18,2,0,5,0,,,,,,,,,,,,
32.066944,1785210030.969513893,reverse_align,0,0,-25,paper_cannot_calculate_steering,25,2,0,0,0,0,18,2,0,5,0,,,,,,,,,,,,
32.155398,1785210031.084223986,reverse_align,0,0,-25,paper_cannot_calculate_steering,30,2,0,0,0,0,19,2,0,5,0,,,,,,,,,,,,
32.248379,1785210031.194869041,reverse_align,0,0,-25,paper_cannot_calculate_steering,23,2,0,0,0,0,20,2,0,5,0,,,,,,,,,,,,
32.336354,1785210031.309498072,reverse_align,0,0,-25,paper_cannot_calculate_steering,28,2,0,0,0,0,21,2,0,5,0,,,,,,,,,,,,
32.424540,1785210031.309498072,reverse_align,0,0,-25,paper_cannot_calculate_steering,28,2,0,0,0,0,21,2,0,5,0,,,,,,,,,,,,
32.513029,1785210031.421189070,reverse_align,0,0,-25,paper_cannot_calculate_steering,30,2,0,0,0,0,22,2,0,5,0,,,,,,,,,,,,
32.601525,1785210031.533105850,reverse_align,0,0,-25,paper_cannot_calculate_steering,29,2,0,0,0,0,23,2,0,5,0,,,,,,,,,,,,
32.689815,1785210031.647758007,reverse_align,0,0,-25,paper_cannot_calculate_steering,28,2,0,0,0,0,24,2,0,5,0,,,,,,,,,,,,
32.782860,1785210031.759010077,reverse_align,0,0,-25,paper_cannot_calculate_steering,30,2,0,0,0,0,25,2,0,5,0,,,,,,,,,,,,
32.870967,1785210031.759010077,reverse_align,0,0,-25,paper_cannot_calculate_steering,30,2,0,0,0,0,25,2,0,5,0,,,,,,,,,,,,
32.958802,1785210031.869929075,reverse_align,0,0,-25,paper_cannot_calculate_steering,29,2,0,0,0,0,26,2,0,5,0,,,,,,,,,,,1698.750000,
33.047124,1785210031.985423088,reverse_align,0,0,-25,paper_cannot_calculate_steering,28,2,0,0,0,0,27,2,0,5,0,,,,,,,,,,,,
33.135954,1785210032.095840931,reverse_align,0,0,-25,paper_cannot_calculate_steering,27,2,0,0,0,0,28,2,0,5,0,,,,,,,,,,,,
33.223707,1785210032.207627058,reverse_align,0,0,-25,paper_cannot_calculate_steering,28,2,0,0,0,0,29,2,0,5,0,,,,,,,,,,,,
33.316400,1785210032.207627058,reverse_align,0,0,-25,paper_cannot_calculate_steering,28,2,0,0,0,0,29,2,0,5,0,,,,,,,,,,,,
33.404666,1785210032.322122097,reverse_align,0,0,-25,paper_cannot_calculate_steering,30,2,0,0,0,0,30,2,0,5,0,,,,,,,,,,,,
33.492444,1785210032.433806181,reverse_align,0,0,-25,paper_cannot_calculate_steering,30,2,0,0,0,0,31,2,0,5,0,,,,,,,,,,,1732.250000,
33.580804,1785210032.548111916,reverse_align,0,0,-25,paper_cannot_calculate_steering,18,2,0,0,0,0,32,2,0,5,0,,,,,,,,,,,,
33.669351,1785210032.659368992,reverse_align,0,0,-25,paper_cannot_calculate_steering,21,2,0,0,0,0,33,2,0,5,0,,,,,,,,,,,1705.250000,
33.757628,1785210032.659368992,reverse_align,0,0,-25,paper_cannot_calculate_steering,21,2,0,0,0,0,33,2,0,5,0,,,,,,,,,,,1705.250000,
33.850826,1785210032.771012068,reverse_align,0,0,-25,paper_cannot_calculate_steering,27,2,0,0,0,0,34,2,0,5,0,,,,,,,,,,,,
33.938573,1785210032.884997845,reverse_align,0,0,-25,paper_cannot_calculate_steering,23,2,0,0,0,0,35,2,0,5,0,,,,,,,,,,,,
34.026077,1785210032.996938944,reverse_align,0,0,-25,paper_cannot_calculate_steering,28,2,0,0,0,0,36,2,0,5,0,,,,,,,,,,,,
34.114575,1785210033.107699871,reverse_align,0,0,-25,paper_cannot_calculate_steering,20,2,0,0,0,0,37,2,0,5,0,,,,,,,,,,,,
34.202774,1785210033.107699871,reverse_align,0,0,-25,paper_cannot_calculate_steering,20,2,0,0,0,0,37,2,0,5,0,,,,,,,,,,,,
34.291772,1785210033.222261906,reverse_align,0,0,-25,paper_cannot_calculate_steering,23,2,0,0,0,0,38,2,0,5,0,,,,,,,,,,,,
34.385319,1785210033.333826065,reverse_align,0,0,-25,paper_cannot_calculate_steering,22,2,0,0,0,0,39,2,0,5,0,,,,,,,,,,,1705.250000,
34.473611,1785210033.448368073,reverse_align,0,0,-25,paper_cannot_calculate_steering,28,2,0,0,0,0,40,2,0,5,0,,,,,,,,,,,,
34.561458,1785210033.448368073,reverse_align,0,0,-25,paper_cannot_calculate_steering,28,2,0,0,0,0,40,2,0,5,0,,,,,,,,,,,,
34.648248,1785210033.560628891,reverse_align,0,0,-25,paper_cannot_calculate_steering,25,2,0,0,0,0,41,2,0,5,0,,,,,,,,,,,,
34.737228,1785210033.671263933,reverse_align,0,0,-25,paper_cannot_calculate_steering,26,2,0,0,0,0,42,2,0,5,0,,,,,,,,,,,1692.000000,
34.825130,1785210033.785407066,reverse_align,0,0,-25,paper_cannot_calculate_steering,26,2,0,0,0,0,43,2,0,5,0,,,,,,,,,,,,
34.918737,1785210033.897456169,reverse_align,0,0,-25,paper_cannot_calculate_steering,31,2,0,0,0,0,44,2,0,5,0,,,,,,,,,,,1695.750000,
35.006520,1785210033.897456169,reverse_align,0,0,-25,paper_cannot_calculate_steering,31,2,0,0,0,0,44,2,0,5,0,,,,,,,,,,,1695.750000,
35.095538,1785210034.008450985,reverse_align,0,0,-25,paper_cannot_calculate_steering,24,2,0,0,0,0,45,2,0,5,0,,,,,,,,,,,,
35.184387,1785210034.123202085,reverse_align,0,0,-25,paper_cannot_calculate_steering,25,2,0,0,0,0,46,2,0,5,0,,,,,,,,,,,,
35.273258,1785210034.234503984,reverse_align,0,0,-25,paper_cannot_calculate_steering,23,2,0,0,0,0,47,2,0,5,0,,,,,,,,,,,,
35.361503,1785210034.349312067,reverse_align,0,0,-25,paper_cannot_calculate_steering,24,2,0,0,0,0,48,2,0,5,0,,,,,,,,,,,,
35.454046,1785210034.349312067,reverse_align,0,0,-25,paper_cannot_calculate_steering,24,2,0,0,0,0,48,2,0,5,0,,,,,,,,,,,,
35.541690,1785210034.460958004,reverse_align,0,0,-25,paper_cannot_calculate_steering,28,2,0,0,0,0,49,2,0,5,0,,,,,,,,,,,,
35.629015,1785210034.571919203,reverse_align,0,0,-25,paper_cannot_calculate_steering,26,2,0,0,0,0,50,2,0,5,0,,,,,,,,,,,,
35.716890,1785210034.686483860,reverse_align,0,0,-25,paper_cannot_calculate_steering,28,2,0,0,0,0,51,2,0,5,0,,,,,,,,,,,1694.250000,
35.804902,1785210034.797936201,reverse_align,0,0,-25,paper_cannot_calculate_steering,31,2,0,0,0,0,52,2,0,5,0,,,,,,,,,,,1691.250000,
35.893034,1785210034.797936201,reverse_align,0,0,-25,paper_cannot_calculate_steering,31,2,0,0,0,0,52,2,0,5,0,,,,,,,,,,,1691.250000,
35.986161,1785210034.909135103,reverse_align,0,0,-25,paper_cannot_calculate_steering,30,2,0,0,0,0,53,2,0,5,0,,,,,,,,,,,,
36.073335,1785210035.024315834,reverse_align,0,0,-25,paper_cannot_calculate_steering,20,2,0,0,0,0,54,2,0,5,0,,,,,,,,,,,,
36.161924,1785210035.135040998,reverse_align,0,0,-25,paper_cannot_calculate_steering,23,2,0,0,0,0,55,2,0,5,0,,,,,,,,,,,,
36.249699,1785210035.135040998,reverse_align,0,0,-25,paper_cannot_calculate_steering,23,2,0,0,0,0,55,2,0,5,0,,,,,,,,,,,,
36.337637,1785210035.249943972,reverse_align,0,0,-25,paper_cannot_calculate_steering,26,2,0,0,0,0,56,2,0,5,0,,,,,,,,,,,,
36.426356,1785210035.361182928,reverse_align,0,0,-25,paper_cannot_calculate_steering,28,2,0,0,0,0,57,2,0,5,0,,,,,,,,,,,,
36.519709,1785210035.472474098,reverse_align,0,0,-25,paper_cannot_calculate_steering,29,2,0,0,0,0,58,2,0,5,0,,,,,,,,,,,1702.000000,
36.607976,1785210035.587309122,reverse_align,0,0,-25,paper_cannot_calculate_steering,27,2,0,0,0,0,59,2,0,5,0,,,,,,,,,,,,
36.695601,1785210035.587309122,reverse_align,0,0,-25,paper_cannot_calculate_steering,27,2,0,0,0,0,59,2,0,5,0,,,,,,,,,,,,
36.783304,1785210035.698725224,reverse_align,0,0,-25,paper_cannot_calculate_steering,23,2,0,0,0,0,60,2,0,5,0,,,,,,,,,,,,
36.871702,1785210035.813639879,reverse_align,0,0,-25,paper_cannot_calculate_steering,26,2,0,0,0,0,61,2,0,5,0,,,,,,,,,,,,
36.959036,1785210035.924382925,reverse_align,0,0,-25,paper_cannot_calculate_steering,31,2,0,0,0,0,62,2,0,5,0,,,,,,,,,,,,
37.052062,1785210036.035610914,reverse_align,0,0,-25,paper_cannot_calculate_steering,28,2,0,0,0,0,63,2,0,5,0,,,,,,,,,,,,
37.139906,1785210036.035610914,reverse_align,0,0,-25,paper_cannot_calculate_steering,28,2,0,0,0,0,63,2,0,5,0,,,,,,,,,,,,
37.227187,1785210036.150649071,reverse_align,0,0,-25,paper_cannot_calculate_steering,27,2,0,0,0,0,64,2,0,5,0,,,,,,,,,,,,
37.315756,1785210036.261492968,reverse_align,0,0,-25,paper_cannot_calculate_steering,26,2,0,0,0,0,65,2,0,5,0,,,,,,,,,,,,
37.403952,1785210036.374304056,reverse_align,0,0,-25,paper_cannot_calculate_steering,28,2,0,0,0,0,66,2,0,5,0,,,,,,,,,,,,
37.492260,1785210036.374304056,reverse_align,0,0,-25,paper_cannot_calculate_steering,28,2,0,0,0,0,66,2,0,5,0,,,,,,,,,,,,
37.585832,1785210036.488571882,reverse_align,0,0,-25,paper_cannot_calculate_steering,24,2,0,0,0,0,67,2,0,5,0,,,,,,,,,,,,
37.671664,1785210036.599287987,reverse_align,0,0,-25,paper_cannot_calculate_steering,25,2,0,0,0,0,68,2,0,5,0,,,,,,,,,,,,
37.760447,1785210036.711258888,reverse_align,0,0,-25,paper_cannot_calculate_steering,21,2,0,0,0,0,69,2,0,5,0,,,,,,,,,,,,
37.848645,1785210036.825470924,reverse_align,0,0,-25,paper_cannot_calculate_steering,29,2,0,0,0,0,70,2,0,5,0,,,,,,,,,,,1731.500000,
37.937922,1785210036.825470924,reverse_align,0,0,-25,paper_cannot_calculate_steering,29,2,0,0,0,0,70,2,0,5,0,,,,,,,,,,,1731.500000,
38.026542,1785210036.938407898,reverse_align,0,0,-25,paper_cannot_calculate_steering,30,2,0,0,0,0,71,2,0,5,0,,,,,,,,,,,,
38.119478,1785210037.047749996,reverse_align,0,0,-25,paper_cannot_calculate_steering,28,2,0,0,0,0,72,2,0,5,0,,,,,,,,,,,1694.250000,
38.206976,1785210037.162384987,reverse_align,0,0,-25,paper_cannot_calculate_steering,27,2,0,0,0,0,73,2,0,5,0,,,,,,,,,,,,
38.294612,1785210037.274539948,reverse_align,0,0,-25,paper_cannot_calculate_steering,32,2,0,0,0,0,74,2,0,5,0,,,,,,,,,,,,
38.382420,1785210037.274539948,reverse_align,0,0,-25,paper_cannot_calculate_steering,32,2,0,0,0,0,74,2,0,5,0,,,,,,,,,,,,
38.470663,1785210037.389306784,reverse_align,0,0,-25,paper_cannot_calculate_steering,25,2,0,0,0,0,75,2,0,5,0,,,,,,,,,,,,
38.559175,1785210037.499747992,reverse_align,0,0,-25,paper_cannot_calculate_steering,28,2,0,0,0,0,76,2,0,5,0,,,,,,,,,,,1695.000000,
38.652358,1785210037.611231089,reverse_align,0,0,-25,paper_cannot_calculate_steering,32,2,0,0,0,0,77,2,0,5,0,,,,,,,,,,,1694.500000,
38.740169,1785210037.726415873,reverse_align,0,0,-25,paper_cannot_calculate_steering,28,2,0,0,0,0,78,2,0,5,0,,,,,,,,,,,,
38.828504,1785210037.726415873,reverse_align,0,0,-25,paper_cannot_calculate_steering,28,2,0,0,0,0,78,2,0,5,0,,,,,,,,,,,,
38.917151,1785210037.836898088,reverse_align,0,0,-25,paper_cannot_calculate_steering,33,2,0,0,0,0,79,2,0,5,0,,,,,,,,,,,,
39.005120,1785210037.948923826,reverse_align,0,0,-25,paper_cannot_calculate_steering,28,2,0,0,0,0,80,2,0,5,0,,,,,,,,,,,1694.250000,
39.092730,1785210038.063276052,reverse_align,0,0,-25,paper_cannot_calculate_steering,29,2,0,0,0,0,81,2,0,5,0,,,,,,,,,,,,
39.185060,1785210038.175470114,reverse_align,0,0,-25,paper_cannot_calculate_steering,29,2,0,0,0,0,82,2,0,5,0,,,,,,,,,,,,
39.272661,1785210038.175470114,reverse_align,0,0,-25,paper_cannot_calculate_steering,29,2,0,0,0,0,82,2,0,5,0,,,,,,,,,,,,
39.360565,1785210038.289074898,reverse_align,0,0,-25,paper_cannot_calculate_steering,20,2,0,0,0,0,83,2,0,5,0,,,,,,,,,,,,
39.448101,1785210038.401184082,reverse_align,0,0,-25,paper_cannot_calculate_steering,27,2,0,0,0,0,84,2,0,5,0,,,,,,,,,,,,
39.536684,1785210038.511941910,reverse_align,0,0,-25,paper_cannot_calculate_steering,22,2,0,0,0,0,85,2,0,5,0,,,,,,,,,,,,
39.624749,1785210038.511941910,reverse_align,0,0,-25,paper_cannot_calculate_steering,22,2,0,0,0,0,85,2,0,5,0,,,,,,,,,,,,
39.718217,1785210038.626503944,reverse_align,0,0,-25,paper_cannot_calculate_steering,24,2,0,0,0,0,86,2,0,5,0,,,,,,,,,,,,
39.805241,1785210038.738816977,reverse_align,0,0,-25,paper_cannot_calculate_steering,28,2,0,0,0,0,87,2,0,5,0,,,,,,,,,,,,
39.892695,1785210038.849274158,reverse_align,0,0,-25,paper_cannot_calculate_steering,29,2,0,0,0,0,88,2,0,5,0,,,,,,,,,,,1732.250000,
39.980197,1785210038.964144230,reverse_align,-80,-150,-25,eq5_reverse bisector=+41.4 biasAB=-262 paperSteer=-7.00,30,2,0,0,0,0,89,2,0,5,1,39.921875,42.828125,41.375000,1737.750000,1999.750000,-262.000000,-7.000000,-1.334744,-7.000000,,,
40.069947,1785210038.964144230,reverse_align,-80,-150,-25,eq5_reverse bisector=+41.4 biasAB=-262 paperSteer=-7.00,30,2,0,0,0,0,89,2,0,5,1,39.921875,42.828125,41.375000,1737.750000,1999.750000,-262.000000,-7.000000,-1.334744,-7.000000,,,
40.159738,1785210039.076127052,reverse_align,-80,-150,-25,eq5_reverse bisector=+41.8 biasAB=-254 paperSteer=-7.00,32,2,0,0,0,0,90,2,0,5,1,40.796875,42.828125,41.812500,1745.750000,1999.750000,-254.000000,-7.000000,-1.254478,-7.000000,,,
40.253124,1785210039.186714888,reverse_align,-80,-150,-25,eq5_reverse bisector=+41.8 biasAB=-254 paperSteer=-7.00,28,2,0,0,0,0,91,2,0,5,1,40.796875,42.828125,41.812500,1745.750000,1999.750000,-254.000000,-7.000000,-1.254478,-7.000000,,1686.750000,
40.340478,1785210039.301119089,reverse_align,-80,-150,-25,eq5_reverse bisector=+41.8 biasAB=-254 paperSteer=-7.00,25,2,0,0,0,0,92,2,0,5,1,40.796875,42.828125,41.812500,1745.750000,1999.750000,-254.000000,-7.000000,-1.254478,-7.000000,,,
40.428181,1785210039.413421154,reverse_align,-80,-150,-25,eq5_reverse bisector=+41.8 biasAB=-254 paperSteer=-7.00,17,2,0,0,0,0,93,2,0,5,1,40.796875,42.828125,41.812500,1745.750000,1999.750000,-254.000000,-7.000000,-1.254478,-7.000000,,,
40.516107,1785210039.413421154,reverse_align,-80,-150,-25,eq5_reverse bisector=+41.8 biasAB=-254 paperSteer=-7.00,17,2,0,0,0,0,93,2,0,5,1,40.796875,42.828125,41.812500,1745.750000,1999.750000,-254.000000,-7.000000,-1.254478,-7.000000,,,
40.603946,1785210039.527523041,reverse_align,0,0,-25,paper_cannot_calculate_steering,16,2,0,0,0,0,94,2,0,5,0,,,,,,,,,,,,
40.690561,1785210039.638458014,reverse_align,0,0,-25,paper_cannot_calculate_steering,20,2,0,0,0,0,95,2,0,5,0,,,,,,,,,,,,
40.783195,1785210039.753179789,reverse_align,0,0,-25,paper_cannot_calculate_steering,22,2,0,0,0,0,96,2,0,5,0,,,,,,,,,,,,
40.871722,1785210039.864352942,reverse_align,0,0,-25,paper_cannot_calculate_steering,20,2,0,0,0,0,97,2,0,5,0,,,,,,,,,,,1734.000000,
40.960509,1785210039.864352942,reverse_align,0,0,-25,paper_cannot_calculate_steering,20,2,0,0,0,0,97,2,0,5,0,,,,,,,,,,,1734.000000,
41.049653,1785210039.978968143,reverse_align,-80,-150,-25,eq5_reverse bisector=+42.2 biasAB=-257 paperSteer=-7.00,26,2,0,0,0,0,98,2,0,5,1,40.453125,43.859375,42.156250,1653.000000,1910.000000,-257.000000,-7.000000,-1.284286,-7.000000,,1701.000000,
41.138777,1785210040.090824842,reverse_align,-80,-150,-25,eq5_reverse bisector=+72.0 biasAB=+166 paperSteer=-6.47,26,2,0,0,0,0,99,2,0,5,1,45.453125,98.484375,71.968750,1899.750000,1734.000000,165.750000,-7.000000,0.534198,-6.465802,,1642.000000,
41.228144,1785210040.201754808,reverse_align,-80,-150,-25,eq5_reverse bisector=+72.0 biasAB=+166 paperSteer=-6.47,19,2,0,0,0,0,100,2,0,5,1,45.453125,98.484375,71.968750,1899.750000,1734.000000,165.750000,-7.000000,0.534198,-6.465802,,,
41.322334,1785210040.313565969,reverse_align,-80,-150,-25,eq5_reverse bisector=+71.9 biasAB=+166 paperSteer=-6.46,22,2,0,1,3,1,0,2,0,5,1,45.328125,98.484375,71.906250,1900.250000,1734.000000,166.250000,-7.000000,0.537426,-6.462574,,1425.000000,
41.411479,1785210040.313565969,reverse_align,-80,-150,-25,eq5_reverse bisector=+71.9 biasAB=+166 paperSteer=-6.46,22,2,0,1,3,1,0,2,0,5,1,45.328125,98.484375,71.906250,1900.250000,1734.000000,166.250000,-7.000000,0.537426,-6.462574,,1425.000000,
41.500021,1785210040.428064108,reverse_align,-80,-62,-25,eq5_reverse bisector=+69.8 biasAB=+521 paperSteer=-1.73,22,2,0,0,0,0,1,2,0,5,1,45.328125,94.250000,69.789062,1900.250000,1379.500000,520.750000,-7.000000,5.272955,-1.727045,,1374.250000,
41.588908,1785210040.539741039,reverse_align,-80,-62,-25,eq5_reverse bisector=+69.8 biasAB=+521 paperSteer=-1.73,15,2,0,0,0,0,2,2,0,5,1,45.328125,94.250000,69.789062,1900.250000,1379.500000,520.750000,-7.000000,5.272955,-1.727045,,1354.250000,
41.677424,1785210040.654119968,reverse_align,-80,-135,-25,eq5_reverse bisector=+60.7 biasAB=+310 paperSteer=-5.13,26,2,0,0,0,0,3,2,0,5,1,37.421875,83.984375,60.703125,1640.500000,1330.750000,309.750000,-7.000000,1.865598,-5.134402,,1330.750000,
41.765207,1785210040.654119968,reverse_align,-80,-135,-25,eq5_reverse bisector=+60.7 biasAB=+310 paperSteer=-5.13,26,2,0,0,0,0,3,2,0,5,1,37.421875,83.984375,60.703125,1640.500000,1330.750000,309.750000,-7.000000,1.865598,-5.134402,,1330.750000,
41.858995,1785210040.766124010,reverse_align,-80,-143,-25,eq5_reverse bisector=+56.3 biasAB=+277 paperSteer=-5.51,19,2,0,1,4,1,0,2,0,5,1,31.984375,80.703125,56.343750,1621.250000,1344.500000,276.750000,-7.000000,1.489261,-5.510739,,1333.000000,
41.946748,1785210040.880058050,reverse_align,-80,-145,-25,eq5_reverse bisector=+53.2 biasAB=+266 paperSteer=-5.62,12,2,0,0,0,0,1,2,0,5,1,25.640625,80.703125,53.171875,1610.750000,1344.500000,266.250000,-7.000000,1.378398,-5.621602,,,
42.035422,1785210040.991424084,reverse_align,-80,-91,-25,eq5_reverse bisector=+51.1 biasAB=+449 paperSteer=-3.08,11,2,0,1,3,1,0,2,0,5,1,21.515625,80.703125,51.109375,1793.500000,1344.500000,449.000000,-7.000000,3.920019,-3.079981,,1326.500000,
42.125651,1785210041.106021166,reverse_align,-80,-150,-25,eq5_reverse bisector=+49.3 biasAB=+136 paperSteer=-6.64,10,2,0,0,0,0,1,2,0,5,1,17.875000,80.703125,49.289062,1480.500000,1344.500000,136.000000,-7.000000,0.359644,-6.640356,,1329.000000,
42.214096,1785210041.106021166,reverse_align,-80,-150,-25,eq5_reverse bisector=+49.3 biasAB=+136 paperSteer=-6.64,10,2,0,0,0,0,1,2,0,5,1,17.875000,80.703125,49.289062,1480.500000,1344.500000,136.000000,-7.000000,0.359644,-6.640356,,1329.000000,
42.303066,1785210041.217316151,reverse_align,-80,-150,-25,eq5_reverse bisector=+49.3 biasAB=+101 paperSteer=-6.80,11,2,0,1,4,1,0,2,0,5,1,17.984375,80.703125,49.343750,1445.500000,1344.500000,101.000000,-7.000000,0.198353,-6.801647,,1336.750000,
42.396243,1785210041.332037210,reverse_align,-80,-150,-25,eq5_reverse bisector=+49.7 biasAB=-178 paperSteer=-7.00,10,2,1,1,3,2,0,3,0,5,1,19.750000,79.640625,49.695312,1423.750000,1601.250000,-177.500000,-7.000000,-0.612622,-7.000000,,1344.250000,
42.483773,1785210041.443108082,reverse_align,-80,-150,-25,eq5_reverse bisector=+50.5 biasAB=-195 paperSteer=-7.00,11,2,1,1,3,3,0,3,0,5,1,21.390625,79.640625,50.515625,1406.000000,1601.250000,-195.250000,-7.000000,-0.741272,-7.000000,,1350.000000,
42.572633,1785210041.555007935,reverse_align,-80,-150,-25,eq5_reverse bisector=+55.6 biasAB=+71 paperSteer=-6.90,13,2,1,0,0,0,1,3,0,5,1,21.390625,89.750000,55.570312,1406.000000,1334.750000,71.250000,-7.000000,0.098711,-6.901289,,1362.500000,
42.661922,1785210041.555007935,reverse_align,-80,-150,-25,eq5_reverse bisector=+55.6 biasAB=+71 paperSteer=-6.90,13,2,1,0,0,0,1,3,0,5,1,21.390625,89.750000,55.570312,1406.000000,1334.750000,71.250000,-7.000000,0.098711,-6.901289,,1362.500000,
42.750690,1785210041.670159817,reverse_align,-80,-150,-25,eq5_reverse bisector=+57.2 biasAB=+9 paperSteer=-7.00,18,2,1,0,0,0,2,3,0,5,1,22.796875,91.562500,57.179688,1350.500000,1341.500000,9.000000,-7.000000,0.001575,-6.998425,,1373.750000,
42.839507,1785210041.781211853,reverse_align,-80,-150,-25,eq5_reverse bisector=+59.3 biasAB=-52 paperSteer=-7.00,15,2,0,0,0,0,3,3,0,5,1,23.796875,94.796875,59.296875,1323.000000,1375.000000,-52.000000,-7.000000,-0.052578,-7.000000,,1375.250000,
42.933319,1785210041.892752886,reverse_align,-80,-150,-25,eq5_reverse bisector=+59.9 biasAB=-75 paperSteer=-7.00,16,2,0,0,0,0,4,3,0,5,1,25.046875,94.796875,59.921875,1299.750000,1375.000000,-75.250000,-7.000000,-0.110105,-7.000000,,1408.750000,
43.021234,1785210042.007349014,reverse_align,-80,-150,-25,eq5_reverse bisector=+60.6 biasAB=-96 paperSteer=-7.00,19,2,0,0,0,0,5,3,0,5,1,26.359375,94.796875,60.578125,1278.750000,1375.000000,-96.250000,-7.000000,-0.180135,-7.000000,,1438.250000,
43.110074,1785210042.007349014,reverse_align,-80,-150,-25,eq5_reverse bisector=+60.6 biasAB=-96 paperSteer=-7.00,19,2,0,0,0,0,5,3,0,5,1,26.359375,94.796875,60.578125,1278.750000,1375.000000,-96.250000,-7.000000,-0.180135,-7.000000,,1438.250000,
43.198217,1785210042.118394136,reverse_align,-80,-150,-25,eq5_reverse bisector=+61.4 biasAB=-116 paperSteer=-7.00,23,2,0,0,0,0,6,3,0,5,1,28.093750,94.796875,61.445312,1258.500000,1375.000000,-116.500000,-7.000000,-0.263905,-7.000000,,,
43.286679,1785210042.229956150,reverse_align,-80,-150,-25,eq5_reverse bisector=+63.0 biasAB=-144 paperSteer=-7.00,17,2,0,0,0,0,7,3,0,5,1,30.046875,95.968750,63.007812,1239.750000,1384.250000,-144.500000,-7.000000,-0.406005,-7.000000,,,
43.375241,1785210042.344278097,reverse_align,-80,-150,-25,eq5_reverse bisector=+63.8 biasAB=-198 paperSteer=-7.00,22,2,0,0,0,0,8,3,0,5,1,30.484375,97.156250,63.820312,1211.000000,1408.750000,-197.750000,-7.000000,-0.760376,-7.000000,,,
43.469318,1785210042.455883026,reverse_align,0,0,-25,paper_cannot_calculate_steering,22,2,0,0,0,0,9,3,0,5,0,,,,,,,,,,,,
43.558425,1785210042.455883026,reverse_align,0,0,-25,paper_cannot_calculate_steering,22,2,0,0,0,0,9,3,0,5,0,,,,,,,,,,,,
43.647279,1785210042.570691109,reverse_align,0,0,-25,paper_cannot_calculate_steering,20,2,0,0,0,0,10,3,0,5,0,,,,,,,,,,,,
43.734029,1785210042.681656122,reverse_align,0,0,-25,paper_cannot_calculate_steering,20,2,0,0,0,0,11,3,0,5,0,,,,,,,,,,,,
43.821865,1785210042.796679020,reverse_align,0,0,-25,paper_cannot_calculate_steering,23,2,0,0,0,0,12,3,0,5,0,,,,,,,,,,,1902.000000,
43.917985,1785210042.908133030,reverse_align,-80,-150,-25,eq5_reverse bisector=+65.8 biasAB=-723 paperSteer=-7.00,25,2,0,0,0,0,13,3,0,5,1,35.093750,96.578125,65.835938,1178.750000,1902.000000,-723.250000,-7.000000,-10.171205,-7.000000,,1753.000000,
44.009544,1785210042.908133030,reverse_align,-80,-150,-25,eq5_reverse bisector=+65.8 biasAB=-723 paperSteer=-7.00,25,2,0,0,0,0,13,3,0,5,1,35.093750,96.578125,65.835938,1178.750000,1902.000000,-723.250000,-7.000000,-10.171205,-7.000000,,1753.000000,
44.096353,1785210043.018985033,reverse_align,-80,-150,-25,eq5_reverse bisector=+65.8 biasAB=-723 paperSteer=-7.00,22,2,0,0,0,0,14,3,0,5,1,35.093750,96.578125,65.835938,1178.750000,1902.000000,-723.250000,-7.000000,-10.171205,-7.000000,,,
44.184019,1785210043.134683847,reverse_align,-80,-150,-25,eq5_reverse bisector=+66.1 biasAB=-733 paperSteer=-7.00,23,2,0,0,0,0,15,3,0,5,1,35.640625,96.578125,66.109375,1168.750000,1902.000000,-733.250000,-7.000000,-10.454414,-7.000000,,1778.750000,
44.272498,1785210043.244881868,reverse_align,-80,-150,-25,eq5_reverse bisector=+66.2 biasAB=-767 paperSteer=-7.00,27,2,0,0,0,0,16,3,0,5,1,35.859375,96.578125,66.218750,1135.250000,1902.000000,-766.750000,-7.000000,-11.431497,-7.000000,,,
44.362060,1785210043.244881868,reverse_align,-80,-150,-25,eq5_reverse bisector=+66.2 biasAB=-767 paperSteer=-7.00,27,2,0,0,0,0,16,3,0,5,1,35.859375,96.578125,66.218750,1135.250000,1902.000000,-766.750000,-7.000000,-11.431497,-7.000000,,,
44.451469,1785210043.359862089,reverse_align,-80,-150,-25,eq5_reverse bisector=+68.7 biasAB=-798 paperSteer=-7.00,25,2,0,0,0,0,17,3,0,5,1,38.171875,99.234375,68.703125,1126.250000,1924.250000,-798.000000,-7.000000,-12.382300,-7.000000,,1924.250000,
44.544894,1785210043.470649004,reverse_align,0,0,-25,paper_cannot_calculate_steering,30,2,0,0,0,0,18,3,0,5,0,,,,,,,,,,,1957.000000,
44.633799,1785210043.582874775,reverse_align,0,0,-25,paper_cannot_calculate_steering,31,2,0,0,0,0,19,3,0,5,0,,,,,,,,,,,,
44.722637,1785210043.697185040,reverse_align,-80,-150,-25,eq5_reverse bisector=+70.9 biasAB=-853 paperSteer=-7.00,31,2,0,0,0,0,20,3,0,5,1,42.515625,99.234375,70.875000,1071.250000,1924.250000,-853.000000,-7.000000,-14.147953,-7.000000,,,
44.812348,1785210043.697185040,reverse_align,-80,-150,-25,eq5_reverse bisector=+70.9 biasAB=-853 paperSteer=-7.00,31,2,0,0,0,0,20,3,0,5,1,42.515625,99.234375,70.875000,1071.250000,1924.250000,-853.000000,-7.000000,-14.147953,-7.000000,,,
44.900522,1785210043.808963060,reverse_align,-80,-150,-25,eq5_reverse bisector=+71.0 biasAB=-851 paperSteer=-7.00,30,2,0,0,0,0,21,3,0,5,1,42.718750,99.234375,70.976562,1073.000000,1924.250000,-851.250000,-7.000000,-14.089961,-7.000000,,,
44.989722,1785210043.923445940,reverse_align,0,0,-25,paper_cannot_calculate_steering,34,2,0,0,0,0,22,3,0,5,0,,,,,,,,,,,,
45.083307,1785210044.034909010,reverse_align,0,0,-25,paper_cannot_calculate_steering,32,2,0,0,0,0,23,3,0,5,0,,,,,,,,,,,,
45.171231,1785210044.145945072,reverse_align,0,0,-25,paper_cannot_calculate_steering,36,2,0,0,0,0,24,3,0,5,0,,,,,,,,,,,,
45.259708,1785210044.145945072,reverse_align,0,0,-25,paper_cannot_calculate_steering,36,2,0,0,0,0,24,3,0,5,0,,,,,,,,,,,,
45.349313,1785210044.260570765,reverse_align,0,0,-25,paper_cannot_calculate_steering,26,2,0,0,0,0,25,3,0,5,0,,,,,,,,,,,,
45.438264,1785210044.372276068,reverse_align,0,0,-25,paper_cannot_calculate_steering,37,2,0,0,0,0,26,3,0,5,0,,,,,,,,,,,,
45.527230,1785210044.486294031,reverse_align,0,0,-25,paper_cannot_calculate_steering,35,2,0,0,0,0,27,3,0,5,0,,,,,,,,,,,,
45.620955,1785210044.597115993,reverse_align,0,0,-25,paper_cannot_calculate_steering,27,2,0,0,0,0,28,3,0,5,0,,,,,,,,,,,,
45.709265,1785210044.597115993,reverse_align,0,0,-25,paper_cannot_calculate_steering,27,2,0,0,0,0,28,3,0,5,0,,,,,,,,,,,,
45.798145,1785210044.710426092,reverse_align,0,0,-25,paper_cannot_calculate_steering,30,2,0,0,0,0,29,3,0,5,0,,,,,,,,,,,,
45.887208,1785210044.823655844,reverse_align,0,0,-25,paper_cannot_calculate_steering,26,2,0,0,0,0,30,3,0,5,0,,,,,,,,,,,,
45.976471,1785210044.935071945,reverse_align,0,0,-25,paper_cannot_calculate_steering,33,2,0,0,0,0,31,3,0,5,0,,,,,,,,,,,,
46.065263,1785210045.049047947,reverse_align,0,0,-25,paper_cannot_calculate_steering,30,2,0,0,0,0,32,3,0,5,0,,,,,,,,,,,,
46.158712,1785210045.049047947,reverse_align,0,0,-25,paper_cannot_calculate_steering,30,2,0,0,0,0,32,3,0,5,0,,,,,,,,,,,,
46.248011,1785210045.160833120,reverse_align,0,0,-25,paper_cannot_calculate_steering,32,2,0,0,0,0,33,3,0,5,0,,,,,,,,,,,,
46.336657,1785210045.272109032,reverse_align,0,0,-25,paper_cannot_calculate_steering,33,2,0,0,0,0,34,3,0,5,0,,,,,,,,,,,,
46.425429,1785210045.387247086,reverse_align,0,0,-25,paper_cannot_calculate_steering,30,2,0,0,0,0,35,3,0,5,0,,,,,,,,,,,,
46.513659,1785210045.498848915,reverse_align,0,0,-25,paper_cannot_calculate_steering,30,2,0,0,0,0,36,3,0,5,0,,,,,,,,,,,,
46.601601,1785210045.498848915,reverse_align,0,0,-25,paper_cannot_calculate_steering,30,2,0,0,0,0,36,3,0,5,0,,,,,,,,,,,,
46.695086,1785210045.610236883,reverse_align,0,0,-25,paper_cannot_calculate_steering,31,2,0,0,0,0,37,3,0,5,0,,,,,,,,,,,,
46.781871,1785210045.724131107,reverse_align,0,0,-25,paper_cannot_calculate_steering,32,2,0,0,0,0,38,3,0,5,0,,,,,,,,,,,,
46.870488,1785210045.835887194,reverse_align,0,0,-25,paper_cannot_calculate_steering,30,2,0,0,0,0,39,3,0,5,0,,,,,,,,,,,,
46.958762,1785210045.946662903,reverse_align,0,0,-25,paper_cannot_calculate_steering,29,2,0,0,0,0,40,3,0,5,0,,,,,,,,,,,,
47.048156,1785210045.946662903,reverse_align,0,0,-25,paper_cannot_calculate_steering,29,2,0,0,0,0,40,3,0,5,0,,,,,,,,,,,,
47.136299,1785210046.061606884,reverse_align,0,0,-25,paper_cannot_calculate_steering,33,2,0,0,0,0,41,3,0,5,0,,,,,,,,,,,,
47.230304,1785210046.173464060,reverse_align,0,0,-25,paper_cannot_calculate_steering,35,2,0,0,0,0,42,3,0,5,0,,,,,,,,,,,,
47.319360,1785210046.287450075,reverse_align,0,0,-25,paper_cannot_calculate_steering,36,2,0,0,0,0,43,3,0,5,0,,,,,,,,,,,,
47.408016,1785210046.399421930,reverse_align,0,0,-25,paper_cannot_calculate_steering,32,2,0,0,0,0,44,3,0,5,0,,,,,,,,,,,,
47.496621,1785210046.399421930,reverse_align,0,0,-25,paper_cannot_calculate_steering,32,2,0,0,0,0,44,3,0,5,0,,,,,,,,,,,,
47.585618,1785210046.510462999,reverse_align,0,0,-25,paper_cannot_calculate_steering,36,2,0,0,0,0,45,3,0,5,0,,,,,,,,,,,,
47.675280,1785210046.625649929,reverse_align,0,0,-25,paper_cannot_calculate_steering,27,2,0,0,0,0,46,3,0,5,0,,,,,,,,,,,,
47.768987,1785210046.736951113,reverse_align,0,0,-25,paper_cannot_calculate_steering,28,2,0,0,0,0,47,3,0,5,0,,,,,,,,,,,,
47.857686,1785210046.847543001,reverse_align,0,0,-25,paper_cannot_calculate_steering,32,2,0,0,0,0,48,3,0,5,0,,,,,,,,,,,,
47.945990,1785210046.847543001,reverse_align,0,0,-25,paper_cannot_calculate_steering,32,2,0,0,0,0,48,3,0,5,0,,,,,,,,,,,,
48.035106,1785210046.962543011,reverse_align,0,0,-25,paper_cannot_calculate_steering,29,2,0,0,0,0,49,3,0,5,0,,,,,,,,,,,,
48.123552,1785210047.074554920,reverse_align,0,0,-25,paper_cannot_calculate_steering,26,2,0,0,0,0,50,3,0,5,0,,,,,,,,,,,,
48.211680,1785210047.185232878,reverse_align,0,0,-25,paper_cannot_calculate_steering,29,2,0,0,0,0,51,3,0,5,0,,,,,,,,,,,,
48.305402,1785210047.299359083,reverse_align,0,0,-25,paper_cannot_calculate_steering,37,2,0,0,0,0,52,3,0,5,0,,,,,,,,,,,,
48.393994,1785210047.299359083,reverse_align,0,0,-25,paper_cannot_calculate_steering,37,2,0,0,0,0,52,3,0,5,0,,,,,,,,,,,,
48.482200,1785210047.411381006,reverse_align,0,0,-25,paper_cannot_calculate_steering,24,2,0,0,0,0,53,3,0,5,0,,,,,,,,,,,1900.500000,
48.570241,1785210047.523043156,reverse_align,-80,-150,-25,eq5_reverse bisector=+67.0 biasAB=-800 paperSteer=-7.00,21,2,0,0,0,0,54,3,0,5,1,45.515625,88.421875,66.968750,1027.250000,1826.750000,-799.500000,-7.000000,-12.428894,-7.000000,,1706.500000,
48.659819,1785210047.634433031,reverse_align,-80,-150,-25,eq5_reverse bisector=+68.6 biasAB=-327 paperSteer=-7.00,19,2,0,1,5,1,0,3,0,5,1,45.406250,91.890625,68.648438,1029.000000,1355.750000,-326.750000,-7.000000,-2.075997,-7.000000,,1355.750000,
48.748193,1785210047.634433031,reverse_align,-80,-150,-25,eq5_reverse bisector=+68.6 biasAB=-327 paperSteer=-7.00,19,2,0,1,5,1,0,3,0,5,1,45.406250,91.890625,68.648438,1029.000000,1355.750000,-326.750000,-7.000000,-2.075997,-7.000000,,1355.750000,
48.841710,1785210047.748689890,reverse_align,-80,-150,-25,eq5_reverse bisector=+64.7 biasAB=-271 paperSteer=-7.00,22,2,0,0,0,0,1,3,0,5,1,40.859375,88.562500,64.710938,1028.750000,1299.500000,-270.750000,-7.000000,-1.425386,-7.000000,,1299.500000,
48.929972,1785210047.860327005,reverse_align,-80,-150,-25,eq5_reverse bisector=+50.5 biasAB=-396 paperSteer=-7.00,16,2,0,1,3,1,0,3,0,5,1,32.343750,68.687500,50.515625,1029.750000,1425.500000,-395.750000,-7.000000,-3.045351,-7.000000,,1232.000000,
49.017978,1785210047.974151850,reverse_align,-80,-150,-25,eq5_reverse bisector=+45.5 biasAB=-150 paperSteer=-7.00,12,2,1,1,3,2,0,4,0,5,1,20.468750,70.531250,45.500000,1049.750000,1200.000000,-150.250000,-7.000000,-0.438960,-7.000000,,1193.750000,
49.106442,1785210048.085199833,reverse_align,-80,-150,-25,eq5_reverse bisector=+39.0 biasAB=-98 paperSteer=-7.00,16,2,1,0,0,0,1,4,0,5,1,8.171875,69.906250,39.039062,1084.250000,1182.000000,-97.750000,-7.000000,-0.185793,-7.000000,,,
49.195290,1785210048.085199833,reverse_align,-80,-150,-25,eq5_reverse bisector=+39.0 biasAB=-98 paperSteer=-7.00,16,2,1,0,0,0,1,4,0,5,1,8.171875,69.906250,39.039062,1084.250000,1182.000000,-97.750000,-7.000000,-0.185793,-7.000000,,,
49.284410,1785210048.199867964,reverse_align,-80,-150,-25,eq5_reverse bisector=+29.0 biasAB=-237 paperSteer=-7.00,14,2,1,0,0,0,2,4,0,5,1,-6.250000,64.171875,28.960938,1137.500000,1374.250000,-236.750000,-7.000000,-1.089872,-7.000000,,1185.250000,
49.377548,1785210048.312204123,reverse_align,-80,-150,-25,eq5_reverse bisector=+31.4 biasAB=+51 paperSteer=-6.95,18,2,0,0,0,0,3,4,0,5,1,-1.281250,64.171875,31.445312,1425.000000,1374.250000,50.750000,-7.000000,0.050080,-6.949920,,1175.500000,
49.465699,1785210048.426177979,reverse_align,-80,-150,-25,eq5_reverse bisector=+25.6 biasAB=-265 paperSteer=-7.00,20,2,0,0,0,0,4,4,0,5,1,-12.875000,64.171875,25.648438,1109.500000,1374.250000,-264.750000,-7.000000,-1.362911,-7.000000,,1174.250000,
49.554784,1785210048.538409948,reverse_align,-80,-150,-25,eq5_reverse bisector=+28.7 biasAB=-96 paperSteer=-7.00,16,2,0,0,0,0,5,4,0,5,1,-12.546875,69.906250,28.679688,1086.000000,1182.000000,-96.000000,-7.000000,-0.179200,-7.000000,,1173.500000,
49.643482,1785210048.538409948,reverse_align,-80,-150,-25,eq5_reverse bisector=+28.7 biasAB=-96 paperSteer=-7.00,16,2,0,0,0,0,5,4,0,5,1,-12.546875,69.906250,28.679688,1086.000000,1182.000000,-96.000000,-7.000000,-0.179200,-7.000000,,1173.500000,
49.729412,1785210048.652114868,reverse_align,-80,-150,-25,eq5_reverse bisector=+30.8 biasAB=-79 paperSteer=-7.00,21,2,0,0,0,0,6,4,0,5,1,-2.546875,64.171875,30.812500,1295.500000,1374.250000,-78.750000,-7.000000,-0.120586,-7.000000,,1174.250000,
49.818415,1785210048.763821125,reverse_align,-80,-150,-25,eq5_reverse bisector=+33.2 biasAB=-149 paperSteer=-7.00,17,2,0,1,3,1,0,4,0,5,1,-11.093750,77.406250,33.156250,1024.500000,1173.500000,-149.000000,-7.000000,-0.431686,-7.000000,,1179.500000,
49.911959,1785210048.875097036,reverse_align,-80,-150,-25,eq5_reverse bisector=+33.8 biasAB=-171 paperSteer=-7.00,17,2,1,1,3,2,0,5,0,5,1,-9.781250,77.406250,33.812500,1002.750000,1173.500000,-170.750000,-7.000000,-0.566914,-7.000000,,1181.000000,
50.000059,1785210048.989158869,reverse_align,-80,-150,-25,eq5_reverse bisector=+36.9 biasAB=-178 paperSteer=-7.00,19,2,1,1,3,3,0,5,0,5,1,-9.781250,83.609375,36.914062,1002.750000,1181.000000,-178.250000,-7.000000,-0.617810,-7.000000,,1181.500000,
50.088774,1785210048.989158869,reverse_align,-80,-150,-25,eq5_reverse bisector=+36.9 biasAB=-178 paperSteer=-7.00,19,2,1,1,3,3,0,5,0,5,1,-9.781250,83.609375,36.914062,1002.750000,1181.000000,-178.250000,-7.000000,-0.617810,-7.000000,,1181.500000,
50.177832,1785210049.101027012,reverse_align,-80,-150,-25,eq5_reverse bisector=+37.7 biasAB=-236 paperSteer=-7.00,20,2,1,1,4,4,0,5,0,5,1,-8.234375,83.609375,37.687500,945.000000,1181.000000,-236.000000,-7.000000,-1.082978,-7.000000,,1198.000000,
50.266990,1785210049.212013006,reverse_align,-80,-150,-25,eq5_reverse bisector=+34.0 biasAB=-472 paperSteer=-7.00,24,2,1,1,6,5,0,5,0,5,1,-7.953125,75.953125,34.000000,912.250000,1384.750000,-472.500000,-7.000000,-4.341094,-7.000000,,1199.500000,
50.356243,1785210049.326618195,reverse_align,-80,-150,-25,eq5_reverse bisector=+34.8 biasAB=-493 paperSteer=-7.00,19,2,1,1,6,6,0,5,0,5,1,-7.765625,77.312500,34.773438,882.000000,1375.000000,-493.000000,-7.000000,-4.725953,-7.000000,,1206.500000,
50.449704,1785210049.438868046,reverse_align,-80,-150,-25,eq5_reverse bisector=+40.8 biasAB=-290 paperSteer=-7.00,30,2,1,1,8,7,0,5,0,5,1,4.281250,77.312500,40.796875,1084.500000,1375.000000,-290.500000,-7.000000,-1.640922,-7.000000,,1209.750000,
50.538907,1785210049.438868046,reverse_align,-80,-150,-25,eq5_reverse bisector=+40.8 biasAB=-290 paperSteer=-7.00,30,2,1,1,8,7,0,5,0,5,1,4.281250,77.312500,40.796875,1084.500000,1375.000000,-290.500000,-7.000000,-1.640922,-7.000000,,1209.750000,
50.627576,1785210049.552659988,reverse_align,-80,-150,-25,eq5_reverse bisector=+40.8 biasAB=-290 paperSteer=-7.00,29,2,1,1,6,8,0,5,0,5,1,4.281250,77.312500,40.796875,1084.500000,1375.000000,-290.500000,-7.000000,-1.640922,-7.000000,,1207.500000,
50.717062,1785210049.664750099,reverse_align,-80,-150,-25,eq5_reverse bisector=+40.5 biasAB=-484 paperSteer=-7.00,20,2,1,1,6,9,0,5,0,5,1,4.281250,76.703125,40.492188,1084.500000,1568.500000,-484.000000,-7.000000,-4.554978,-7.000000,,1300.500000,
50.806379,1785210049.775754929,reverse_align,-80,-150,-25,eq5_reverse bisector=+40.3 biasAB=-374 paperSteer=-7.00,24,2,1,1,7,10,0,5,0,5,1,4.281250,76.296875,40.289062,1084.500000,1458.750000,-374.250000,-7.000000,-2.723448,-7.000000,,1165.000000,
50.896188,1785210049.890002966,reverse_align,-80,-150,-25,eq5_reverse bisector=+42.1 biasAB=-368 paperSteer=-7.00,29,2,1,1,7,11,0,5,0,5,1,4.281250,79.843750,42.062500,1084.500000,1452.250000,-367.750000,-7.000000,-2.629668,-7.000000,,1131.500000,
50.990263,1785210049.890002966,reverse_align,-80,-150,-25,eq5_reverse bisector=+42.1 biasAB=-368 paperSteer=-7.00,29,2,1,1,7,11,0,5,0,5,1,4.281250,79.843750,42.062500,1084.500000,1452.250000,-367.750000,-7.000000,-2.629668,-7.000000,,1131.500000,
51.079614,1785210050.002346992,reverse_align,-80,-150,-25,eq5_reverse bisector=+30.2 biasAB=-544 paperSteer=-7.00,28,2,1,1,5,12,0,5,0,5,1,-5.890625,66.296875,30.203125,851.000000,1394.500000,-543.500000,-7.000000,-5.743738,-7.000000,,1104.500000,
51.168085,1785210050.112941027,reverse_align,-80,-150,-25,eq5_reverse bisector=+28.9 biasAB=-550 paperSteer=-7.00,23,2,1,0,0,0,1,5,0,5,1,-8.468750,66.296875,28.914062,844.000000,1394.500000,-550.500000,-7.000000,-5.892644,-7.000000,,1030.000000,
51.255520,1785210050.227416992,reverse_align,-80,-150,-25,eq5_reverse bisector=+25.8 biasAB=+165 paperSteer=-6.47,26,2,1,1,4,1,0,5,0,5,1,-15.703125,67.250000,25.773438,1346.250000,1181.250000,165.000000,-7.000000,0.529375,-6.470625,,979.000000,
51.344918,1785210050.227416992,reverse_align,-80,-150,-25,eq5_reverse bisector=+25.8 biasAB=+165 paperSteer=-6.47,26,2,1,1,4,1,0,5,0,5,1,-15.703125,67.250000,25.773438,1346.250000,1181.250000,165.000000,-7.000000,0.529375,-6.470625,,979.000000,
51.433941,1785210050.339842081,reverse_align,-80,-150,-25,eq5_reverse bisector=+28.7 biasAB=-0 paperSteer=-7.00,20,2,1,0,0,0,1,5,0,5,1,-13.656250,71.093750,28.718750,1263.500000,1263.750000,-0.250000,-7.000000,-0.000001,-7.000000,,,
51.527365,1785210050.454080105,reverse_align,-80,-150,-25,eq5_reverse bisector=+28.7 biasAB=-0 paperSteer=-7.00,18,2,1,0,0,0,2,5,0,5,1,-13.656250,71.093750,28.718750,1263.500000,1263.750000,-0.250000,-7.000000,-0.000001,-7.000000,,,
51.614815,1785210050.565931082,reverse_align,-80,-107,-25,eq5_reverse bisector=+21.8 biasAB=+404 paperSteer=-3.82,23,2,0,0,0,0,3,5,0,5,1,-13.656250,57.218750,21.781250,1263.500000,859.000000,404.500000,-7.000000,3.181505,-3.818495,,,
51.704122,1785210050.676040888,reverse_align,-80,-42,-25,eq5_reverse bisector=+14.0 biasAB=+564 paperSteer=-0.81,24,2,0,0,0,0,4,5,0,5,1,-13.984375,41.921875,13.968750,1387.000000,822.750000,564.250000,-7.000000,6.190685,-0.809315,,,
51.793088,1785210050.676040888,reverse_align,-80,-42,-25,eq5_reverse bisector=+14.0 biasAB=+564 paperSteer=-0.81,24,2,0,0,0,0,4,5,0,5,1,-13.984375,41.921875,13.968750,1387.000000,822.750000,564.250000,-7.000000,6.190685,-0.809315,,,
51.882067,1785210050.790991783,reverse_align,-80,125,-25,eq5_reverse bisector=+5.0 biasAB=+839 paperSteer=+7.00,26,2,0,0,0,0,5,5,0,5,1,-24.312500,34.312500,5.000000,1646.250000,807.250000,839.000000,-1.750000,13.687353,7.000000,,,
51.971219,1785210050.902178049,reverse_align,-80,125,-25,eq5_reverse bisector=+4.6 biasAB=+856 paperSteer=+7.00,27,2,0,0,0,0,6,5,0,5,1,-24.312500,33.421875,4.554688,1646.250000,790.750000,855.500000,-1.594141,14.231005,7.000000,,,
52.064823,1785210051.016994953,reverse_align,-80,125,-25,eq5_reverse bisector=+6.2 biasAB=+968 paperSteer=+7.00,26,2,0,0,0,0,7,5,0,5,1,-21.000000,33.421875,6.210938,1758.500000,790.750000,967.750000,-2.173828,18.210501,7.000000,,,
52.151944,1785210051.128143787,reverse_align,0,0,-25,paper_cannot_calculate_steering,29,2,0,0,0,0,8,5,0,5,0,,,,,,,,,,,,
52.239302,1785210051.128143787,reverse_align,0,0,-25,paper_cannot_calculate_steering,29,2,0,0,0,0,8,5,0,5,0,,,,,,,,,,,,
52.327014,1785210051.242691040,reverse_align,-80,125,-25,eq5_reverse bisector=+0.3 biasAB=+1044 paperSteer=+7.00,28,2,0,0,0,0,9,5,0,5,1,-32.750000,33.421875,0.335938,1835.000000,790.750000,1044.250000,-0.117578,21.203351,7.000000,,,
52.415173,1785210051.354117155,reverse_align,-80,125,-25,eq5_reverse bisector=+0.3 biasAB=+1044 paperSteer=+7.00,33,2,0,0,0,0,10,5,0,5,1,-32.750000,33.421875,0.335938,1835.000000,790.750000,1044.250000,-0.117578,21.203351,7.000000,,,
52.502841,1785210051.466319799,reverse_align,-80,125,-25,eq5_reverse bisector=+0.9 biasAB=+1070 paperSteer=+7.00,29,2,0,0,0,0,11,5,0,5,1,-32.750000,34.640625,0.945312,1835.000000,765.250000,1069.750000,-0.330859,22.251543,7.000000,,,
52.595089,1785210051.580137968,reverse_align,-80,125,-25,eq5_reverse bisector=+0.9 biasAB=+1084 paperSteer=+7.00,26,2,0,0,0,0,12,5,0,5,1,-32.750000,34.515625,0.882812,1835.000000,750.500000,1084.500000,-0.308984,22.869394,7.000000,,,
52.682741,1785210051.580137968,reverse_align,-80,125,-25,eq5_reverse bisector=+0.9 biasAB=+1084 paperSteer=+7.00,26,2,0,0,0,0,12,5,0,5,1,-32.750000,34.515625,0.882812,1835.000000,750.500000,1084.500000,-0.308984,22.869394,7.000000,,,
52.769366,1785210051.691696882,reverse_align,-80,125,-25,eq5_reverse bisector=+0.0 biasAB=+1043 paperSteer=+7.00,28,2,0,0,0,0,13,5,0,5,1,-34.406250,34.484375,0.039062,1782.000000,739.250000,1042.750000,-0.013672,21.142480,7.000000,,,
52.858493,1785210051.806000948,reverse_align,0,0,-25,paper_cannot_calculate_steering,29,2,0,0,0,0,14,5,0,5,0,,,,,,,,,,,,
52.947275,1785210051.918282032,reverse_align,0,0,-25,paper_cannot_calculate_steering,32,2,0,0,0,0,15,5,0,5,0,,,,,,,,,,,,
53.033072,1785210051.918282032,reverse_align,0,0,-25,paper_cannot_calculate_steering,32,2,0,0,0,0,15,5,0,5,0,,,,,,,,,,,,
53.125238,1785210052.032716990,reverse_align,0,0,-25,paper_cannot_calculate_steering,30,2,0,0,0,0,16,5,0,5,0,,,,,,,,,,,,
53.212088,1785210052.143820047,reverse_align,0,0,-25,paper_cannot_calculate_steering,29,2,0,0,0,0,17,5,0,5,0,,,,,,,,,,,,
53.300035,1785210052.256667852,reverse_align,0,0,-25,paper_cannot_calculate_steering,32,2,0,0,0,0,18,5,0,5,0,,,,,,,,,,,,
53.390701,1785210052.369471073,reverse_align,0,0,-25,paper_cannot_calculate_steering,29,2,0,0,0,0,19,5,0,5,0,,,,,,,,,,,,
53.479796,1785210052.369471073,reverse_align,0,0,-25,paper_cannot_calculate_steering,29,2,0,0,0,0,19,5,0,5,0,,,,,,,,,,,,
53.569176,1785210052.481090069,reverse_align,0,0,-25,paper_cannot_calculate_steering,29,2,0,0,0,0,20,5,0,5,0,,,,,,,,,,,,
53.663537,1785210052.592772007,reverse_align,0,0,-25,paper_cannot_calculate_steering,31,2,0,0,0,0,21,5,0,5,0,,,,,,,,,,,,
53.752349,1785210052.708849907,reverse_align,0,0,-25,paper_cannot_calculate_steering,29,2,0,0,0,0,22,5,0,5,0,,,,,,,,,,,,
