elapsed_s,lidar_timestamp,state,speed,steering,steering_offset,reason,valid_points,detected_vehicle_count,right_vehicle,right_vehicle_raw,right_cluster_points,right_seen_scans,right_missing_scans,right_track_id,is_near,pair_valid,angle_a_deg,angle_b_deg,angle_bisector_deg,dist_a_mm,dist_b_mm,distance_bias_ab_mm,angle_term,distance_term,paper_steering,dist_c_mm,dist_d_mm,distance_bias_cd_mm
0.000005,1785205546.943701982,idle,0,0,-20,press_SPACE_to_start_straight_only,36,0,0,0,0,0,1,0,0,0,,,,,,,,,,,1311.250000,
0.198784,1785205546.943701982,idle,0,0,-20,press_SPACE_to_start_straight_only,36,0,0,0,0,0,1,0,0,0,,,,,,,,,,,1311.250000,
0.292917,1785205546.943701982,idle,0,0,-20,press_SPACE_to_start_straight_only,36,0,0,0,0,0,1,0,0,0,,,,,,,,,,,1311.250000,
0.379583,1785205546.943701982,idle,0,0,-20,press_SPACE_to_start_straight_only,36,0,0,0,0,0,1,0,0,0,,,,,,,,,,,1311.250000,
0.464130,1785205546.943701982,idle,0,0,-20,press_SPACE_to_start_straight_only,36,0,0,0,0,0,1,0,0,0,,,,,,,,,,,1311.250000,
0.521666,1785205546.943701982,idle,0,0,-20,press_SPACE_to_start_straight_only,36,0,0,0,0,0,1,0,0,0,,,,,,,,,,,1311.250000,
0.604331,1785205546.943701982,idle,0,0,-20,press_SPACE_to_start_straight_only,36,0,0,0,0,0,1,0,0,0,,,,,,,,,,,1311.250000,
0.686540,1785205546.943701982,idle,0,0,-20,press_SPACE_to_start_straight_only,36,0,0,0,0,0,1,0,0,0,,,,,,,,,,,1311.250000,
0.775986,1785205546.943701982,idle,0,0,-20,press_SPACE_to_start_straight_only,36,0,0,0,0,0,1,0,0,0,,,,,,,,,,,1311.250000,
0.859892,1785205546.943701982,idle,0,0,-20,press_SPACE_to_start_straight_only,36,0,0,0,0,0,1,0,0,0,,,,,,,,,,,1311.250000,
0.942800,1785205546.943701982,idle,0,0,-20,press_SPACE_to_start_straight_only,36,0,0,0,0,0,1,0,0,0,,,,,,,,,,,1311.250000,
1.028980,1785205546.943701982,idle,0,0,-20,press_SPACE_to_start_straight_only,36,0,0,0,0,0,1,0,0,0,,,,,,,,,,,1311.250000,
1.114543,1785205546.943701982,idle,0,0,-20,press_SPACE_to_start_straight_only,36,0,0,0,0,0,1,0,0,0,,,,,,,,,,,1311.250000,
1.197765,1785205546.943701982,idle,0,0,-20,press_SPACE_to_start_straight_only,36,0,0,0,0,0,1,0,0,0,,,,,,,,,,,1311.250000,
1.285494,1785205548.302874804,idle,0,0,-20,press_SPACE_to_start_straight_only,34,0,0,0,0,0,2,0,0,0,,,,,,,,,,,1312.750000,
1.369673,1785205548.302874804,idle,0,0,-20,press_SPACE_to_start_straight_only,34,0,0,0,0,0,2,0,0,0,,,,,,,,,,,1312.750000,
1.458162,1785205548.417405844,idle,0,0,-20,press_SPACE_to_start_straight_only,38,0,0,0,0,0,3,0,0,0,,,,,,,,,,,1311.500000,
1.546439,1785205548.529253006,idle,0,0,-20,press_SPACE_to_start_straight_only,38,0,0,0,0,0,4,0,0,0,,,,,,,,,,,1307.000000,
1.635610,1785205548.643451929,idle,0,0,-20,press_SPACE_to_start_straight_only,37,0,0,1,3,1,0,0,0,0,,,,,,,,,,,1311.750000,
1.722961,1785205548.754265070,idle,0,0,-20,press_SPACE_to_start_straight_only,37,0,0,0,0,0,1,0,0,0,,,,,,,,,,,1311.250000,
1.816457,1785205548.754265070,idle,0,0,-20,press_SPACE_to_start_straight_only,37,0,0,0,0,0,1,0,0,0,,,,,,,,,,,1311.250000,
1.904454,1785205548.869695902,idle,0,0,-20,press_SPACE_to_start_straight_only,38,0,0,0,0,0,2,0,0,0,,,,,,,,,,,1311.000000,
1.992878,1785205548.980774879,idle,0,0,-20,press_SPACE_to_start_straight_only,37,0,0,0,0,0,3,0,0,0,,,,,,,,,,,1315.000000,
2.081179,1785205549.095790148,idle,0,0,-20,press_SPACE_to_start_straight_only,37,0,0,0,0,0,4,0,0,0,,,,,,,,,,,1312.750000,
2.166860,1785205549.095790148,idle,0,0,-20,press_SPACE_to_start_straight_only,37,0,0,0,0,0,4,0,0,0,,,,,,,,,,,1312.750000,
2.255331,1785205549.210046053,idle,0,0,-20,press_SPACE_to_start_straight_only,39,0,0,0,0,0,5,0,0,0,,,,,,,,,,,1310.750000,
2.347511,1785205549.321336031,idle,0,0,-20,press_SPACE_to_start_straight_only,39,0,0,0,0,0,6,0,0,0,,,,,,,,,,,1316.000000,
2.434903,1785205549.436037064,idle,0,0,-20,press_SPACE_to_start_straight_only,38,0,0,1,3,1,0,0,0,0,,,,,,,,,,,1314.000000,
2.523487,1785205549.550300837,idle,0,0,-20,press_SPACE_to_start_straight_only,37,0,0,0,0,0,1,0,0,0,,,,,,,,,,,1311.000000,
2.611360,1785205549.550300837,idle,0,0,-20,press_SPACE_to_start_straight_only,37,0,0,0,0,0,1,0,0,0,,,,,,,,,,,1311.000000,
2.698960,1785205549.662024975,idle,0,0,-20,press_SPACE_to_start_straight_only,37,0,0,0,0,0,2,0,0,0,,,,,,,,,,,1314.500000,
2.787427,1785205549.776553869,idle,0,0,-20,press_SPACE_to_start_straight_only,37,0,0,0,0,0,3,0,0,0,,,,,,,,,,,1310.750000,
2.880453,1785205549.888433933,idle,0,0,-20,press_SPACE_to_start_straight_only,38,0,0,1,3,1,0,0,0,0,,,,,,,,,,,1313.250000,
2.967693,1785205550.002763987,idle,0,0,-20,press_SPACE_to_start_straight_only,38,0,0,0,0,0,1,0,0,0,,,,,,,,,,,1310.750000,
3.054028,1785205550.002763987,idle,0,0,-20,press_SPACE_to_start_straight_only,38,0,0,0,0,0,1,0,0,0,,,,,,,,,,,1310.750000,
3.141887,1785205550.117794991,idle,0,0,-20,press_SPACE_to_start_straight_only,38,0,0,0,0,0,2,0,0,0,,,,,,,,,,,1311.250000,
3.229128,1785205550.228175163,idle,0,0,-20,press_SPACE_to_start_straight_only,40,0,0,0,0,0,3,0,0,0,,,,,,,,,,,1311.000000,
3.316920,1785205550.342705011,idle,0,0,-20,press_SPACE_to_start_straight_only,36,0,0,0,0,0,4,0,0,0,,,,,,,,,,,1311.000000,
3.409620,1785205550.342705011,idle,0,0,-20,press_SPACE_to_start_straight_only,36,0,0,0,0,0,4,0,0,0,,,,,,,,,,,1311.000000,
3.498296,1785205550.454674959,idle,0,0,-20,press_SPACE_to_start_straight_only,36,0,0,0,0,0,5,0,0,0,,,,,,,,,,,1311.000000,
3.586794,1785205550.569826126,idle,0,0,-20,press_SPACE_to_start_straight_only,40,0,0,0,0,0,6,0,0,0,,,,,,,,,,,1314.750000,
3.674679,1785205550.684407949,idle,0,0,-20,press_SPACE_to_start_straight_only,39,0,0,0,0,0,7,0,0,0,,,,,,,,,,,1307.500000,
3.762517,1785205550.794893026,idle,0,0,-20,press_SPACE_to_start_straight_only,36,0,0,0,0,0,8,0,0,0,,,,,,,,,,,1314.000000,
3.850667,1785205550.794893026,idle,0,0,-20,press_SPACE_to_start_straight_only,36,0,0,0,0,0,8,0,0,0,,,,,,,,,,,1314.000000,
3.943540,1785205550.909930944,idle,0,0,-20,press_SPACE_to_start_straight_only,39,0,0,0,0,0,9,0,0,0,,,,,,,,,,,1310.500000,
4.031251,1785205551.021489859,idle,0,0,-20,press_SPACE_to_start_straight_only,35,0,0,0,0,0,10,0,0,0,,,,,,,,,,,1313.750000,
4.118910,1785205551.135664225,idle,0,0,-20,press_SPACE_to_start_straight_only,38,0,0,0,0,0,11,0,0,0,,,,,,,,,,,1308.500000,
4.207964,1785205551.135664225,idle,0,0,-20,press_SPACE_to_start_straight_only,38,0,0,0,0,0,11,0,0,0,,,,,,,,,,,1308.500000,
4.295745,1785205551.250684023,idle,0,0,-20,press_SPACE_to_start_straight_only,39,0,0,0,0,0,12,0,0,0,,,,,,,,,,,1311.250000,
4.383431,1785205551.362231970,idle,0,0,-20,press_SPACE_to_start_straight_only,39,0,0,1,3,1,0,0,0,0,,,,,,,,,,,1315.250000,
4.476169,1785205551.475983858,idle,0,0,-20,press_SPACE_to_start_straight_only,39,0,0,0,0,0,1,0,0,0,,,,,,,,,,,1310.750000,
4.563418,1785205551.591704130,idle,0,0,-20,press_SPACE_to_start_straight_only,41,0,0,1,3,1,0,0,0,0,,,,,,,,,,,1306.000000,
4.651763,1785205551.591704130,idle,0,0,-20,press_SPACE_to_start_straight_only,41,0,0,1,3,1,0,0,0,0,,,,,,,,,,,1306.000000,
4.740439,1785205551.702448845,idle,0,0,-20,press_SPACE_to_start_straight_only,42,0,1,1,3,2,0,1,0,0,,,,,,,,,,,1310.750000,
4.828335,1785205551.817006111,idle,0,0,-20,press_SPACE_to_start_straight_only,43,0,1,0,0,0,1,1,0,0,,,,,,,,,,,1309.250000,
4.916933,1785205551.928510904,idle,0,0,-20,press_SPACE_to_start_straight_only,41,0,1,0,0,0,2,1,0,0,,,,,,,,,,,1312.500000,
5.010111,1785205552.043540001,idle,0,0,-20,press_SPACE_to_start_straight_only,38,0,0,0,0,0,3,1,0,0,,,,,,,,,,,1310.750000,
5.098125,1785205552.043540001,idle,0,0,-20,press_SPACE_to_start_straight_only,38,0,0,0,0,0,3,1,0,0,,,,,,,,,,,1310.750000,
5.185590,1785205552.157730103,idle,0,0,-20,press_SPACE_to_start_straight_only,40,0,0,1,3,1,0,1,0,0,,,,,,,,,,,1315.500000,
5.273279,1785205552.268671989,idle,0,0,-20,press_SPACE_to_start_straight_only,39,0,1,1,3,2,0,2,0,0,,,,,,,,,,,1302.750000,
5.361698,1785205552.384173155,idle,0,0,-20,press_SPACE_to_start_straight_only,39,0,1,0,0,0,1,2,0,0,,,,,,,,,,,1300.750000,
5.450348,1785205552.384173155,idle,0,0,-20,press_SPACE_to_start_straight_only,39,0,1,0,0,0,1,2,0,0,,,,,,,,,,,1300.750000,
5.543134,1785205552.498211145,idle,0,0,-20,press_SPACE_to_start_straight_only,41,0,1,1,3,1,0,2,0,0,,,,,,,,,,,1313.250000,
5.630903,1785205552.610480070,idle,0,0,-20,press_SPACE_to_start_straight_only,40,0,1,0,0,0,1,2,0,0,,,,,,,,,,,1303.250000,
5.718974,1785205552.723913908,idle,0,0,-20,press_SPACE_to_start_straight_only,39,0,1,1,3,1,0,2,0,0,,,,,,,,,,,1306.750000,
5.806564,1785205552.835396051,idle,0,0,-20,press_SPACE_to_start_straight_only,38,0,1,0,0,0,1,2,0,0,,,,,,,,,,,1304.500000,
5.894308,1785205552.835396051,idle,0,0,-20,press_SPACE_to_start_straight_only,38,0,1,0,0,0,1,2,0,0,,,,,,,,,,,1304.500000,
5.982563,1785205552.950043917,idle,0,0,-20,press_SPACE_to_start_straight_only,38,0,1,1,3,1,0,2,0,0,,,,,,,,,,,1302.250000,
6.076154,1785205553.065531969,idle,0,0,-20,press_SPACE_to_start_straight_only,35,0,1,0,0,0,1,2,0,0,,,,,,,,,,,1308.000000,
6.164243,1785205553.175776005,idle,0,0,-20,press_SPACE_to_start_straight_only,40,0,1,1,3,1,0,2,0,0,,,,,,,,,,,1301.250000,
6.253058,1785205553.290963888,idle,0,0,-20,press_SPACE_to_start_straight_only,39,0,1,1,3,2,0,2,0,0,,,,,,,,,,,1298.250000,
6.340315,1785205553.290963888,idle,0,0,-20,press_SPACE_to_start_straight_only,39,0,1,1,3,2,0,2,0,0,,,,,,,,,,,1298.250000,
6.428035,1785205553.401978016,idle,0,0,-20,press_SPACE_to_start_straight_only,43,0,1,1,7,3,0,2,0,0,,,,,,,,,,,1269.750000,
6.516540,1785205553.516885042,idle,0,0,-20,press_SPACE_to_start_straight_only,43,0,1,1,9,4,0,2,0,0,,,,,,,,,,,1137.500000,
6.610307,1785205553.631962061,idle,0,0,-20,press_SPACE_to_start_straight_only,46,0,1,1,10,5,0,2,0,0,,,,,,,,,,,1127.750000,
6.698278,1785205553.631962061,idle,0,0,-20,press_SPACE_to_start_straight_only,46,0,1,1,10,5,0,2,0,0,,,,,,,,,,,1127.750000,
6.786798,1785205553.742495060,idle,0,0,-20,press_SPACE_to_start_straight_only,45,0,1,1,10,6,0,2,0,0,,,,,,,,,,,1121.750000,
6.874044,1785205553.858108997,idle,0,0,-20,press_SPACE_to_start_straight_only,48,0,1,1,12,7,0,2,0,0,,,,,,,,,,,1125.250000,
6.962448,1785205553.972851038,idle,0,0,-20,press_SPACE_to_start_straight_only,45,0,1,1,8,8,0,2,0,0,,,,,,,,,,,1125.750000,
7.049747,1785205554.083589077,idle,0,0,-20,press_SPACE_to_start_straight_only,41,0,1,1,5,9,0,2,0,0,,,,,,,,,,,1114.750000,
7.143143,1785205554.083589077,idle,0,0,-20,press_SPACE_to_start_straight_only,41,0,1,1,5,9,0,2,0,0,,,,,,,,,,,1114.750000,
7.230108,1785205554.198626995,idle,0,0,-20,press_SPACE_to_start_straight_only,43,0,1,1,7,10,0,2,0,0,,,,,,,,,,,1120.500000,
7.318136,1785205554.309550047,idle,0,0,-20,press_SPACE_to_start_straight_only,40,0,1,1,5,11,0,2,0,0,,,,,,,,,,,1146.750000,
7.405903,1785205554.423851013,idle,0,0,-20,press_SPACE_to_start_straight_only,37,0,1,1,4,12,0,2,0,0,,,,,,,,,,,1117.250000,
7.494656,1785205554.423851013,idle,0,0,-20,press_SPACE_to_start_straight_only,37,0,1,1,4,12,0,2,0,0,,,,,,,,,,,1117.250000,
7.583167,1785205554.539471149,idle,0,0,-20,press_SPACE_to_start_straight_only,42,0,1,1,5,13,0,2,0,0,,,,,,,,,,,1120.250000,
7.675177,1785205554.650210142,idle,0,0,-20,press_SPACE_to_start_straight_only,43,0,1,1,7,14,0,2,0,0,,,,,,,,,,,1121.000000,
7.763457,1785205554.764904976,idle,0,0,-20,press_SPACE_to_start_straight_only,45,0,1,1,7,15,0,2,0,0,,,,,,,,,,,1119.750000,
7.852031,1785205554.876873016,idle,0,0,-20,press_SPACE_to_start_straight_only,41,0,1,1,8,16,0,2,0,0,,,,,,,,,,,1124.750000,
7.939881,1785205554.876873016,idle,0,0,-20,press_SPACE_to_start_straight_only,41,0,1,1,8,16,0,2,0,0,,,,,,,,,,,1124.750000,
8.026228,1785205554.990400076,idle,0,0,-20,press_SPACE_to_start_straight_only,43,0,1,1,8,17,0,2,0,0,,,,,,,,,,,1130.750000,
8.114472,1785205555.105290890,idle,0,0,-20,press_SPACE_to_start_straight_only,45,0,1,1,8,18,0,2,0,0,,,,,,,,,,,1121.250000,
8.202827,1785205555.216651917,idle,0,0,-20,press_SPACE_to_start_straight_only,42,0,1,1,7,19,0,2,0,0,,,,,,,,,,,1132.750000,
8.291229,1785205555.216651917,idle,0,0,-20,press_SPACE_to_start_straight_only,42,0,1,1,7,19,0,2,0,0,,,,,,,,,,,1132.750000,
8.378820,1785205555.332253933,idle,0,0,-20,press_SPACE_to_start_straight_only,41,0,1,1,8,20,0,2,0,0,,,,,,,,,,,1128.750000,
8.467143,1785205555.446470976,idle,0,0,-20,press_SPACE_to_start_straight_only,42,0,1,1,8,21,0,2,0,0,,,,,,,,,,,1131.000000,
8.555319,1785205555.557837009,idle,0,0,-20,press_SPACE_to_start_straight_only,43,0,1,1,7,22,0,2,0,0,,,,,,,,,,,1127.750000,
8.643700,1785205555.672453165,idle,0,0,-20,press_SPACE_to_start_straight_only,42,0,1,1,8,23,0,2,0,0,,,,,,,,,,,1136.000000,
8.736651,1785205555.672453165,idle,0,0,-20,press_SPACE_to_start_straight_only,42,0,1,1,8,23,0,2,0,0,,,,,,,,,,,1136.000000,
8.824268,1785205555.786130905,idle,0,0,-20,press_SPACE_to_start_straight_only,45,0,1,1,8,24,0,2,0,0,,,,,,,,,,,1132.500000,
8.912535,1785205555.897769928,idle,0,0,-20,press_SPACE_to_start_straight_only,44,0,1,1,8,25,0,2,0,0,,,,,,,,,,,1130.500000,
8.999904,1785205556.013128042,idle,0,0,-20,press_SPACE_to_start_straight_only,42,0,1,1,6,26,0,2,0,0,,,,,,,,,,,1128.500000,
9.086315,1785205556.124394894,idle,0,0,-20,press_SPACE_to_start_straight_only,43,0,1,1,8,27,0,2,0,0,,,,,,,,,,,1126.500000,
9.175197,1785205556.124394894,idle,0,0,-20,press_SPACE_to_start_straight_only,43,0,1,1,8,27,0,2,0,0,,,,,,,,,,,1126.500000,
9.268412,1785205556.238749981,idle,0,0,-20,press_SPACE_to_start_straight_only,42,0,1,1,8,28,0,2,0,0,,,,,,,,,,,1119.500000,
9.356040,1785205556.352988958,idle,0,0,-20,press_SPACE_to_start_straight_only,43,0,1,1,7,29,0,2,0,0,,,,,,,,,,,1117.750000,
9.443924,1785205556.464977980,idle,0,0,-20,press_SPACE_to_start_straight_only,45,0,1,1,7,30,0,2,0,0,,,,,,,,,,,1118.500000,
9.533083,1785205556.464977980,idle,0,0,-20,press_SPACE_to_start_straight_only,45,0,1,1,7,30,0,2,0,0,,,,,,,,,,,1118.500000,
9.621405,1785205556.579662085,idle,0,0,-20,press_SPACE_to_start_straight_only,41,0,1,1,6,31,0,2,0,0,,,,,,,,,,,1118.750000,
9.708966,1785205556.690916061,idle,0,0,-20,press_SPACE_to_start_straight_only,44,0,1,1,8,32,0,2,0,0,,,,,,,,,,,1118.000000,
9.801723,1785205556.805839777,idle,0,0,-20,press_SPACE_to_start_straight_only,43,0,1,1,7,33,0,2,0,0,,,,,,,,,,,1117.750000,
9.890231,1785205556.919400930,idle,0,0,-20,press_SPACE_to_start_straight_only,45,0,1,1,7,34,0,2,0,0,,,,,,,,,,,1118.000000,
9.978451,1785205556.919400930,idle,0,0,-20,press_SPACE_to_start_straight_only,45,0,1,1,7,34,0,2,0,0,,,,,,,,,,,1118.000000,
10.066506,1785205557.031865120,idle,0,0,-20,press_SPACE_to_start_straight_only,44,0,1,1,7,35,0,2,0,0,,,,,,,,,,,1117.750000,
10.153889,1785205557.145926952,idle,0,0,-20,press_SPACE_to_start_straight_only,44,0,1,1,7,36,0,2,0,0,,,,,,,,,,,1117.250000,
10.241299,1785205557.261057138,idle,0,0,-20,press_SPACE_to_start_straight_only,43,0,1,1,8,37,0,2,0,0,,,,,,,,,,,1100.000000,
10.334115,1785205557.371490002,idle,0,0,-20,press_SPACE_to_start_straight_only,43,0,1,1,6,38,0,2,0,0,,,,,,,,,,,1087.250000,
10.421404,1785205557.371490002,idle,0,0,-20,press_SPACE_to_start_straight_only,43,0,1,1,6,38,0,2,0,0,,,,,,,,,,,1087.250000,
10.509963,1785205557.486690998,idle,0,0,-20,press_SPACE_to_start_straight_only,44,0,1,1,9,39,0,2,0,0,,,,,,,,,,,1126.750000,
10.597537,1785205557.598106861,idle,0,0,-20,press_SPACE_to_start_straight_only,38,0,1,1,3,40,0,2,0,0,,,,,,,,,,,1212.000000,
10.684612,1785205557.712109089,idle,0,0,-20,press_SPACE_to_start_straight_only,40,0,1,1,4,41,0,2,0,0,,,,,,,,,,,1238.750000,
10.772934,1785205557.712109089,idle,0,0,-20,press_SPACE_to_start_straight_only,40,0,1,1,4,41,0,2,0,0,,,,,,,,,,,1238.750000,
10.865704,1785205557.824884892,idle,0,0,-20,press_SPACE_to_start_straight_only,41,0,1,1,3,42,0,2,0,0,,,,,,,,,,,1230.250000,
10.954118,1785205557.938366890,idle,0,0,-20,press_SPACE_to_start_straight_only,41,0,1,1,4,43,0,2,0,0,,,,,,,,,,,1239.000000,
11.042547,1785205558.052774906,idle,0,0,-20,press_SPACE_to_start_straight_only,41,0,1,1,3,44,0,2,0,0,,,,,,,,,,,1233.250000,
11.129909,1785205558.165199757,idle,0,0,-20,press_SPACE_to_start_straight_only,45,0,1,1,4,45,0,2,0,0,,,,,,,,,,,1238.750000,
11.214402,1785205558.165199757,idle,0,0,-20,press_SPACE_to_start_straight_only,45,0,1,1,4,45,0,2,0,0,,,,,,,,,,,1238.750000,
11.302830,1785205558.279287100,idle,0,0,-20,press_SPACE_to_start_straight_only,39,0,1,0,0,0,1,2,0,0,,,,,,,,,,,1229.750000,
11.396473,1785205558.391197920,idle,0,0,-20,press_SPACE_to_start_straight_only,42,0,1,1,4,1,0,2,0,0,,,,,,,,,,,1238.750000,
11.484352,1785205558.505128860,idle,0,0,-20,press_SPACE_to_start_straight_only,39,0,1,0,0,0,1,2,0,0,,,,,,,,,,,1233.000000,
11.572712,1785205558.505128860,idle,0,0,-20,press_SPACE_to_start_straight_only,39,0,1,0,0,0,1,2,0,0,,,,,,,,,,,1233.000000,
11.661548,1785205558.619426966,idle,0,0,-20,press_SPACE_to_start_straight_only,44,0,1,1,4,1,0,2,0,0,,,,,,,,,,,1238.500000,
11.750552,1785205558.731590986,idle,0,0,-20,press_SPACE_to_start_straight_only,41,0,1,1,3,2,0,2,0,0,,,,,,,,,,,1229.250000,
11.839356,1785205558.845355988,idle,0,0,-20,press_SPACE_to_start_straight_only,43,0,1,1,4,3,0,2,0,0,,,,,,,,,,,1238.000000,
11.932765,1785205558.960250139,idle,0,0,-20,press_SPACE_to_start_straight_only,43,0,1,0,0,0,1,2,0,0,,,,,,,,,,,1232.500000,
12.021739,1785205558.960250139,idle,0,0,-20,press_SPACE_to_start_straight_only,43,0,1,0,0,0,1,2,0,0,,,,,,,,,,,1232.500000,
12.109996,1785205559.072285891,idle,0,0,-20,press_SPACE_to_start_straight_only,44,0,1,1,5,1,0,2,0,0,,,,,,,,,,,1242.500000,
12.197905,1785205559.186620951,idle,0,0,-20,press_SPACE_to_start_straight_only,40,0,1,1,4,2,0,2,0,0,,,,,,,,,,,1240.000000,
12.286982,1785205559.297311068,idle,0,0,-20,press_SPACE_to_start_straight_only,40,0,1,1,4,3,0,2,0,0,,,,,,,,,,,1227.500000,
12.376419,1785205559.412057161,idle,0,0,-20,press_SPACE_to_start_straight_only,40,0,1,1,4,4,0,2,0,0,,,,,,,,,,,1237.750000,
12.470008,1785205559.412057161,idle,0,0,-20,press_SPACE_to_start_straight_only,40,0,1,1,4,4,0,2,0,0,,,,,,,,,,,1237.750000,
12.557447,1785205559.527235031,idle,0,0,-20,press_SPACE_to_start_straight_only,40,0,1,0,0,0,1,2,0,0,,,,,,,,,,,1232.250000,
12.646091,1785205559.638853073,idle,0,0,-20,press_SPACE_to_start_straight_only,41,0,1,1,4,1,0,2,0,0,,,,,,,,,,,1237.000000,
12.734184,1785205559.753262043,idle,0,0,-20,press_SPACE_to_start_straight_only,42,0,1,1,4,2,0,2,0,0,,,,,,,,,,,1236.750000,
12.821851,1785205559.753262043,idle,0,0,-20,press_SPACE_to_start_straight_only,42,0,1,1,4,2,0,2,0,0,,,,,,,,,,,1236.750000,
12.909816,1785205559.864924908,idle,0,0,-20,press_SPACE_to_start_straight_only,38,0,1,1,3,3,0,2,0,0,,,,,,,,,,,1238.000000,
13.003537,1785205559.978451014,idle,0,0,-20,press_SPACE_to_start_straight_only,37,0,1,1,4,4,0,2,0,0,,,,,,,,,,,1242.250000,
13.091719,1785205560.094368935,idle,0,0,-20,press_SPACE_to_start_straight_only,36,0,1,0,0,0,1,2,0,0,,,,,,,,,,,1235.750000,
13.180142,1785205560.204576015,idle,0,0,-20,press_SPACE_to_start_straight_only,42,0,1,1,5,1,0,2,0,0,,,,,,,,,,,1242.000000,
13.268602,1785205560.204576015,idle,0,0,-20,press_SPACE_to_start_straight_only,42,0,1,1,5,1,0,2,0,0,,,,,,,,,,,1242.000000,
13.357309,1785205560.319205046,idle,0,0,-20,press_SPACE_to_start_straight_only,38,0,1,0,0,0,1,2,0,0,,,,,,,,,,,1231.000000,
13.445625,1785205560.431258202,idle,0,0,-20,press_SPACE_to_start_straight_only,42,0,1,1,4,1,0,2,0,0,,,,,,,,,,,1240.250000,
13.537669,1785205560.545769930,idle,0,0,-20,press_SPACE_to_start_straight_only,43,0,1,1,4,2,0,2,0,0,,,,,,,,,,,1228.750000,
13.626264,1785205560.660281181,idle,0,0,-20,press_SPACE_to_start_straight_only,37,0,1,1,3,3,0,2,0,0,,,,,,,,,,,1241.000000,
13.714602,1785205560.660281181,idle,0,0,-20,press_SPACE_to_start_straight_only,37,0,1,1,3,3,0,2,0,0,,,,,,,,,,,1241.000000,
13.803537,1785205560.771849871,idle,0,0,-20,press_SPACE_to_start_straight_only,41,0,1,1,3,4,0,2,0,0,,,,,,,,,,,1238.750000,
13.892625,1785205560.885692835,idle,0,0,-20,press_SPACE_to_start_straight_only,38,0,1,1,5,5,0,2,0,0,,,,,,,,,,,1240.000000,
13.980112,1785205561.001278877,idle,0,0,-20,press_SPACE_to_start_straight_only,39,0,1,1,4,6,0,2,0,0,,,,,,,,,,,1231.500000,
14.072444,1785205561.112826109,idle,0,0,-20,press_SPACE_to_start_straight_only,40,0,1,1,5,7,0,2,0,0,,,,,,,,,,,1240.500000,
14.159962,1785205561.112826109,idle,0,0,-20,press_SPACE_to_start_straight_only,40,0,1,1,5,7,0,2,0,0,,,,,,,,,,,1240.500000,
14.245244,1785205561.227258205,idle,0,0,-20,press_SPACE_to_start_straight_only,37,0,1,0,0,0,1,2,0,0,,,,,,,,,,,1228.750000,
14.332033,1785205561.337898970,idle,0,0,-20,press_SPACE_to_start_straight_only,39,0,1,1,4,1,0,2,0,0,,,,,,,,,,,1237.500000,
14.420702,1785205561.453035116,idle,0,0,-20,press_SPACE_to_start_straight_only,37,0,1,0,0,0,1,2,0,0,,,,,,,,,,,1234.000000,
14.509958,1785205561.453035116,idle,0,0,-20,press_SPACE_to_start_straight_only,37,0,1,0,0,0,1,2,0,0,,,,,,,,,,,1234.000000,
14.603738,1785205561.567024946,idle,0,0,-20,press_SPACE_to_start_straight_only,43,0,1,1,5,1,0,2,0,0,,,,,,,,,,,1242.000000,
14.691765,1785205561.679077864,idle,0,0,-20,press_SPACE_to_start_straight_only,38,0,1,1,3,2,0,2,0,0,,,,,,,,,,,1237.500000,
14.778804,1785205561.793376923,idle,0,0,-20,press_SPACE_to_start_straight_only,39,0,1,1,3,3,0,2,0,0,,,,,,,,,,,1238.750000,
14.867780,1785205561.904694080,idle,0,0,-20,press_SPACE_to_start_straight_only,37,0,1,0,0,0,1,2,0,0,,,,,,,,,,,1234.250000,
14.956389,1785205561.904694080,idle,0,0,-20,press_SPACE_to_start_straight_only,37,0,1,0,0,0,1,2,0,0,,,,,,,,,,,1234.250000,
15.044687,1785205562.019850016,idle,0,0,-20,press_SPACE_to_start_straight_only,40,0,1,1,4,1,0,2,0,0,,,,,,,,,,,1242.500000,
15.136820,1785205562.134338140,idle,0,0,-20,press_SPACE_to_start_straight_only,39,0,1,1,4,2,0,2,0,0,,,,,,,,,,,1237.750000,
15.224162,1785205562.245218039,idle,0,0,-20,press_SPACE_to_start_straight_only,38,0,1,0,0,0,1,2,0,0,,,,,,,,,,,1239.500000,
15.312164,1785205562.245218039,idle,0,0,-20,press_SPACE_to_start_straight_only,38,0,1,0,0,0,1,2,0,0,,,,,,,,,,,1239.500000,
15.400921,1785205562.359681129,idle,0,0,-20,press_SPACE_to_start_straight_only,40,0,1,1,3,1,0,2,0,0,,,,,,,,,,,1241.250000,
15.488709,1785205562.471217871,idle,0,0,-20,press_SPACE_to_start_straight_only,41,0,1,1,4,2,0,2,0,0,,,,,,,,,,,1242.250000,
15.577100,1785205562.586397886,idle,0,0,-20,press_SPACE_to_start_straight_only,39,0,1,0,0,0,1,2,0,0,,,,,,,,,,,1230.750000,
15.670226,1785205562.701143980,idle,0,0,-20,press_SPACE_to_start_straight_only,39,0,1,1,4,1,0,2,0,0,,,,,,,,,,,1240.000000,
15.757818,1785205562.701143980,idle,0,0,-20,press_SPACE_to_start_straight_only,39,0,1,1,4,1,0,2,0,0,,,,,,,,,,,1240.000000,
15.846066,1785205562.812333107,idle,0,0,-20,press_SPACE_to_start_straight_only,41,0,1,1,3,2,0,2,0,0,,,,,,,,,,,1239.750000,
15.934648,1785205562.926886797,idle,0,0,-20,press_SPACE_to_start_straight_only,41,0,1,1,4,3,0,2,0,0,,,,,,,,,,,1238.000000,
16.022502,1785205563.040870905,idle,0,0,-20,press_SPACE_to_start_straight_only,44,0,1,1,3,4,0,2,0,0,,,,,,,,,,,1236.750000,
16.111036,1785205563.040870905,idle,0,0,-20,press_SPACE_to_start_straight_only,44,0,1,1,3,4,0,2,0,0,,,,,,,,,,,1236.750000,
16.203832,1785205563.153339863,idle,0,0,-20,press_SPACE_to_start_straight_only,40,0,1,1,3,5,0,2,0,0,,,,,,,,,,,1237.500000,
16.292124,1785205563.267514229,idle,0,0,-20,press_SPACE_to_start_straight_only,42,0,1,1,3,6,0,2,0,0,,,,,,,,,,,1234.000000,
16.379976,1785205563.379023790,idle,0,0,-20,press_SPACE_to_start_straight_only,40,0,1,1,3,7,0,2,0,0,,,,,,,,,,,1241.500000,
16.468480,1785205563.493305206,idle,0,0,-20,press_SPACE_to_start_straight_only,41,0,1,1,5,8,0,2,0,0,,,,,,,,,,,1242.000000,
16.555970,1785205563.493305206,idle,0,0,-20,press_SPACE_to_start_straight_only,41,0,1,1,5,8,0,2,0,0,,,,,,,,,,,1242.000000,
16.643374,1785205563.605282068,idle,0,0,-20,press_SPACE_to_start_straight_only,41,0,1,1,3,9,0,2,0,0,,,,,,,,,,,1237.750000,
16.735540,1785205563.719408035,idle,0,0,-20,press_SPACE_to_start_straight_only,40,0,1,1,4,10,0,2,0,0,,,,,,,,,,,1237.750000,
16.823256,1785205563.834362984,idle,0,0,-20,press_SPACE_to_start_straight_only,39,0,1,0,0,0,1,2,0,0,,,,,,,,,,,1233.750000,
16.910614,1785205563.944816828,idle,0,0,-20,press_SPACE_to_start_straight_only,43,0,1,1,5,1,0,2,0,0,,,,,,,,,,,1242.250000,
16.999277,1785205563.944816828,idle,0,0,-20,press_SPACE_to_start_straight_only,43,0,1,1,5,1,0,2,0,0,,,,,,,,,,,1242.250000,
17.087578,1785205564.060489893,idle,0,0,-20,press_SPACE_to_start_straight_only,42,0,1,1,4,2,0,2,0,0,,,,,,,,,,,1240.250000,
17.174616,1785205564.174469948,idle,0,0,-20,press_SPACE_to_start_straight_only,40,0,1,1,3,3,0,2,0,0,,,,,,,,,,,1237.500000,
17.264910,1785205564.285512924,idle,0,0,-20,press_SPACE_to_start_straight_only,40,0,1,0,0,0,1,2,0,0,,,,,,,,,,,1239.750000,
17.353178,1785205564.285512924,idle,0,0,-20,press_SPACE_to_start_straight_only,40,0,1,0,0,0,1,2,0,0,,,,,,,,,,,1239.750000,
17.442850,1785205564.401188135,idle,0,0,-20,press_SPACE_to_start_straight_only,38,0,1,1,4,1,0,2,0,0,,,,,,,,,,,1237.500000,
17.530691,1785205564.515292883,idle,0,0,-20,press_SPACE_to_start_straight_only,39,0,1,1,3,2,0,2,0,0,,,,,,,,,,,1228.000000,
17.618457,1785205564.626518965,idle,0,0,-20,press_SPACE_to_start_straight_only,41,0,1,1,4,3,0,2,0,0,,,,,,,,,,,1238.000000,
17.707179,1785205564.741207123,idle,0,0,-20,press_SPACE_to_start_straight_only,38,0,1,1,4,4,0,2,0,0,,,,,,,,,,,1237.750000,
17.799665,1785205564.741207123,idle,0,0,-20,press_SPACE_to_start_straight_only,38,0,1,1,4,4,0,2,0,0,,,,,,,,,,,1237.750000,
17.887917,1785205564.853016138,idle,0,0,-20,press_SPACE_to_start_straight_only,37,0,1,0,0,0,1,2,0,0,,,,,,,,,,,1228.000000,
17.975778,1785205564.967215061,idle,0,0,-20,press_SPACE_to_start_straight_only,41,0,1,1,4,1,0,2,0,0,,,,,,,,,,,1240.000000,
18.064127,1785205565.082256794,idle,0,0,-20,press_SPACE_to_start_straight_only,39,0,1,1,4,2,0,2,0,0,,,,,,,,,,,1238.250000,
18.150719,1785205565.082256794,idle,0,0,-20,press_SPACE_to_start_straight_only,39,0,1,1,4,2,0,2,0,0,,,,,,,,,,,1238.250000,
18.237188,1785205565.193565845,idle,0,0,-20,press_SPACE_to_start_straight_only,40,0,1,1,5,3,0,2,0,0,,,,,,,,,,,1240.000000,
18.329074,1785205565.308039904,idle,0,0,-20,press_SPACE_to_start_straight_only,37,0,1,0,0,0,1,2,0,0,,,,,,,,,,,1234.500000,
18.416482,1785205565.422955036,idle,0,0,-20,press_SPACE_to_start_straight_only,38,0,1,1,3,1,0,2,0,0,,,,,,,,,,,1241.750000,
18.503622,1785205565.533962011,idle,0,0,-20,press_SPACE_to_start_straight_only,40,0,1,1,3,2,0,2,0,0,,,,,,,,,,,1244.250000,
18.590758,1785205565.533962011,idle,0,0,-20,press_SPACE_to_start_straight_only,40,0,1,1,3,2,0,2,0,0,,,,,,,,,,,1244.250000,
18.678353,1785205565.648823977,idle,0,0,-20,press_SPACE_to_start_straight_only,35,0,1,0,0,0,1,2,0,0,,,,,,,,,,,1245.250000,
18.765473,1785205565.762472868,idle,0,0,-20,press_SPACE_to_start_straight_only,39,0,1,0,0,0,2,2,0,0,,,,,,,,,,,1231.250000,
18.858376,1785205565.873899937,idle,0,0,-20,press_SPACE_to_start_straight_only,37,0,0,0,0,0,3,2,0,0,,,,,,,,,,,1250.250000,
18.945875,1785205565.873899937,idle,0,0,-20,press_SPACE_to_start_straight_only,37,0,0,0,0,0,3,2,0,0,,,,,,,,,,,1250.250000,
19.029897,1785205565.989630938,idle,0,0,-20,press_SPACE_to_start_straight_only,36,0,0,0,0,0,4,2,0,0,,,,,,,,,,,1245.500000,
19.118517,1785205566.103893042,idle,0,0,-20,press_SPACE_to_start_straight_only,37,0,0,1,3,1,0,2,0,0,,,,,,,,,,,1231.250000,
19.202954,1785205566.215024948,idle,0,0,-20,press_SPACE_to_start_straight_only,39,0,0,0,0,0,1,2,0,0,,,,,,,,,,,,
19.289822,1785205566.329872847,idle,0,0,-20,press_SPACE_to_start_straight_only,39,0,0,1,3,1,0,2,0,0,,,,,,,,,,,1235.000000,
